user_id,variant,experiment_name,assigned_at
1,control,onboarding_checklist_v1,2025-01-17
2,control,onboarding_checklist_v1,2025-05-21
3,treatment,onboarding_checklist_v1,2025-04-29
4,control,onboarding_checklist_v1,2025-03-21
5,control,onboarding_checklist_v1,2025-03-20
6,control,onboarding_checklist_v1,2025-06-05
7,treatment,onboarding_checklist_v1,2025-01-16
8,treatment,onboarding_checklist_v1,2025-05-07
9,treatment,onboarding_checklist_v1,2025-02-06
10,treatment,onboarding_checklist_v1,2025-01-18
11,treatment,onboarding_checklist_v1,2025-04-06
12,treatment,onboarding_checklist_v1,2025-06-26
13,control,onboarding_checklist_v1,2025-05-14
14,treatment,onboarding_checklist_v1,2025-05-18
15,control,onboarding_checklist_v1,2025-05-10
16,control,onboarding_checklist_v1,2025-05-23
17,control,onboarding_checklist_v1,2025-04-03
18,treatment,onboarding_checklist_v1,2025-01-24
19,treatment,onboarding_checklist_v1,2025-06-01
20,treatment,onboarding_checklist_v1,2025-03-23
21,treatment,onboarding_checklist_v1,2025-04-01
22,treatment,onboarding_checklist_v1,2025-03-09
23,control,onboarding_checklist_v1,2025-02-03
24,treatment,onboarding_checklist_v1,2025-06-17
25,treatment,onboarding_checklist_v1,2025-05-22
26,treatment,onboarding_checklist_v1,2025-04-27
27,control,onboarding_checklist_v1,2025-03-14
28,control,onboarding_checklist_v1,2025-05-29
29,treatment,onboarding_checklist_v1,2025-04-09
30,control,onboarding_checklist_v1,2025-03-22
31,control,onboarding_checklist_v1,2025-03-23
32,control,onboarding_checklist_v1,2025-02-11
33,control,onboarding_checklist_v1,2025-01-17
34,control,onboarding_checklist_v1,2025-04-11
35,treatment,onboarding_checklist_v1,2025-06-10
36,treatment,onboarding_checklist_v1,2025-01-12
37,treatment,onboarding_checklist_v1,2025-06-05
38,control,onboarding_checklist_v1,2025-05-30
39,control,onboarding_checklist_v1,2025-02-20
40,control,onboarding_checklist_v1,2025-04-25
41,control,onboarding_checklist_v1,2025-01-30
42,control,onboarding_checklist_v1,2025-05-18
43,treatment,onboarding_checklist_v1,2025-05-07
44,treatment,onboarding_checklist_v1,2025-03-06
45,treatment,onboarding_checklist_v1,2025-01-13
46,control,onboarding_checklist_v1,2025-06-25
47,control,onboarding_checklist_v1,2025-03-22
48,control,onboarding_checklist_v1,2025-06-11
49,control,onboarding_checklist_v1,2025-05-03
50,treatment,onboarding_checklist_v1,2025-05-21
51,control,onboarding_checklist_v1,2025-05-18
52,treatment,onboarding_checklist_v1,2025-02-05
53,treatment,onboarding_checklist_v1,2025-03-07
54,control,onboarding_checklist_v1,2025-03-26
55,control,onboarding_checklist_v1,2025-04-01
56,control,onboarding_checklist_v1,2025-01-08
57,control,onboarding_checklist_v1,2025-04-09
58,treatment,onboarding_checklist_v1,2025-01-28
59,treatment,onboarding_checklist_v1,2025-05-15
60,treatment,onboarding_checklist_v1,2025-05-04
61,treatment,onboarding_checklist_v1,2025-06-16
62,control,onboarding_checklist_v1,2025-05-15
63,control,onboarding_checklist_v1,2025-03-08
64,control,onboarding_checklist_v1,2025-06-25
65,control,onboarding_checklist_v1,2025-03-16
66,treatment,onboarding_checklist_v1,2025-02-28
67,control,onboarding_checklist_v1,2025-06-13
68,control,onboarding_checklist_v1,2025-03-09
69,control,onboarding_checklist_v1,2025-01-14
70,control,onboarding_checklist_v1,2025-03-26
71,treatment,onboarding_checklist_v1,2025-05-25
72,control,onboarding_checklist_v1,2025-02-04
73,control,onboarding_checklist_v1,2025-03-25
74,control,onboarding_checklist_v1,2025-01-24
75,treatment,onboarding_checklist_v1,2025-05-05
76,treatment,onboarding_checklist_v1,2025-03-28
77,treatment,onboarding_checklist_v1,2025-03-01
78,control,onboarding_checklist_v1,2025-02-11
79,control,onboarding_checklist_v1,2025-04-13
80,treatment,onboarding_checklist_v1,2025-05-02
81,control,onboarding_checklist_v1,2025-06-20
82,control,onboarding_checklist_v1,2025-03-21
83,treatment,onboarding_checklist_v1,2025-01-30
84,control,onboarding_checklist_v1,2025-05-31
85,control,onboarding_checklist_v1,2025-04-24
86,treatment,onboarding_checklist_v1,2025-05-07
87,control,onboarding_checklist_v1,2025-01-18
88,control,onboarding_checklist_v1,2025-02-26
89,control,onboarding_checklist_v1,2025-05-19
90,treatment,onboarding_checklist_v1,2025-05-31
91,control,onboarding_checklist_v1,2025-03-20
92,control,onboarding_checklist_v1,2025-05-26
93,treatment,onboarding_checklist_v1,2025-06-02
94,treatment,onboarding_checklist_v1,2025-03-12
95,treatment,onboarding_checklist_v1,2025-06-12
96,control,onboarding_checklist_v1,2025-02-22
97,control,onboarding_checklist_v1,2025-02-13
98,treatment,onboarding_checklist_v1,2025-05-04
99,treatment,onboarding_checklist_v1,2025-04-26
100,control,onboarding_checklist_v1,2025-01-26
101,treatment,onboarding_checklist_v1,2025-05-31
102,control,onboarding_checklist_v1,2025-02-06
103,treatment,onboarding_checklist_v1,2025-05-26
104,treatment,onboarding_checklist_v1,2025-01-02
105,control,onboarding_checklist_v1,2025-05-25
106,treatment,onboarding_checklist_v1,2025-05-23
107,treatment,onboarding_checklist_v1,2025-05-22
108,control,onboarding_checklist_v1,2025-05-01
109,control,onboarding_checklist_v1,2025-03-27
110,treatment,onboarding_checklist_v1,2025-05-08
111,control,onboarding_checklist_v1,2025-02-20
112,control,onboarding_checklist_v1,2025-05-22
113,control,onboarding_checklist_v1,2025-04-11
114,treatment,onboarding_checklist_v1,2025-03-25
115,control,onboarding_checklist_v1,2025-04-02
116,treatment,onboarding_checklist_v1,2025-04-13
117,control,onboarding_checklist_v1,2025-01-07
118,control,onboarding_checklist_v1,2025-01-26
119,treatment,onboarding_checklist_v1,2025-02-14
120,control,onboarding_checklist_v1,2025-01-21
121,control,onboarding_checklist_v1,2025-03-21
122,control,onboarding_checklist_v1,2025-05-01
123,treatment,onboarding_checklist_v1,2025-04-29
124,control,onboarding_checklist_v1,2025-03-27
125,control,onboarding_checklist_v1,2025-06-04
126,control,onboarding_checklist_v1,2025-04-13
127,control,onboarding_checklist_v1,2025-01-15
128,control,onboarding_checklist_v1,2025-05-19
129,treatment,onboarding_checklist_v1,2025-04-15
130,control,onboarding_checklist_v1,2025-04-25
131,control,onboarding_checklist_v1,2025-04-13
132,treatment,onboarding_checklist_v1,2025-04-11
133,treatment,onboarding_checklist_v1,2025-01-17
134,control,onboarding_checklist_v1,2025-04-12
135,control,onboarding_checklist_v1,2025-05-24
136,control,onboarding_checklist_v1,2025-02-25
137,treatment,onboarding_checklist_v1,2025-04-20
138,control,onboarding_checklist_v1,2025-01-06
139,control,onboarding_checklist_v1,2025-03-04
140,control,onboarding_checklist_v1,2025-03-21
141,control,onboarding_checklist_v1,2025-06-27
142,control,onboarding_checklist_v1,2025-02-08
143,control,onboarding_checklist_v1,2025-02-20
144,treatment,onboarding_checklist_v1,2025-03-15
145,treatment,onboarding_checklist_v1,2025-06-29
146,treatment,onboarding_checklist_v1,2025-06-04
147,treatment,onboarding_checklist_v1,2025-01-07
148,control,onboarding_checklist_v1,2025-02-12
149,treatment,onboarding_checklist_v1,2025-05-29
150,treatment,onboarding_checklist_v1,2025-01-11
151,treatment,onboarding_checklist_v1,2025-06-04
152,treatment,onboarding_checklist_v1,2025-02-20
153,control,onboarding_checklist_v1,2025-06-16
154,control,onboarding_checklist_v1,2025-02-23
155,control,onboarding_checklist_v1,2025-03-20
156,control,onboarding_checklist_v1,2025-04-30
157,control,onboarding_checklist_v1,2025-01-23
158,control,onboarding_checklist_v1,2025-04-11
159,control,onboarding_checklist_v1,2025-04-02
160,treatment,onboarding_checklist_v1,2025-05-22
161,treatment,onboarding_checklist_v1,2025-06-30
162,treatment,onboarding_checklist_v1,2025-05-01
163,control,onboarding_checklist_v1,2025-03-16
164,treatment,onboarding_checklist_v1,2025-03-15
165,treatment,onboarding_checklist_v1,2025-03-17
166,treatment,onboarding_checklist_v1,2025-05-28
167,treatment,onboarding_checklist_v1,2025-02-28
168,control,onboarding_checklist_v1,2025-01-31
169,control,onboarding_checklist_v1,2025-03-02
170,treatment,onboarding_checklist_v1,2025-01-05
171,treatment,onboarding_checklist_v1,2025-01-20
172,control,onboarding_checklist_v1,2025-01-17
173,control,onboarding_checklist_v1,2025-05-20
174,control,onboarding_checklist_v1,2025-05-11
175,control,onboarding_checklist_v1,2025-05-07
176,treatment,onboarding_checklist_v1,2025-03-25
177,treatment,onboarding_checklist_v1,2025-05-10
178,control,onboarding_checklist_v1,2025-01-30
179,control,onboarding_checklist_v1,2025-06-13
180,control,onboarding_checklist_v1,2025-04-01
181,control,onboarding_checklist_v1,2025-06-19
182,treatment,onboarding_checklist_v1,2025-01-28
183,treatment,onboarding_checklist_v1,2025-04-01
184,treatment,onboarding_checklist_v1,2025-05-07
185,control,onboarding_checklist_v1,2025-03-31
186,treatment,onboarding_checklist_v1,2025-03-22
187,treatment,onboarding_checklist_v1,2025-01-31
188,control,onboarding_checklist_v1,2025-03-10
189,treatment,onboarding_checklist_v1,2025-02-13
190,treatment,onboarding_checklist_v1,2025-02-24
191,treatment,onboarding_checklist_v1,2025-05-04
192,control,onboarding_checklist_v1,2025-04-25
193,control,onboarding_checklist_v1,2025-04-20
194,control,onboarding_checklist_v1,2025-03-07
195,control,onboarding_checklist_v1,2025-06-23
196,control,onboarding_checklist_v1,2025-01-16
197,treatment,onboarding_checklist_v1,2025-03-04
198,control,onboarding_checklist_v1,2025-01-22
199,control,onboarding_checklist_v1,2025-03-03
200,treatment,onboarding_checklist_v1,2025-06-24
201,treatment,onboarding_checklist_v1,2025-03-08
202,control,onboarding_checklist_v1,2025-06-14
203,treatment,onboarding_checklist_v1,2025-03-31
204,control,onboarding_checklist_v1,2025-05-07
205,control,onboarding_checklist_v1,2025-03-24
206,treatment,onboarding_checklist_v1,2025-02-18
207,control,onboarding_checklist_v1,2025-05-19
208,control,onboarding_checklist_v1,2025-06-25
209,control,onboarding_checklist_v1,2025-02-17
210,treatment,onboarding_checklist_v1,2025-05-21
211,control,onboarding_checklist_v1,2025-02-17
212,treatment,onboarding_checklist_v1,2025-05-10
213,control,onboarding_checklist_v1,2025-05-23
214,treatment,onboarding_checklist_v1,2025-03-23
215,control,onboarding_checklist_v1,2025-05-14
216,control,onboarding_checklist_v1,2025-02-19
217,treatment,onboarding_checklist_v1,2025-01-15
218,treatment,onboarding_checklist_v1,2025-01-18
219,control,onboarding_checklist_v1,2025-03-22
220,control,onboarding_checklist_v1,2025-06-13
221,control,onboarding_checklist_v1,2025-01-24
222,control,onboarding_checklist_v1,2025-03-24
223,treatment,onboarding_checklist_v1,2025-05-08
224,control,onboarding_checklist_v1,2025-02-06
225,treatment,onboarding_checklist_v1,2025-05-11
226,control,onboarding_checklist_v1,2025-02-25
227,control,onboarding_checklist_v1,2025-05-27
228,control,onboarding_checklist_v1,2025-04-15
229,control,onboarding_checklist_v1,2025-04-09
230,control,onboarding_checklist_v1,2025-02-01
231,treatment,onboarding_checklist_v1,2025-03-25
232,control,onboarding_checklist_v1,2025-06-05
233,treatment,onboarding_checklist_v1,2025-01-04
234,control,onboarding_checklist_v1,2025-05-18
235,control,onboarding_checklist_v1,2025-03-31
236,control,onboarding_checklist_v1,2025-05-11
237,control,onboarding_checklist_v1,2025-05-01
238,treatment,onboarding_checklist_v1,2025-03-20
239,treatment,onboarding_checklist_v1,2025-02-25
240,treatment,onboarding_checklist_v1,2025-04-24
241,treatment,onboarding_checklist_v1,2025-01-26
242,control,onboarding_checklist_v1,2025-04-16
243,control,onboarding_checklist_v1,2025-01-18
244,treatment,onboarding_checklist_v1,2025-04-28
245,control,onboarding_checklist_v1,2025-04-24
246,control,onboarding_checklist_v1,2025-01-16
247,treatment,onboarding_checklist_v1,2025-05-18
248,treatment,onboarding_checklist_v1,2025-03-17
249,treatment,onboarding_checklist_v1,2025-05-23
250,control,onboarding_checklist_v1,2025-01-08
251,treatment,onboarding_checklist_v1,2025-02-02
252,control,onboarding_checklist_v1,2025-03-31
253,control,onboarding_checklist_v1,2025-02-04
254,control,onboarding_checklist_v1,2025-03-01
255,treatment,onboarding_checklist_v1,2025-04-30
256,treatment,onboarding_checklist_v1,2025-01-27
257,treatment,onboarding_checklist_v1,2025-05-03
258,control,onboarding_checklist_v1,2025-01-19
259,control,onboarding_checklist_v1,2025-02-01
260,control,onboarding_checklist_v1,2025-04-17
261,treatment,onboarding_checklist_v1,2025-05-24
262,control,onboarding_checklist_v1,2025-01-31
263,control,onboarding_checklist_v1,2025-02-24
264,treatment,onboarding_checklist_v1,2025-06-17
265,control,onboarding_checklist_v1,2025-06-29
266,treatment,onboarding_checklist_v1,2025-04-16
267,control,onboarding_checklist_v1,2025-03-22
268,treatment,onboarding_checklist_v1,2025-03-04
269,control,onboarding_checklist_v1,2025-04-21
270,control,onboarding_checklist_v1,2025-04-17
271,control,onboarding_checklist_v1,2025-02-23
272,control,onboarding_checklist_v1,2025-01-05
273,treatment,onboarding_checklist_v1,2025-01-28
274,control,onboarding_checklist_v1,2025-06-23
275,control,onboarding_checklist_v1,2025-03-17
276,treatment,onboarding_checklist_v1,2025-03-29
277,control,onboarding_checklist_v1,2025-03-26
278,treatment,onboarding_checklist_v1,2025-05-22
279,treatment,onboarding_checklist_v1,2025-01-12
280,control,onboarding_checklist_v1,2025-01-15
281,treatment,onboarding_checklist_v1,2025-02-19
282,control,onboarding_checklist_v1,2025-03-30
283,control,onboarding_checklist_v1,2025-05-02
284,control,onboarding_checklist_v1,2025-03-30
285,treatment,onboarding_checklist_v1,2025-03-21
286,treatment,onboarding_checklist_v1,2025-06-19
287,treatment,onboarding_checklist_v1,2025-01-30
288,treatment,onboarding_checklist_v1,2025-04-14
289,control,onboarding_checklist_v1,2025-04-09
290,treatment,onboarding_checklist_v1,2025-03-27
291,treatment,onboarding_checklist_v1,2025-05-27
292,treatment,onboarding_checklist_v1,2025-02-18
293,treatment,onboarding_checklist_v1,2025-06-22
294,treatment,onboarding_checklist_v1,2025-03-02
295,control,onboarding_checklist_v1,2025-04-09
296,treatment,onboarding_checklist_v1,2025-04-05
297,treatment,onboarding_checklist_v1,2025-06-03
298,treatment,onboarding_checklist_v1,2025-03-21
299,control,onboarding_checklist_v1,2025-02-21
300,treatment,onboarding_checklist_v1,2025-01-04
301,control,onboarding_checklist_v1,2025-03-07
302,control,onboarding_checklist_v1,2025-05-30
303,treatment,onboarding_checklist_v1,2025-01-02
304,control,onboarding_checklist_v1,2025-06-12
305,treatment,onboarding_checklist_v1,2025-04-09
306,control,onboarding_checklist_v1,2025-01-26
307,treatment,onboarding_checklist_v1,2025-02-24
308,treatment,onboarding_checklist_v1,2025-04-11
309,control,onboarding_checklist_v1,2025-02-27
310,treatment,onboarding_checklist_v1,2025-01-20
311,control,onboarding_checklist_v1,2025-05-01
312,treatment,onboarding_checklist_v1,2025-05-02
313,treatment,onboarding_checklist_v1,2025-01-22
314,control,onboarding_checklist_v1,2025-02-20
315,treatment,onboarding_checklist_v1,2025-02-14
316,treatment,onboarding_checklist_v1,2025-04-30
317,treatment,onboarding_checklist_v1,2025-05-13
318,treatment,onboarding_checklist_v1,2025-05-12
319,control,onboarding_checklist_v1,2025-06-19
320,treatment,onboarding_checklist_v1,2025-05-20
321,control,onboarding_checklist_v1,2025-02-28
322,control,onboarding_checklist_v1,2025-01-20
323,treatment,onboarding_checklist_v1,2025-04-22
324,control,onboarding_checklist_v1,2025-06-15
325,treatment,onboarding_checklist_v1,2025-06-26
326,control,onboarding_checklist_v1,2025-02-11
327,treatment,onboarding_checklist_v1,2025-02-12
328,treatment,onboarding_checklist_v1,2025-01-07
329,control,onboarding_checklist_v1,2025-01-26
330,control,onboarding_checklist_v1,2025-04-11
331,control,onboarding_checklist_v1,2025-04-09
332,treatment,onboarding_checklist_v1,2025-03-09
333,treatment,onboarding_checklist_v1,2025-02-26
334,control,onboarding_checklist_v1,2025-05-31
335,treatment,onboarding_checklist_v1,2025-03-25
336,control,onboarding_checklist_v1,2025-05-27
337,control,onboarding_checklist_v1,2025-06-24
338,control,onboarding_checklist_v1,2025-02-27
339,control,onboarding_checklist_v1,2025-02-06
340,treatment,onboarding_checklist_v1,2025-06-22
341,treatment,onboarding_checklist_v1,2025-04-25
342,treatment,onboarding_checklist_v1,2025-02-22
343,treatment,onboarding_checklist_v1,2025-04-23
344,control,onboarding_checklist_v1,2025-04-04
345,control,onboarding_checklist_v1,2025-06-13
346,treatment,onboarding_checklist_v1,2025-02-16
347,treatment,onboarding_checklist_v1,2025-06-29
348,treatment,onboarding_checklist_v1,2025-06-19
349,control,onboarding_checklist_v1,2025-02-02
350,treatment,onboarding_checklist_v1,2025-01-30
351,treatment,onboarding_checklist_v1,2025-04-07
352,treatment,onboarding_checklist_v1,2025-01-09
353,treatment,onboarding_checklist_v1,2025-02-24
354,control,onboarding_checklist_v1,2025-03-20
355,control,onboarding_checklist_v1,2025-06-25
356,control,onboarding_checklist_v1,2025-06-29
357,control,onboarding_checklist_v1,2025-01-28
358,treatment,onboarding_checklist_v1,2025-06-11
359,treatment,onboarding_checklist_v1,2025-01-17
360,control,onboarding_checklist_v1,2025-05-16
361,control,onboarding_checklist_v1,2025-06-03
362,treatment,onboarding_checklist_v1,2025-06-11
363,treatment,onboarding_checklist_v1,2025-02-10
364,control,onboarding_checklist_v1,2025-06-11
365,treatment,onboarding_checklist_v1,2025-01-21
366,control,onboarding_checklist_v1,2025-04-04
367,control,onboarding_checklist_v1,2025-03-26
368,control,onboarding_checklist_v1,2025-02-27
369,treatment,onboarding_checklist_v1,2025-01-05
370,treatment,onboarding_checklist_v1,2025-05-20
371,treatment,onboarding_checklist_v1,2025-03-02
372,control,onboarding_checklist_v1,2025-04-30
373,treatment,onboarding_checklist_v1,2025-03-16
374,treatment,onboarding_checklist_v1,2025-03-09
375,control,onboarding_checklist_v1,2025-06-10
376,control,onboarding_checklist_v1,2025-01-18
377,control,onboarding_checklist_v1,2025-05-14
378,treatment,onboarding_checklist_v1,2025-05-16
379,control,onboarding_checklist_v1,2025-03-10
380,control,onboarding_checklist_v1,2025-02-17
381,treatment,onboarding_checklist_v1,2025-01-01
382,treatment,onboarding_checklist_v1,2025-06-19
383,treatment,onboarding_checklist_v1,2025-06-21
384,treatment,onboarding_checklist_v1,2025-02-13
385,control,onboarding_checklist_v1,2025-01-06
386,treatment,onboarding_checklist_v1,2025-01-23
387,control,onboarding_checklist_v1,2025-01-13
388,control,onboarding_checklist_v1,2025-05-31
389,treatment,onboarding_checklist_v1,2025-06-11
390,control,onboarding_checklist_v1,2025-01-28
391,control,onboarding_checklist_v1,2025-05-16
392,treatment,onboarding_checklist_v1,2025-02-02
393,control,onboarding_checklist_v1,2025-03-08
394,control,onboarding_checklist_v1,2025-04-19
395,treatment,onboarding_checklist_v1,2025-05-11
396,treatment,onboarding_checklist_v1,2025-06-08
397,treatment,onboarding_checklist_v1,2025-01-09
398,control,onboarding_checklist_v1,2025-02-05
399,treatment,onboarding_checklist_v1,2025-02-20
400,treatment,onboarding_checklist_v1,2025-02-26
401,control,onboarding_checklist_v1,2025-06-30
402,control,onboarding_checklist_v1,2025-05-21
403,control,onboarding_checklist_v1,2025-02-27
404,treatment,onboarding_checklist_v1,2025-06-25
405,control,onboarding_checklist_v1,2025-04-01
406,treatment,onboarding_checklist_v1,2025-04-01
407,treatment,onboarding_checklist_v1,2025-03-20
408,control,onboarding_checklist_v1,2025-01-27
409,treatment,onboarding_checklist_v1,2025-06-19
410,control,onboarding_checklist_v1,2025-01-03
411,control,onboarding_checklist_v1,2025-02-01
412,treatment,onboarding_checklist_v1,2025-02-11
413,control,onboarding_checklist_v1,2025-02-20
414,treatment,onboarding_checklist_v1,2025-01-24
415,treatment,onboarding_checklist_v1,2025-01-04
416,control,onboarding_checklist_v1,2025-05-03
417,control,onboarding_checklist_v1,2025-06-25
418,control,onboarding_checklist_v1,2025-01-23
419,treatment,onboarding_checklist_v1,2025-02-23
420,treatment,onboarding_checklist_v1,2025-04-02
421,control,onboarding_checklist_v1,2025-06-17
422,treatment,onboarding_checklist_v1,2025-05-06
423,treatment,onboarding_checklist_v1,2025-05-19
424,treatment,onboarding_checklist_v1,2025-04-16
425,control,onboarding_checklist_v1,2025-03-17
426,control,onboarding_checklist_v1,2025-02-06
427,control,onboarding_checklist_v1,2025-06-06
428,control,onboarding_checklist_v1,2025-05-26
429,control,onboarding_checklist_v1,2025-01-05
430,control,onboarding_checklist_v1,2025-05-10
431,control,onboarding_checklist_v1,2025-01-16
432,control,onboarding_checklist_v1,2025-05-14
433,control,onboarding_checklist_v1,2025-05-30
434,treatment,onboarding_checklist_v1,2025-01-24
435,treatment,onboarding_checklist_v1,2025-03-20
436,control,onboarding_checklist_v1,2025-01-23
437,treatment,onboarding_checklist_v1,2025-04-13
438,control,onboarding_checklist_v1,2025-06-17
439,treatment,onboarding_checklist_v1,2025-01-15
440,treatment,onboarding_checklist_v1,2025-03-13
441,control,onboarding_checklist_v1,2025-06-26
442,treatment,onboarding_checklist_v1,2025-02-24
443,treatment,onboarding_checklist_v1,2025-01-24
444,treatment,onboarding_checklist_v1,2025-03-30
445,control,onboarding_checklist_v1,2025-04-03
446,control,onboarding_checklist_v1,2025-04-30
447,treatment,onboarding_checklist_v1,2025-02-26
448,control,onboarding_checklist_v1,2025-06-22
449,treatment,onboarding_checklist_v1,2025-04-05
450,treatment,onboarding_checklist_v1,2025-02-21
451,control,onboarding_checklist_v1,2025-06-23
452,control,onboarding_checklist_v1,2025-06-17
453,control,onboarding_checklist_v1,2025-04-01
454,control,onboarding_checklist_v1,2025-01-05
455,treatment,onboarding_checklist_v1,2025-04-19
456,treatment,onboarding_checklist_v1,2025-04-11
457,control,onboarding_checklist_v1,2025-01-27
458,treatment,onboarding_checklist_v1,2025-04-25
459,treatment,onboarding_checklist_v1,2025-06-02
460,treatment,onboarding_checklist_v1,2025-01-20
461,control,onboarding_checklist_v1,2025-05-11
462,treatment,onboarding_checklist_v1,2025-01-26
463,treatment,onboarding_checklist_v1,2025-05-16
464,control,onboarding_checklist_v1,2025-03-17
465,treatment,onboarding_checklist_v1,2025-01-02
466,treatment,onboarding_checklist_v1,2025-06-24
467,control,onboarding_checklist_v1,2025-01-31
468,treatment,onboarding_checklist_v1,2025-04-18
469,treatment,onboarding_checklist_v1,2025-02-02
470,treatment,onboarding_checklist_v1,2025-06-18
471,control,onboarding_checklist_v1,2025-05-14
472,treatment,onboarding_checklist_v1,2025-05-26
473,treatment,onboarding_checklist_v1,2025-03-20
474,treatment,onboarding_checklist_v1,2025-03-26
475,control,onboarding_checklist_v1,2025-04-25
476,control,onboarding_checklist_v1,2025-05-23
477,treatment,onboarding_checklist_v1,2025-06-03
478,control,onboarding_checklist_v1,2025-01-04
479,control,onboarding_checklist_v1,2025-05-01
480,control,onboarding_checklist_v1,2025-01-20
481,treatment,onboarding_checklist_v1,2025-02-22
482,control,onboarding_checklist_v1,2025-05-31
483,treatment,onboarding_checklist_v1,2025-02-15
484,treatment,onboarding_checklist_v1,2025-05-25
485,treatment,onboarding_checklist_v1,2025-03-25
486,treatment,onboarding_checklist_v1,2025-02-12
487,control,onboarding_checklist_v1,2025-03-02
488,treatment,onboarding_checklist_v1,2025-04-07
489,control,onboarding_checklist_v1,2025-05-19
490,treatment,onboarding_checklist_v1,2025-04-20
491,control,onboarding_checklist_v1,2025-06-18
492,treatment,onboarding_checklist_v1,2025-06-07
493,treatment,onboarding_checklist_v1,2025-05-17
494,control,onboarding_checklist_v1,2025-04-20
495,treatment,onboarding_checklist_v1,2025-02-22
496,control,onboarding_checklist_v1,2025-03-16
497,control,onboarding_checklist_v1,2025-01-22
498,control,onboarding_checklist_v1,2025-03-09
499,control,onboarding_checklist_v1,2025-06-17
500,treatment,onboarding_checklist_v1,2025-03-19
501,treatment,onboarding_checklist_v1,2025-01-21
502,control,onboarding_checklist_v1,2025-04-28
503,treatment,onboarding_checklist_v1,2025-06-24
504,treatment,onboarding_checklist_v1,2025-06-07
505,treatment,onboarding_checklist_v1,2025-02-19
506,control,onboarding_checklist_v1,2025-03-24
507,treatment,onboarding_checklist_v1,2025-04-07
508,control,onboarding_checklist_v1,2025-02-14
509,treatment,onboarding_checklist_v1,2025-02-18
510,treatment,onboarding_checklist_v1,2025-02-12
511,treatment,onboarding_checklist_v1,2025-06-30
512,control,onboarding_checklist_v1,2025-05-16
513,control,onboarding_checklist_v1,2025-06-02
514,treatment,onboarding_checklist_v1,2025-05-28
515,control,onboarding_checklist_v1,2025-06-23
516,control,onboarding_checklist_v1,2025-01-20
517,treatment,onboarding_checklist_v1,2025-06-09
518,treatment,onboarding_checklist_v1,2025-01-13
519,control,onboarding_checklist_v1,2025-03-28
520,control,onboarding_checklist_v1,2025-04-18
521,treatment,onboarding_checklist_v1,2025-03-06
522,control,onboarding_checklist_v1,2025-01-27
523,control,onboarding_checklist_v1,2025-02-04
524,control,onboarding_checklist_v1,2025-05-30
525,control,onboarding_checklist_v1,2025-02-27
526,treatment,onboarding_checklist_v1,2025-02-26
527,control,onboarding_checklist_v1,2025-06-17
528,control,onboarding_checklist_v1,2025-01-27
529,treatment,onboarding_checklist_v1,2025-06-15
530,control,onboarding_checklist_v1,2025-06-16
531,control,onboarding_checklist_v1,2025-04-19
532,treatment,onboarding_checklist_v1,2025-01-30
533,treatment,onboarding_checklist_v1,2025-01-29
534,control,onboarding_checklist_v1,2025-02-21
535,control,onboarding_checklist_v1,2025-04-15
536,control,onboarding_checklist_v1,2025-01-28
537,control,onboarding_checklist_v1,2025-03-24
538,treatment,onboarding_checklist_v1,2025-01-21
539,treatment,onboarding_checklist_v1,2025-04-08
540,treatment,onboarding_checklist_v1,2025-01-04
541,treatment,onboarding_checklist_v1,2025-05-09
542,control,onboarding_checklist_v1,2025-01-11
543,treatment,onboarding_checklist_v1,2025-02-05
544,treatment,onboarding_checklist_v1,2025-02-01
545,control,onboarding_checklist_v1,2025-05-31
546,treatment,onboarding_checklist_v1,2025-01-10
547,control,onboarding_checklist_v1,2025-03-19
548,treatment,onboarding_checklist_v1,2025-04-17
549,treatment,onboarding_checklist_v1,2025-04-04
550,control,onboarding_checklist_v1,2025-05-04
551,treatment,onboarding_checklist_v1,2025-05-26
552,control,onboarding_checklist_v1,2025-03-13
553,treatment,onboarding_checklist_v1,2025-05-30
554,control,onboarding_checklist_v1,2025-02-27
555,control,onboarding_checklist_v1,2025-06-28
556,control,onboarding_checklist_v1,2025-04-02
557,treatment,onboarding_checklist_v1,2025-05-14
558,control,onboarding_checklist_v1,2025-06-08
559,treatment,onboarding_checklist_v1,2025-05-24
560,control,onboarding_checklist_v1,2025-06-04
561,control,onboarding_checklist_v1,2025-04-08
562,control,onboarding_checklist_v1,2025-01-08
563,control,onboarding_checklist_v1,2025-03-31
564,treatment,onboarding_checklist_v1,2025-02-02
565,control,onboarding_checklist_v1,2025-06-10
566,treatment,onboarding_checklist_v1,2025-02-12
567,treatment,onboarding_checklist_v1,2025-02-11
568,treatment,onboarding_checklist_v1,2025-02-15
569,treatment,onboarding_checklist_v1,2025-04-27
570,treatment,onboarding_checklist_v1,2025-04-14
571,treatment,onboarding_checklist_v1,2025-06-21
572,treatment,onboarding_checklist_v1,2025-03-17
573,treatment,onboarding_checklist_v1,2025-02-21
574,treatment,onboarding_checklist_v1,2025-01-09
575,control,onboarding_checklist_v1,2025-01-02
576,treatment,onboarding_checklist_v1,2025-03-09
577,control,onboarding_checklist_v1,2025-06-17
578,treatment,onboarding_checklist_v1,2025-04-05
579,treatment,onboarding_checklist_v1,2025-06-11
580,treatment,onboarding_checklist_v1,2025-01-19
581,treatment,onboarding_checklist_v1,2025-01-17
582,treatment,onboarding_checklist_v1,2025-05-31
583,treatment,onboarding_checklist_v1,2025-01-20
584,control,onboarding_checklist_v1,2025-01-10
585,control,onboarding_checklist_v1,2025-03-15
586,control,onboarding_checklist_v1,2025-06-17
587,control,onboarding_checklist_v1,2025-05-05
588,treatment,onboarding_checklist_v1,2025-01-18
589,treatment,onboarding_checklist_v1,2025-06-01
590,treatment,onboarding_checklist_v1,2025-06-02
591,control,onboarding_checklist_v1,2025-05-25
592,treatment,onboarding_checklist_v1,2025-06-13
593,control,onboarding_checklist_v1,2025-02-13
594,treatment,onboarding_checklist_v1,2025-06-27
595,treatment,onboarding_checklist_v1,2025-02-28
596,control,onboarding_checklist_v1,2025-05-26
597,control,onboarding_checklist_v1,2025-04-15
598,control,onboarding_checklist_v1,2025-05-22
599,control,onboarding_checklist_v1,2025-04-24
600,control,onboarding_checklist_v1,2025-04-27
601,control,onboarding_checklist_v1,2025-04-22
602,control,onboarding_checklist_v1,2025-05-21
603,control,onboarding_checklist_v1,2025-05-14
604,control,onboarding_checklist_v1,2025-01-25
605,treatment,onboarding_checklist_v1,2025-05-30
606,control,onboarding_checklist_v1,2025-04-08
607,treatment,onboarding_checklist_v1,2025-02-28
608,control,onboarding_checklist_v1,2025-04-04
609,control,onboarding_checklist_v1,2025-06-25
610,control,onboarding_checklist_v1,2025-06-05
611,treatment,onboarding_checklist_v1,2025-05-31
612,control,onboarding_checklist_v1,2025-03-25
613,treatment,onboarding_checklist_v1,2025-05-22
614,control,onboarding_checklist_v1,2025-03-11
615,treatment,onboarding_checklist_v1,2025-05-05
616,control,onboarding_checklist_v1,2025-04-26
617,control,onboarding_checklist_v1,2025-02-15
618,treatment,onboarding_checklist_v1,2025-02-18
619,control,onboarding_checklist_v1,2025-01-12
620,control,onboarding_checklist_v1,2025-01-26
621,treatment,onboarding_checklist_v1,2025-03-20
622,control,onboarding_checklist_v1,2025-03-28
623,control,onboarding_checklist_v1,2025-01-30
624,control,onboarding_checklist_v1,2025-03-17
625,control,onboarding_checklist_v1,2025-04-20
626,treatment,onboarding_checklist_v1,2025-02-12
627,treatment,onboarding_checklist_v1,2025-03-03
628,treatment,onboarding_checklist_v1,2025-03-08
629,control,onboarding_checklist_v1,2025-04-02
630,treatment,onboarding_checklist_v1,2025-03-08
631,treatment,onboarding_checklist_v1,2025-05-14
632,control,onboarding_checklist_v1,2025-03-01
633,treatment,onboarding_checklist_v1,2025-03-20
634,treatment,onboarding_checklist_v1,2025-03-10
635,treatment,onboarding_checklist_v1,2025-02-03
636,control,onboarding_checklist_v1,2025-05-05
637,control,onboarding_checklist_v1,2025-02-12
638,treatment,onboarding_checklist_v1,2025-02-23
639,treatment,onboarding_checklist_v1,2025-05-24
640,control,onboarding_checklist_v1,2025-06-21
641,control,onboarding_checklist_v1,2025-05-02
642,treatment,onboarding_checklist_v1,2025-06-15
643,control,onboarding_checklist_v1,2025-06-04
644,control,onboarding_checklist_v1,2025-03-29
645,treatment,onboarding_checklist_v1,2025-05-20
646,control,onboarding_checklist_v1,2025-03-01
647,control,onboarding_checklist_v1,2025-03-25
648,control,onboarding_checklist_v1,2025-04-07
649,treatment,onboarding_checklist_v1,2025-06-23
650,control,onboarding_checklist_v1,2025-06-03
651,treatment,onboarding_checklist_v1,2025-03-30
652,treatment,onboarding_checklist_v1,2025-04-29
653,treatment,onboarding_checklist_v1,2025-02-06
654,treatment,onboarding_checklist_v1,2025-05-26
655,treatment,onboarding_checklist_v1,2025-04-11
656,control,onboarding_checklist_v1,2025-04-07
657,treatment,onboarding_checklist_v1,2025-05-19
658,treatment,onboarding_checklist_v1,2025-04-25
659,treatment,onboarding_checklist_v1,2025-01-14
660,control,onboarding_checklist_v1,2025-02-22
661,control,onboarding_checklist_v1,2025-02-01
662,treatment,onboarding_checklist_v1,2025-05-14
663,control,onboarding_checklist_v1,2025-01-07
664,treatment,onboarding_checklist_v1,2025-02-06
665,control,onboarding_checklist_v1,2025-04-19
666,treatment,onboarding_checklist_v1,2025-05-06
667,treatment,onboarding_checklist_v1,2025-04-02
668,control,onboarding_checklist_v1,2025-06-05
669,control,onboarding_checklist_v1,2025-06-16
670,treatment,onboarding_checklist_v1,2025-01-24
671,control,onboarding_checklist_v1,2025-06-22
672,control,onboarding_checklist_v1,2025-04-22
673,treatment,onboarding_checklist_v1,2025-04-26
674,control,onboarding_checklist_v1,2025-01-18
675,treatment,onboarding_checklist_v1,2025-04-23
676,control,onboarding_checklist_v1,2025-05-12
677,control,onboarding_checklist_v1,2025-04-16
678,treatment,onboarding_checklist_v1,2025-01-16
679,control,onboarding_checklist_v1,2025-04-05
680,control,onboarding_checklist_v1,2025-06-19
681,treatment,onboarding_checklist_v1,2025-05-11
682,treatment,onboarding_checklist_v1,2025-01-25
683,treatment,onboarding_checklist_v1,2025-06-23
684,treatment,onboarding_checklist_v1,2025-06-23
685,control,onboarding_checklist_v1,2025-01-31
686,control,onboarding_checklist_v1,2025-05-25
687,treatment,onboarding_checklist_v1,2025-03-15
688,treatment,onboarding_checklist_v1,2025-04-18
689,treatment,onboarding_checklist_v1,2025-03-22
690,control,onboarding_checklist_v1,2025-05-22
691,control,onboarding_checklist_v1,2025-06-30
692,control,onboarding_checklist_v1,2025-05-24
693,treatment,onboarding_checklist_v1,2025-06-18
694,treatment,onboarding_checklist_v1,2025-06-21
695,control,onboarding_checklist_v1,2025-01-17
696,control,onboarding_checklist_v1,2025-02-15
697,control,onboarding_checklist_v1,2025-05-11
698,control,onboarding_checklist_v1,2025-04-17
699,treatment,onboarding_checklist_v1,2025-01-10
700,treatment,onboarding_checklist_v1,2025-01-18
701,control,onboarding_checklist_v1,2025-04-05
702,treatment,onboarding_checklist_v1,2025-04-22
703,treatment,onboarding_checklist_v1,2025-01-31
704,control,onboarding_checklist_v1,2025-02-01
705,control,onboarding_checklist_v1,2025-01-24
706,control,onboarding_checklist_v1,2025-04-13
707,control,onboarding_checklist_v1,2025-01-02
708,treatment,onboarding_checklist_v1,2025-04-14
709,treatment,onboarding_checklist_v1,2025-03-28
710,control,onboarding_checklist_v1,2025-03-26
711,control,onboarding_checklist_v1,2025-05-03
712,treatment,onboarding_checklist_v1,2025-04-05
713,control,onboarding_checklist_v1,2025-05-12
714,treatment,onboarding_checklist_v1,2025-05-19
715,treatment,onboarding_checklist_v1,2025-06-16
716,treatment,onboarding_checklist_v1,2025-05-25
717,treatment,onboarding_checklist_v1,2025-04-04
718,treatment,onboarding_checklist_v1,2025-03-31
719,treatment,onboarding_checklist_v1,2025-02-12
720,control,onboarding_checklist_v1,2025-04-19
721,control,onboarding_checklist_v1,2025-01-26
722,control,onboarding_checklist_v1,2025-06-18
723,control,onboarding_checklist_v1,2025-06-02
724,control,onboarding_checklist_v1,2025-01-22
725,control,onboarding_checklist_v1,2025-05-23
726,control,onboarding_checklist_v1,2025-01-22
727,control,onboarding_checklist_v1,2025-05-11
728,control,onboarding_checklist_v1,2025-01-16
729,treatment,onboarding_checklist_v1,2025-03-30
730,treatment,onboarding_checklist_v1,2025-04-30
731,treatment,onboarding_checklist_v1,2025-05-12
732,treatment,onboarding_checklist_v1,2025-03-17
733,treatment,onboarding_checklist_v1,2025-06-16
734,treatment,onboarding_checklist_v1,2025-05-21
735,control,onboarding_checklist_v1,2025-02-07
736,treatment,onboarding_checklist_v1,2025-05-02
737,control,onboarding_checklist_v1,2025-05-13
738,treatment,onboarding_checklist_v1,2025-03-02
739,treatment,onboarding_checklist_v1,2025-05-14
740,control,onboarding_checklist_v1,2025-06-12
741,treatment,onboarding_checklist_v1,2025-05-28
742,control,onboarding_checklist_v1,2025-05-19
743,control,onboarding_checklist_v1,2025-04-25
744,control,onboarding_checklist_v1,2025-02-18
745,control,onboarding_checklist_v1,2025-05-24
746,control,onboarding_checklist_v1,2025-03-07
747,treatment,onboarding_checklist_v1,2025-04-07
748,treatment,onboarding_checklist_v1,2025-02-26
749,control,onboarding_checklist_v1,2025-02-26
750,treatment,onboarding_checklist_v1,2025-01-29
751,control,onboarding_checklist_v1,2025-06-23
752,control,onboarding_checklist_v1,2025-01-27
753,treatment,onboarding_checklist_v1,2025-01-16
754,treatment,onboarding_checklist_v1,2025-06-19
755,control,onboarding_checklist_v1,2025-04-11
756,control,onboarding_checklist_v1,2025-03-21
757,treatment,onboarding_checklist_v1,2025-05-14
758,treatment,onboarding_checklist_v1,2025-03-11
759,control,onboarding_checklist_v1,2025-01-24
760,control,onboarding_checklist_v1,2025-05-13
761,control,onboarding_checklist_v1,2025-02-01
762,treatment,onboarding_checklist_v1,2025-04-11
763,treatment,onboarding_checklist_v1,2025-06-21
764,treatment,onboarding_checklist_v1,2025-06-19
765,control,onboarding_checklist_v1,2025-03-07
766,treatment,onboarding_checklist_v1,2025-05-22
767,treatment,onboarding_checklist_v1,2025-04-21
768,control,onboarding_checklist_v1,2025-03-28
769,treatment,onboarding_checklist_v1,2025-01-26
770,control,onboarding_checklist_v1,2025-03-10
771,control,onboarding_checklist_v1,2025-04-28
772,treatment,onboarding_checklist_v1,2025-06-28
773,control,onboarding_checklist_v1,2025-01-01
774,treatment,onboarding_checklist_v1,2025-05-10
775,treatment,onboarding_checklist_v1,2025-06-03
776,control,onboarding_checklist_v1,2025-06-22
777,control,onboarding_checklist_v1,2025-03-18
778,treatment,onboarding_checklist_v1,2025-01-22
779,control,onboarding_checklist_v1,2025-02-19
780,treatment,onboarding_checklist_v1,2025-06-03
781,control,onboarding_checklist_v1,2025-06-08
782,control,onboarding_checklist_v1,2025-04-26
783,treatment,onboarding_checklist_v1,2025-01-23
784,control,onboarding_checklist_v1,2025-01-23
785,treatment,onboarding_checklist_v1,2025-03-28
786,treatment,onboarding_checklist_v1,2025-04-17
787,control,onboarding_checklist_v1,2025-01-06
788,treatment,onboarding_checklist_v1,2025-05-05
789,treatment,onboarding_checklist_v1,2025-04-09
790,treatment,onboarding_checklist_v1,2025-01-03
791,control,onboarding_checklist_v1,2025-01-18
792,control,onboarding_checklist_v1,2025-03-24
793,treatment,onboarding_checklist_v1,2025-05-11
794,treatment,onboarding_checklist_v1,2025-05-30
795,treatment,onboarding_checklist_v1,2025-03-20
796,treatment,onboarding_checklist_v1,2025-02-23
797,treatment,onboarding_checklist_v1,2025-06-25
798,control,onboarding_checklist_v1,2025-03-24
799,treatment,onboarding_checklist_v1,2025-02-27
800,control,onboarding_checklist_v1,2025-03-22
801,control,onboarding_checklist_v1,2025-01-03
802,treatment,onboarding_checklist_v1,2025-02-24
803,control,onboarding_checklist_v1,2025-04-04
804,control,onboarding_checklist_v1,2025-06-16
805,treatment,onboarding_checklist_v1,2025-05-14
806,treatment,onboarding_checklist_v1,2025-05-22
807,treatment,onboarding_checklist_v1,2025-04-09
808,treatment,onboarding_checklist_v1,2025-01-21
809,control,onboarding_checklist_v1,2025-03-12
810,treatment,onboarding_checklist_v1,2025-06-30
811,control,onboarding_checklist_v1,2025-01-08
812,control,onboarding_checklist_v1,2025-06-09
813,control,onboarding_checklist_v1,2025-05-04
814,control,onboarding_checklist_v1,2025-02-21
815,treatment,onboarding_checklist_v1,2025-05-21
816,control,onboarding_checklist_v1,2025-06-01
817,treatment,onboarding_checklist_v1,2025-01-08
818,control,onboarding_checklist_v1,2025-01-20
819,control,onboarding_checklist_v1,2025-05-01
820,treatment,onboarding_checklist_v1,2025-06-30
821,treatment,onboarding_checklist_v1,2025-01-05
822,treatment,onboarding_checklist_v1,2025-05-01
823,control,onboarding_checklist_v1,2025-01-25
824,control,onboarding_checklist_v1,2025-04-28
825,treatment,onboarding_checklist_v1,2025-04-23
826,treatment,onboarding_checklist_v1,2025-01-17
827,control,onboarding_checklist_v1,2025-05-04
828,treatment,onboarding_checklist_v1,2025-06-12
829,treatment,onboarding_checklist_v1,2025-06-06
830,treatment,onboarding_checklist_v1,2025-01-06
831,control,onboarding_checklist_v1,2025-02-14
832,treatment,onboarding_checklist_v1,2025-02-13
833,control,onboarding_checklist_v1,2025-03-24
834,treatment,onboarding_checklist_v1,2025-01-26
835,control,onboarding_checklist_v1,2025-06-04
836,control,onboarding_checklist_v1,2025-05-21
837,control,onboarding_checklist_v1,2025-05-27
838,treatment,onboarding_checklist_v1,2025-02-05
839,treatment,onboarding_checklist_v1,2025-01-03
840,treatment,onboarding_checklist_v1,2025-06-14
841,treatment,onboarding_checklist_v1,2025-02-22
842,treatment,onboarding_checklist_v1,2025-04-29
843,treatment,onboarding_checklist_v1,2025-06-14
844,control,onboarding_checklist_v1,2025-01-07
845,treatment,onboarding_checklist_v1,2025-01-01
846,control,onboarding_checklist_v1,2025-01-01
847,control,onboarding_checklist_v1,2025-01-29
848,control,onboarding_checklist_v1,2025-01-10
849,control,onboarding_checklist_v1,2025-05-29
850,treatment,onboarding_checklist_v1,2025-04-20
851,treatment,onboarding_checklist_v1,2025-06-27
852,control,onboarding_checklist_v1,2025-05-26
853,treatment,onboarding_checklist_v1,2025-06-24
854,control,onboarding_checklist_v1,2025-02-13
855,control,onboarding_checklist_v1,2025-02-22
856,control,onboarding_checklist_v1,2025-06-03
857,control,onboarding_checklist_v1,2025-02-14
858,control,onboarding_checklist_v1,2025-01-11
859,control,onboarding_checklist_v1,2025-05-02
860,control,onboarding_checklist_v1,2025-05-25
861,control,onboarding_checklist_v1,2025-06-25
862,treatment,onboarding_checklist_v1,2025-06-17
863,control,onboarding_checklist_v1,2025-01-22
864,control,onboarding_checklist_v1,2025-05-20
865,treatment,onboarding_checklist_v1,2025-06-03
866,control,onboarding_checklist_v1,2025-05-07
867,treatment,onboarding_checklist_v1,2025-05-29
868,control,onboarding_checklist_v1,2025-06-01
869,treatment,onboarding_checklist_v1,2025-03-22
870,treatment,onboarding_checklist_v1,2025-01-08
871,treatment,onboarding_checklist_v1,2025-03-24
872,treatment,onboarding_checklist_v1,2025-02-06
873,control,onboarding_checklist_v1,2025-01-21
874,control,onboarding_checklist_v1,2025-01-23
875,control,onboarding_checklist_v1,2025-05-07
876,treatment,onboarding_checklist_v1,2025-04-02
877,control,onboarding_checklist_v1,2025-04-08
878,control,onboarding_checklist_v1,2025-05-15
879,treatment,onboarding_checklist_v1,2025-04-10
880,control,onboarding_checklist_v1,2025-04-25
881,control,onboarding_checklist_v1,2025-01-16
882,treatment,onboarding_checklist_v1,2025-06-04
883,control,onboarding_checklist_v1,2025-03-23
884,treatment,onboarding_checklist_v1,2025-01-29
885,treatment,onboarding_checklist_v1,2025-05-28
886,treatment,onboarding_checklist_v1,2025-05-13
887,control,onboarding_checklist_v1,2025-01-10
888,control,onboarding_checklist_v1,2025-02-04
889,treatment,onboarding_checklist_v1,2025-01-03
890,treatment,onboarding_checklist_v1,2025-02-19
891,treatment,onboarding_checklist_v1,2025-01-19
892,control,onboarding_checklist_v1,2025-05-09
893,control,onboarding_checklist_v1,2025-04-05
894,control,onboarding_checklist_v1,2025-06-27
895,control,onboarding_checklist_v1,2025-05-16
896,control,onboarding_checklist_v1,2025-04-21
897,treatment,onboarding_checklist_v1,2025-04-03
898,control,onboarding_checklist_v1,2025-01-10
899,treatment,onboarding_checklist_v1,2025-01-13
900,treatment,onboarding_checklist_v1,2025-04-22
901,control,onboarding_checklist_v1,2025-01-01
902,treatment,onboarding_checklist_v1,2025-01-08
903,treatment,onboarding_checklist_v1,2025-02-09
904,control,onboarding_checklist_v1,2025-06-10
905,control,onboarding_checklist_v1,2025-03-25
906,treatment,onboarding_checklist_v1,2025-05-09
907,treatment,onboarding_checklist_v1,2025-03-16
908,treatment,onboarding_checklist_v1,2025-02-01
909,treatment,onboarding_checklist_v1,2025-03-09
910,control,onboarding_checklist_v1,2025-01-17
911,treatment,onboarding_checklist_v1,2025-05-20
912,treatment,onboarding_checklist_v1,2025-02-03
913,treatment,onboarding_checklist_v1,2025-03-10
914,treatment,onboarding_checklist_v1,2025-06-27
915,treatment,onboarding_checklist_v1,2025-04-18
916,treatment,onboarding_checklist_v1,2025-03-24
917,control,onboarding_checklist_v1,2025-04-09
918,treatment,onboarding_checklist_v1,2025-05-22
919,control,onboarding_checklist_v1,2025-02-16
920,treatment,onboarding_checklist_v1,2025-04-26
921,treatment,onboarding_checklist_v1,2025-06-07
922,treatment,onboarding_checklist_v1,2025-04-14
923,control,onboarding_checklist_v1,2025-03-22
924,treatment,onboarding_checklist_v1,2025-01-27
925,control,onboarding_checklist_v1,2025-02-14
926,control,onboarding_checklist_v1,2025-06-21
927,control,onboarding_checklist_v1,2025-04-08
928,treatment,onboarding_checklist_v1,2025-02-24
929,control,onboarding_checklist_v1,2025-03-17
930,treatment,onboarding_checklist_v1,2025-04-15
931,control,onboarding_checklist_v1,2025-04-08
932,treatment,onboarding_checklist_v1,2025-05-07
933,treatment,onboarding_checklist_v1,2025-02-16
934,treatment,onboarding_checklist_v1,2025-04-28
935,treatment,onboarding_checklist_v1,2025-03-22
936,treatment,onboarding_checklist_v1,2025-06-20
937,treatment,onboarding_checklist_v1,2025-01-29
938,treatment,onboarding_checklist_v1,2025-01-27
939,control,onboarding_checklist_v1,2025-03-25
940,control,onboarding_checklist_v1,2025-04-03
941,treatment,onboarding_checklist_v1,2025-05-06
942,control,onboarding_checklist_v1,2025-03-15
943,treatment,onboarding_checklist_v1,2025-06-15
944,treatment,onboarding_checklist_v1,2025-03-27
945,control,onboarding_checklist_v1,2025-01-24
946,treatment,onboarding_checklist_v1,2025-01-22
947,treatment,onboarding_checklist_v1,2025-06-26
948,treatment,onboarding_checklist_v1,2025-01-25
949,treatment,onboarding_checklist_v1,2025-06-21
950,treatment,onboarding_checklist_v1,2025-02-20
951,treatment,onboarding_checklist_v1,2025-01-17
952,treatment,onboarding_checklist_v1,2025-02-25
953,control,onboarding_checklist_v1,2025-04-22
954,treatment,onboarding_checklist_v1,2025-03-19
955,treatment,onboarding_checklist_v1,2025-05-23
956,control,onboarding_checklist_v1,2025-04-21
957,control,onboarding_checklist_v1,2025-03-14
958,treatment,onboarding_checklist_v1,2025-04-25
959,control,onboarding_checklist_v1,2025-06-25
960,treatment,onboarding_checklist_v1,2025-03-16
961,control,onboarding_checklist_v1,2025-01-28
962,control,onboarding_checklist_v1,2025-03-15
963,treatment,onboarding_checklist_v1,2025-06-02
964,control,onboarding_checklist_v1,2025-02-09
965,control,onboarding_checklist_v1,2025-06-21
966,treatment,onboarding_checklist_v1,2025-04-17
967,treatment,onboarding_checklist_v1,2025-04-19
968,control,onboarding_checklist_v1,2025-02-27
969,treatment,onboarding_checklist_v1,2025-06-16
970,treatment,onboarding_checklist_v1,2025-01-07
971,treatment,onboarding_checklist_v1,2025-02-24
972,control,onboarding_checklist_v1,2025-03-17
973,control,onboarding_checklist_v1,2025-03-28
974,treatment,onboarding_checklist_v1,2025-03-27
975,treatment,onboarding_checklist_v1,2025-01-27
976,control,onboarding_checklist_v1,2025-02-10
977,treatment,onboarding_checklist_v1,2025-01-18
978,control,onboarding_checklist_v1,2025-04-14
979,treatment,onboarding_checklist_v1,2025-03-05
980,treatment,onboarding_checklist_v1,2025-04-13
981,treatment,onboarding_checklist_v1,2025-04-17
982,treatment,onboarding_checklist_v1,2025-05-08
983,control,onboarding_checklist_v1,2025-04-10
984,treatment,onboarding_checklist_v1,2025-04-28
985,control,onboarding_checklist_v1,2025-04-17
986,treatment,onboarding_checklist_v1,2025-04-29
987,treatment,onboarding_checklist_v1,2025-04-22
988,control,onboarding_checklist_v1,2025-02-27
989,control,onboarding_checklist_v1,2025-02-14
990,control,onboarding_checklist_v1,2025-05-23
991,control,onboarding_checklist_v1,2025-03-04
992,control,onboarding_checklist_v1,2025-04-10
993,treatment,onboarding_checklist_v1,2025-02-05
994,treatment,onboarding_checklist_v1,2025-03-20
995,treatment,onboarding_checklist_v1,2025-04-06
996,treatment,onboarding_checklist_v1,2025-04-24
997,treatment,onboarding_checklist_v1,2025-04-06
998,control,onboarding_checklist_v1,2025-03-07
999,treatment,onboarding_checklist_v1,2025-06-24
1000,treatment,onboarding_checklist_v1,2025-04-03
1001,treatment,onboarding_checklist_v1,2025-05-27
1002,treatment,onboarding_checklist_v1,2025-05-14
1003,treatment,onboarding_checklist_v1,2025-04-12
1004,treatment,onboarding_checklist_v1,2025-06-10
1005,treatment,onboarding_checklist_v1,2025-01-24
1006,control,onboarding_checklist_v1,2025-06-16
1007,treatment,onboarding_checklist_v1,2025-06-03
1008,control,onboarding_checklist_v1,2025-04-02
1009,control,onboarding_checklist_v1,2025-05-13
1010,treatment,onboarding_checklist_v1,2025-04-05
1011,control,onboarding_checklist_v1,2025-02-18
1012,treatment,onboarding_checklist_v1,2025-05-25
1013,control,onboarding_checklist_v1,2025-02-14
1014,treatment,onboarding_checklist_v1,2025-02-26
1015,control,onboarding_checklist_v1,2025-04-04
1016,treatment,onboarding_checklist_v1,2025-06-01
1017,control,onboarding_checklist_v1,2025-03-11
1018,control,onboarding_checklist_v1,2025-03-31
1019,control,onboarding_checklist_v1,2025-01-08
1020,treatment,onboarding_checklist_v1,2025-01-21
1021,treatment,onboarding_checklist_v1,2025-01-11
1022,treatment,onboarding_checklist_v1,2025-01-14
1023,control,onboarding_checklist_v1,2025-06-07
1024,control,onboarding_checklist_v1,2025-06-02
1025,control,onboarding_checklist_v1,2025-05-29
1026,treatment,onboarding_checklist_v1,2025-01-11
1027,treatment,onboarding_checklist_v1,2025-01-15
1028,control,onboarding_checklist_v1,2025-02-20
1029,treatment,onboarding_checklist_v1,2025-04-13
1030,treatment,onboarding_checklist_v1,2025-03-02
1031,control,onboarding_checklist_v1,2025-03-30
1032,control,onboarding_checklist_v1,2025-02-01
1033,control,onboarding_checklist_v1,2025-05-13
1034,control,onboarding_checklist_v1,2025-02-26
1035,control,onboarding_checklist_v1,2025-01-13
1036,treatment,onboarding_checklist_v1,2025-05-15
1037,control,onboarding_checklist_v1,2025-06-13
1038,treatment,onboarding_checklist_v1,2025-01-03
1039,treatment,onboarding_checklist_v1,2025-03-21
1040,treatment,onboarding_checklist_v1,2025-05-30
1041,treatment,onboarding_checklist_v1,2025-05-08
1042,control,onboarding_checklist_v1,2025-06-05
1043,control,onboarding_checklist_v1,2025-03-17
1044,control,onboarding_checklist_v1,2025-03-09
1045,treatment,onboarding_checklist_v1,2025-05-09
1046,treatment,onboarding_checklist_v1,2025-01-28
1047,control,onboarding_checklist_v1,2025-02-13
1048,control,onboarding_checklist_v1,2025-04-19
1049,treatment,onboarding_checklist_v1,2025-05-01
1050,control,onboarding_checklist_v1,2025-01-22
1051,treatment,onboarding_checklist_v1,2025-04-03
1052,control,onboarding_checklist_v1,2025-03-08
1053,control,onboarding_checklist_v1,2025-04-01
1054,control,onboarding_checklist_v1,2025-06-23
1055,control,onboarding_checklist_v1,2025-01-14
1056,control,onboarding_checklist_v1,2025-06-30
1057,treatment,onboarding_checklist_v1,2025-03-23
1058,control,onboarding_checklist_v1,2025-05-20
1059,treatment,onboarding_checklist_v1,2025-03-18
1060,control,onboarding_checklist_v1,2025-02-26
1061,control,onboarding_checklist_v1,2025-05-20
1062,control,onboarding_checklist_v1,2025-05-05
1063,control,onboarding_checklist_v1,2025-01-27
1064,control,onboarding_checklist_v1,2025-05-08
1065,control,onboarding_checklist_v1,2025-05-17
1066,treatment,onboarding_checklist_v1,2025-03-12
1067,treatment,onboarding_checklist_v1,2025-06-17
1068,treatment,onboarding_checklist_v1,2025-04-27
1069,control,onboarding_checklist_v1,2025-03-02
1070,treatment,onboarding_checklist_v1,2025-01-02
1071,treatment,onboarding_checklist_v1,2025-05-03
1072,control,onboarding_checklist_v1,2025-02-07
1073,control,onboarding_checklist_v1,2025-05-17
1074,treatment,onboarding_checklist_v1,2025-04-06
1075,treatment,onboarding_checklist_v1,2025-03-26
1076,control,onboarding_checklist_v1,2025-01-30
1077,control,onboarding_checklist_v1,2025-05-09
1078,treatment,onboarding_checklist_v1,2025-01-31
1079,control,onboarding_checklist_v1,2025-03-17
1080,treatment,onboarding_checklist_v1,2025-06-01
1081,treatment,onboarding_checklist_v1,2025-06-16
1082,treatment,onboarding_checklist_v1,2025-06-29
1083,treatment,onboarding_checklist_v1,2025-06-23
1084,control,onboarding_checklist_v1,2025-04-11
1085,treatment,onboarding_checklist_v1,2025-02-06
1086,treatment,onboarding_checklist_v1,2025-06-01
1087,treatment,onboarding_checklist_v1,2025-05-26
1088,control,onboarding_checklist_v1,2025-06-29
1089,control,onboarding_checklist_v1,2025-04-28
1090,control,onboarding_checklist_v1,2025-01-26
1091,control,onboarding_checklist_v1,2025-04-02
1092,treatment,onboarding_checklist_v1,2025-03-23
1093,treatment,onboarding_checklist_v1,2025-06-02
1094,treatment,onboarding_checklist_v1,2025-03-13
1095,treatment,onboarding_checklist_v1,2025-03-01
1096,control,onboarding_checklist_v1,2025-01-15
1097,control,onboarding_checklist_v1,2025-06-01
1098,control,onboarding_checklist_v1,2025-05-17
1099,control,onboarding_checklist_v1,2025-01-08
1100,control,onboarding_checklist_v1,2025-03-20
1101,control,onboarding_checklist_v1,2025-03-28
1102,control,onboarding_checklist_v1,2025-03-26
1103,treatment,onboarding_checklist_v1,2025-06-16
1104,control,onboarding_checklist_v1,2025-01-28
1105,control,onboarding_checklist_v1,2025-02-25
1106,control,onboarding_checklist_v1,2025-02-02
1107,treatment,onboarding_checklist_v1,2025-02-14
1108,treatment,onboarding_checklist_v1,2025-06-14
1109,control,onboarding_checklist_v1,2025-06-20
1110,control,onboarding_checklist_v1,2025-01-09
1111,treatment,onboarding_checklist_v1,2025-04-25
1112,treatment,onboarding_checklist_v1,2025-02-12
1113,treatment,onboarding_checklist_v1,2025-02-04
1114,treatment,onboarding_checklist_v1,2025-02-22
1115,treatment,onboarding_checklist_v1,2025-02-05
1116,treatment,onboarding_checklist_v1,2025-03-30
1117,control,onboarding_checklist_v1,2025-06-30
1118,treatment,onboarding_checklist_v1,2025-04-17
1119,control,onboarding_checklist_v1,2025-05-11
1120,treatment,onboarding_checklist_v1,2025-03-31
1121,control,onboarding_checklist_v1,2025-01-03
1122,control,onboarding_checklist_v1,2025-01-16
1123,treatment,onboarding_checklist_v1,2025-02-18
1124,treatment,onboarding_checklist_v1,2025-02-14
1125,control,onboarding_checklist_v1,2025-06-02
1126,treatment,onboarding_checklist_v1,2025-06-02
1127,control,onboarding_checklist_v1,2025-06-04
1128,control,onboarding_checklist_v1,2025-04-26
1129,treatment,onboarding_checklist_v1,2025-04-11
1130,control,onboarding_checklist_v1,2025-04-28
1131,control,onboarding_checklist_v1,2025-03-15
1132,treatment,onboarding_checklist_v1,2025-05-02
1133,control,onboarding_checklist_v1,2025-05-24
1134,control,onboarding_checklist_v1,2025-05-19
1135,control,onboarding_checklist_v1,2025-04-22
1136,treatment,onboarding_checklist_v1,2025-01-11
1137,control,onboarding_checklist_v1,2025-05-12
1138,control,onboarding_checklist_v1,2025-03-08
1139,treatment,onboarding_checklist_v1,2025-05-15
1140,control,onboarding_checklist_v1,2025-04-08
1141,control,onboarding_checklist_v1,2025-06-09
1142,treatment,onboarding_checklist_v1,2025-03-03
1143,treatment,onboarding_checklist_v1,2025-06-18
1144,control,onboarding_checklist_v1,2025-06-02
1145,treatment,onboarding_checklist_v1,2025-03-01
1146,treatment,onboarding_checklist_v1,2025-03-29
1147,control,onboarding_checklist_v1,2025-04-07
1148,treatment,onboarding_checklist_v1,2025-05-20
1149,treatment,onboarding_checklist_v1,2025-05-05
1150,treatment,onboarding_checklist_v1,2025-06-04
1151,treatment,onboarding_checklist_v1,2025-03-08
1152,treatment,onboarding_checklist_v1,2025-04-02
1153,treatment,onboarding_checklist_v1,2025-03-19
1154,treatment,onboarding_checklist_v1,2025-06-14
1155,treatment,onboarding_checklist_v1,2025-02-25
1156,treatment,onboarding_checklist_v1,2025-04-17
1157,treatment,onboarding_checklist_v1,2025-01-22
1158,treatment,onboarding_checklist_v1,2025-06-03
1159,control,onboarding_checklist_v1,2025-03-11
1160,control,onboarding_checklist_v1,2025-03-03
1161,treatment,onboarding_checklist_v1,2025-04-16
1162,control,onboarding_checklist_v1,2025-04-01
1163,treatment,onboarding_checklist_v1,2025-06-03
1164,treatment,onboarding_checklist_v1,2025-04-07
1165,treatment,onboarding_checklist_v1,2025-04-04
1166,control,onboarding_checklist_v1,2025-01-20
1167,treatment,onboarding_checklist_v1,2025-01-04
1168,control,onboarding_checklist_v1,2025-03-14
1169,treatment,onboarding_checklist_v1,2025-06-30
1170,control,onboarding_checklist_v1,2025-06-16
1171,treatment,onboarding_checklist_v1,2025-04-24
1172,treatment,onboarding_checklist_v1,2025-04-25
1173,treatment,onboarding_checklist_v1,2025-03-12
1174,treatment,onboarding_checklist_v1,2025-02-02
1175,control,onboarding_checklist_v1,2025-01-02
1176,control,onboarding_checklist_v1,2025-03-03
1177,control,onboarding_checklist_v1,2025-02-27
1178,treatment,onboarding_checklist_v1,2025-02-04
1179,treatment,onboarding_checklist_v1,2025-02-16
1180,control,onboarding_checklist_v1,2025-01-05
1181,control,onboarding_checklist_v1,2025-04-21
1182,control,onboarding_checklist_v1,2025-06-17
1183,treatment,onboarding_checklist_v1,2025-05-06
1184,control,onboarding_checklist_v1,2025-03-23
1185,control,onboarding_checklist_v1,2025-03-18
1186,control,onboarding_checklist_v1,2025-02-25
1187,control,onboarding_checklist_v1,2025-01-26
1188,control,onboarding_checklist_v1,2025-04-19
1189,control,onboarding_checklist_v1,2025-04-13
1190,treatment,onboarding_checklist_v1,2025-01-02
1191,treatment,onboarding_checklist_v1,2025-03-17
1192,control,onboarding_checklist_v1,2025-02-20
1193,treatment,onboarding_checklist_v1,2025-01-31
1194,control,onboarding_checklist_v1,2025-05-08
1195,treatment,onboarding_checklist_v1,2025-04-06
1196,treatment,onboarding_checklist_v1,2025-04-25
1197,control,onboarding_checklist_v1,2025-05-10
1198,treatment,onboarding_checklist_v1,2025-06-27
1199,treatment,onboarding_checklist_v1,2025-05-26
1200,treatment,onboarding_checklist_v1,2025-04-23
1201,control,onboarding_checklist_v1,2025-06-09
1202,control,onboarding_checklist_v1,2025-03-28
1203,control,onboarding_checklist_v1,2025-06-28
1204,treatment,onboarding_checklist_v1,2025-05-18
1205,treatment,onboarding_checklist_v1,2025-04-28
1206,control,onboarding_checklist_v1,2025-06-13
1207,treatment,onboarding_checklist_v1,2025-04-04
1208,control,onboarding_checklist_v1,2025-05-11
1209,control,onboarding_checklist_v1,2025-02-21
1210,treatment,onboarding_checklist_v1,2025-06-24
1211,treatment,onboarding_checklist_v1,2025-04-23
1212,treatment,onboarding_checklist_v1,2025-05-22
1213,treatment,onboarding_checklist_v1,2025-03-25
1214,treatment,onboarding_checklist_v1,2025-06-06
1215,treatment,onboarding_checklist_v1,2025-01-14
1216,control,onboarding_checklist_v1,2025-01-21
1217,treatment,onboarding_checklist_v1,2025-04-02
1218,treatment,onboarding_checklist_v1,2025-05-13
1219,control,onboarding_checklist_v1,2025-05-27
1220,control,onboarding_checklist_v1,2025-03-21
1221,control,onboarding_checklist_v1,2025-04-28
1222,control,onboarding_checklist_v1,2025-04-11
1223,treatment,onboarding_checklist_v1,2025-06-24
1224,control,onboarding_checklist_v1,2025-04-29
1225,treatment,onboarding_checklist_v1,2025-03-17
1226,control,onboarding_checklist_v1,2025-06-25
1227,control,onboarding_checklist_v1,2025-01-20
1228,control,onboarding_checklist_v1,2025-06-28
1229,control,onboarding_checklist_v1,2025-01-28
1230,treatment,onboarding_checklist_v1,2025-02-22
1231,control,onboarding_checklist_v1,2025-05-29
1232,control,onboarding_checklist_v1,2025-05-13
1233,control,onboarding_checklist_v1,2025-06-25
1234,control,onboarding_checklist_v1,2025-05-16
1235,treatment,onboarding_checklist_v1,2025-04-26
1236,treatment,onboarding_checklist_v1,2025-03-04
1237,control,onboarding_checklist_v1,2025-01-01
1238,treatment,onboarding_checklist_v1,2025-01-23
1239,control,onboarding_checklist_v1,2025-02-23
1240,treatment,onboarding_checklist_v1,2025-01-08
1241,treatment,onboarding_checklist_v1,2025-04-02
1242,control,onboarding_checklist_v1,2025-05-21
1243,treatment,onboarding_checklist_v1,2025-06-24
1244,treatment,onboarding_checklist_v1,2025-03-30
1245,control,onboarding_checklist_v1,2025-06-08
1246,treatment,onboarding_checklist_v1,2025-06-28
1247,treatment,onboarding_checklist_v1,2025-06-05
1248,control,onboarding_checklist_v1,2025-03-26
1249,treatment,onboarding_checklist_v1,2025-02-28
1250,treatment,onboarding_checklist_v1,2025-06-27
1251,treatment,onboarding_checklist_v1,2025-02-13
1252,treatment,onboarding_checklist_v1,2025-03-16
1253,treatment,onboarding_checklist_v1,2025-01-14
1254,treatment,onboarding_checklist_v1,2025-05-24
1255,treatment,onboarding_checklist_v1,2025-04-28
1256,control,onboarding_checklist_v1,2025-01-16
1257,control,onboarding_checklist_v1,2025-02-10
1258,treatment,onboarding_checklist_v1,2025-04-11
1259,treatment,onboarding_checklist_v1,2025-04-08
1260,control,onboarding_checklist_v1,2025-05-26
1261,treatment,onboarding_checklist_v1,2025-02-18
1262,treatment,onboarding_checklist_v1,2025-06-17
1263,treatment,onboarding_checklist_v1,2025-03-22
1264,control,onboarding_checklist_v1,2025-05-29
1265,treatment,onboarding_checklist_v1,2025-02-13
1266,control,onboarding_checklist_v1,2025-01-07
1267,control,onboarding_checklist_v1,2025-01-10
1268,treatment,onboarding_checklist_v1,2025-03-09
1269,treatment,onboarding_checklist_v1,2025-06-22
1270,control,onboarding_checklist_v1,2025-01-09
1271,treatment,onboarding_checklist_v1,2025-03-08
1272,treatment,onboarding_checklist_v1,2025-01-20
1273,control,onboarding_checklist_v1,2025-06-18
1274,control,onboarding_checklist_v1,2025-05-03
1275,treatment,onboarding_checklist_v1,2025-05-19
1276,treatment,onboarding_checklist_v1,2025-05-10
1277,control,onboarding_checklist_v1,2025-04-29
1278,treatment,onboarding_checklist_v1,2025-05-21
1279,treatment,onboarding_checklist_v1,2025-01-02
1280,treatment,onboarding_checklist_v1,2025-06-06
1281,treatment,onboarding_checklist_v1,2025-05-14
1282,control,onboarding_checklist_v1,2025-05-14
1283,control,onboarding_checklist_v1,2025-03-13
1284,control,onboarding_checklist_v1,2025-05-25
1285,treatment,onboarding_checklist_v1,2025-03-11
1286,treatment,onboarding_checklist_v1,2025-01-09
1287,treatment,onboarding_checklist_v1,2025-06-14
1288,control,onboarding_checklist_v1,2025-02-12
1289,treatment,onboarding_checklist_v1,2025-01-19
1290,control,onboarding_checklist_v1,2025-04-23
1291,control,onboarding_checklist_v1,2025-02-12
1292,control,onboarding_checklist_v1,2025-06-05
1293,treatment,onboarding_checklist_v1,2025-03-22
1294,control,onboarding_checklist_v1,2025-01-01
1295,treatment,onboarding_checklist_v1,2025-06-22
1296,treatment,onboarding_checklist_v1,2025-04-04
1297,treatment,onboarding_checklist_v1,2025-02-17
1298,control,onboarding_checklist_v1,2025-05-03
1299,treatment,onboarding_checklist_v1,2025-04-07
1300,treatment,onboarding_checklist_v1,2025-01-06
1301,control,onboarding_checklist_v1,2025-05-18
1302,treatment,onboarding_checklist_v1,2025-03-14
1303,treatment,onboarding_checklist_v1,2025-05-07
1304,control,onboarding_checklist_v1,2025-06-12
1305,treatment,onboarding_checklist_v1,2025-04-21
1306,control,onboarding_checklist_v1,2025-05-02
1307,control,onboarding_checklist_v1,2025-02-16
1308,treatment,onboarding_checklist_v1,2025-02-13
1309,control,onboarding_checklist_v1,2025-03-17
1310,control,onboarding_checklist_v1,2025-06-04
1311,control,onboarding_checklist_v1,2025-04-05
1312,control,onboarding_checklist_v1,2025-03-04
1313,control,onboarding_checklist_v1,2025-05-22
1314,treatment,onboarding_checklist_v1,2025-06-04
1315,control,onboarding_checklist_v1,2025-06-13
1316,control,onboarding_checklist_v1,2025-02-24
1317,treatment,onboarding_checklist_v1,2025-05-09
1318,treatment,onboarding_checklist_v1,2025-04-17
1319,control,onboarding_checklist_v1,2025-03-23
1320,control,onboarding_checklist_v1,2025-03-13
1321,control,onboarding_checklist_v1,2025-01-21
1322,control,onboarding_checklist_v1,2025-02-19
1323,control,onboarding_checklist_v1,2025-04-10
1324,treatment,onboarding_checklist_v1,2025-06-10
1325,treatment,onboarding_checklist_v1,2025-06-06
1326,control,onboarding_checklist_v1,2025-02-03
1327,treatment,onboarding_checklist_v1,2025-05-03
1328,control,onboarding_checklist_v1,2025-01-16
1329,control,onboarding_checklist_v1,2025-05-03
1330,control,onboarding_checklist_v1,2025-03-03
1331,control,onboarding_checklist_v1,2025-03-23
1332,treatment,onboarding_checklist_v1,2025-05-10
1333,control,onboarding_checklist_v1,2025-03-18
1334,treatment,onboarding_checklist_v1,2025-05-27
1335,control,onboarding_checklist_v1,2025-04-07
1336,treatment,onboarding_checklist_v1,2025-06-30
1337,treatment,onboarding_checklist_v1,2025-04-26
1338,control,onboarding_checklist_v1,2025-02-23
1339,control,onboarding_checklist_v1,2025-05-21
1340,treatment,onboarding_checklist_v1,2025-03-15
1341,treatment,onboarding_checklist_v1,2025-04-07
1342,control,onboarding_checklist_v1,2025-01-25
1343,treatment,onboarding_checklist_v1,2025-01-22
1344,control,onboarding_checklist_v1,2025-04-15
1345,control,onboarding_checklist_v1,2025-02-03
1346,treatment,onboarding_checklist_v1,2025-06-30
1347,control,onboarding_checklist_v1,2025-06-04
1348,control,onboarding_checklist_v1,2025-05-07
1349,control,onboarding_checklist_v1,2025-05-13
1350,control,onboarding_checklist_v1,2025-04-18
1351,control,onboarding_checklist_v1,2025-01-11
1352,control,onboarding_checklist_v1,2025-03-13
1353,treatment,onboarding_checklist_v1,2025-03-31
1354,treatment,onboarding_checklist_v1,2025-06-15
1355,control,onboarding_checklist_v1,2025-02-09
1356,control,onboarding_checklist_v1,2025-03-31
1357,treatment,onboarding_checklist_v1,2025-03-04
1358,control,onboarding_checklist_v1,2025-01-25
1359,control,onboarding_checklist_v1,2025-01-19
1360,treatment,onboarding_checklist_v1,2025-03-08
1361,control,onboarding_checklist_v1,2025-01-15
1362,treatment,onboarding_checklist_v1,2025-01-13
1363,treatment,onboarding_checklist_v1,2025-03-05
1364,treatment,onboarding_checklist_v1,2025-02-06
1365,control,onboarding_checklist_v1,2025-04-11
1366,control,onboarding_checklist_v1,2025-01-04
1367,control,onboarding_checklist_v1,2025-02-24
1368,treatment,onboarding_checklist_v1,2025-03-24
1369,treatment,onboarding_checklist_v1,2025-06-24
1370,treatment,onboarding_checklist_v1,2025-04-25
1371,control,onboarding_checklist_v1,2025-06-09
1372,treatment,onboarding_checklist_v1,2025-03-04
1373,treatment,onboarding_checklist_v1,2025-03-23
1374,treatment,onboarding_checklist_v1,2025-03-18
1375,treatment,onboarding_checklist_v1,2025-06-10
1376,control,onboarding_checklist_v1,2025-06-23
1377,control,onboarding_checklist_v1,2025-06-24
1378,treatment,onboarding_checklist_v1,2025-05-17
1379,control,onboarding_checklist_v1,2025-04-02
1380,control,onboarding_checklist_v1,2025-04-08
1381,control,onboarding_checklist_v1,2025-06-27
1382,control,onboarding_checklist_v1,2025-02-21
1383,treatment,onboarding_checklist_v1,2025-03-04
1384,control,onboarding_checklist_v1,2025-06-12
1385,control,onboarding_checklist_v1,2025-03-11
1386,treatment,onboarding_checklist_v1,2025-02-12
1387,treatment,onboarding_checklist_v1,2025-04-12
1388,control,onboarding_checklist_v1,2025-02-28
1389,control,onboarding_checklist_v1,2025-06-11
1390,control,onboarding_checklist_v1,2025-06-14
1391,control,onboarding_checklist_v1,2025-02-25
1392,control,onboarding_checklist_v1,2025-04-06
1393,control,onboarding_checklist_v1,2025-06-28
1394,treatment,onboarding_checklist_v1,2025-05-15
1395,treatment,onboarding_checklist_v1,2025-02-09
1396,treatment,onboarding_checklist_v1,2025-04-17
1397,control,onboarding_checklist_v1,2025-04-23
1398,control,onboarding_checklist_v1,2025-04-29
1399,treatment,onboarding_checklist_v1,2025-01-05
1400,treatment,onboarding_checklist_v1,2025-02-24
1401,treatment,onboarding_checklist_v1,2025-06-04
1402,control,onboarding_checklist_v1,2025-02-13
1403,control,onboarding_checklist_v1,2025-02-24
1404,treatment,onboarding_checklist_v1,2025-02-28
1405,treatment,onboarding_checklist_v1,2025-02-02
1406,control,onboarding_checklist_v1,2025-01-29
1407,treatment,onboarding_checklist_v1,2025-03-04
1408,treatment,onboarding_checklist_v1,2025-06-08
1409,treatment,onboarding_checklist_v1,2025-01-01
1410,control,onboarding_checklist_v1,2025-02-21
1411,treatment,onboarding_checklist_v1,2025-01-11
1412,treatment,onboarding_checklist_v1,2025-04-12
1413,control,onboarding_checklist_v1,2025-02-15
1414,treatment,onboarding_checklist_v1,2025-05-24
1415,treatment,onboarding_checklist_v1,2025-04-16
1416,treatment,onboarding_checklist_v1,2025-05-22
1417,control,onboarding_checklist_v1,2025-04-25
1418,treatment,onboarding_checklist_v1,2025-03-21
1419,control,onboarding_checklist_v1,2025-06-05
1420,control,onboarding_checklist_v1,2025-03-28
1421,control,onboarding_checklist_v1,2025-06-21
1422,control,onboarding_checklist_v1,2025-06-30
1423,control,onboarding_checklist_v1,2025-04-17
1424,control,onboarding_checklist_v1,2025-05-03
1425,treatment,onboarding_checklist_v1,2025-02-16
1426,control,onboarding_checklist_v1,2025-05-28
1427,treatment,onboarding_checklist_v1,2025-05-02
1428,control,onboarding_checklist_v1,2025-06-13
1429,treatment,onboarding_checklist_v1,2025-02-18
1430,treatment,onboarding_checklist_v1,2025-05-23
1431,treatment,onboarding_checklist_v1,2025-03-27
1432,treatment,onboarding_checklist_v1,2025-02-03
1433,treatment,onboarding_checklist_v1,2025-01-31
1434,control,onboarding_checklist_v1,2025-04-12
1435,control,onboarding_checklist_v1,2025-02-27
1436,control,onboarding_checklist_v1,2025-01-19
1437,control,onboarding_checklist_v1,2025-03-19
1438,control,onboarding_checklist_v1,2025-04-29
1439,control,onboarding_checklist_v1,2025-02-27
1440,treatment,onboarding_checklist_v1,2025-06-22
1441,treatment,onboarding_checklist_v1,2025-05-22
1442,treatment,onboarding_checklist_v1,2025-04-03
1443,treatment,onboarding_checklist_v1,2025-06-19
1444,control,onboarding_checklist_v1,2025-03-20
1445,control,onboarding_checklist_v1,2025-01-26
1446,treatment,onboarding_checklist_v1,2025-01-07
1447,treatment,onboarding_checklist_v1,2025-06-19
1448,control,onboarding_checklist_v1,2025-06-23
1449,control,onboarding_checklist_v1,2025-05-14
1450,control,onboarding_checklist_v1,2025-01-19
1451,control,onboarding_checklist_v1,2025-02-23
1452,control,onboarding_checklist_v1,2025-01-08
1453,control,onboarding_checklist_v1,2025-01-10
1454,treatment,onboarding_checklist_v1,2025-02-14
1455,treatment,onboarding_checklist_v1,2025-04-14
1456,treatment,onboarding_checklist_v1,2025-01-12
1457,treatment,onboarding_checklist_v1,2025-06-28
1458,treatment,onboarding_checklist_v1,2025-03-24
1459,control,onboarding_checklist_v1,2025-02-17
1460,treatment,onboarding_checklist_v1,2025-04-04
1461,control,onboarding_checklist_v1,2025-05-24
1462,treatment,onboarding_checklist_v1,2025-02-26
1463,control,onboarding_checklist_v1,2025-01-09
1464,treatment,onboarding_checklist_v1,2025-01-10
1465,treatment,onboarding_checklist_v1,2025-06-04
1466,control,onboarding_checklist_v1,2025-01-21
1467,control,onboarding_checklist_v1,2025-04-26
1468,control,onboarding_checklist_v1,2025-03-11
1469,treatment,onboarding_checklist_v1,2025-05-21
1470,treatment,onboarding_checklist_v1,2025-01-11
1471,control,onboarding_checklist_v1,2025-06-12
1472,treatment,onboarding_checklist_v1,2025-05-07
1473,control,onboarding_checklist_v1,2025-03-23
1474,control,onboarding_checklist_v1,2025-02-07
1475,control,onboarding_checklist_v1,2025-06-26
1476,treatment,onboarding_checklist_v1,2025-02-24
1477,control,onboarding_checklist_v1,2025-03-30
1478,control,onboarding_checklist_v1,2025-03-13
1479,control,onboarding_checklist_v1,2025-02-11
1480,treatment,onboarding_checklist_v1,2025-03-17
1481,treatment,onboarding_checklist_v1,2025-01-28
1482,treatment,onboarding_checklist_v1,2025-01-01
1483,treatment,onboarding_checklist_v1,2025-02-22
1484,treatment,onboarding_checklist_v1,2025-01-21
1485,control,onboarding_checklist_v1,2025-03-17
1486,treatment,onboarding_checklist_v1,2025-06-06
1487,control,onboarding_checklist_v1,2025-01-30
1488,control,onboarding_checklist_v1,2025-01-01
1489,control,onboarding_checklist_v1,2025-01-21
1490,control,onboarding_checklist_v1,2025-04-02
1491,treatment,onboarding_checklist_v1,2025-02-19
1492,treatment,onboarding_checklist_v1,2025-03-30
1493,treatment,onboarding_checklist_v1,2025-01-06
1494,control,onboarding_checklist_v1,2025-03-02
1495,treatment,onboarding_checklist_v1,2025-03-16
1496,treatment,onboarding_checklist_v1,2025-03-20
1497,control,onboarding_checklist_v1,2025-04-10
1498,treatment,onboarding_checklist_v1,2025-05-22
1499,treatment,onboarding_checklist_v1,2025-03-26
1500,control,onboarding_checklist_v1,2025-06-02
1501,treatment,onboarding_checklist_v1,2025-04-06
1502,treatment,onboarding_checklist_v1,2025-02-17
1503,control,onboarding_checklist_v1,2025-02-11
1504,control,onboarding_checklist_v1,2025-02-28
1505,treatment,onboarding_checklist_v1,2025-04-19
1506,treatment,onboarding_checklist_v1,2025-02-13
1507,treatment,onboarding_checklist_v1,2025-06-15
1508,treatment,onboarding_checklist_v1,2025-03-28
1509,treatment,onboarding_checklist_v1,2025-06-06
1510,treatment,onboarding_checklist_v1,2025-05-04
1511,treatment,onboarding_checklist_v1,2025-03-02
1512,treatment,onboarding_checklist_v1,2025-02-11
1513,control,onboarding_checklist_v1,2025-05-15
1514,treatment,onboarding_checklist_v1,2025-03-01
1515,treatment,onboarding_checklist_v1,2025-02-14
1516,treatment,onboarding_checklist_v1,2025-06-18
1517,treatment,onboarding_checklist_v1,2025-03-29
1518,treatment,onboarding_checklist_v1,2025-01-09
1519,control,onboarding_checklist_v1,2025-03-31
1520,control,onboarding_checklist_v1,2025-03-25
1521,control,onboarding_checklist_v1,2025-06-06
1522,control,onboarding_checklist_v1,2025-05-09
1523,control,onboarding_checklist_v1,2025-02-04
1524,control,onboarding_checklist_v1,2025-01-28
1525,control,onboarding_checklist_v1,2025-04-20
1526,control,onboarding_checklist_v1,2025-01-09
1527,treatment,onboarding_checklist_v1,2025-02-27
1528,treatment,onboarding_checklist_v1,2025-01-26
1529,control,onboarding_checklist_v1,2025-01-04
1530,control,onboarding_checklist_v1,2025-06-16
1531,control,onboarding_checklist_v1,2025-01-17
1532,control,onboarding_checklist_v1,2025-01-02
1533,control,onboarding_checklist_v1,2025-06-18
1534,control,onboarding_checklist_v1,2025-02-04
1535,control,onboarding_checklist_v1,2025-05-28
1536,treatment,onboarding_checklist_v1,2025-01-06
1537,treatment,onboarding_checklist_v1,2025-01-28
1538,treatment,onboarding_checklist_v1,2025-01-21
1539,control,onboarding_checklist_v1,2025-05-08
1540,control,onboarding_checklist_v1,2025-04-23
1541,treatment,onboarding_checklist_v1,2025-03-28
1542,control,onboarding_checklist_v1,2025-02-13
1543,treatment,onboarding_checklist_v1,2025-01-17
1544,treatment,onboarding_checklist_v1,2025-04-14
1545,treatment,onboarding_checklist_v1,2025-02-11
1546,control,onboarding_checklist_v1,2025-04-17
1547,treatment,onboarding_checklist_v1,2025-05-05
1548,control,onboarding_checklist_v1,2025-06-03
1549,control,onboarding_checklist_v1,2025-03-31
1550,control,onboarding_checklist_v1,2025-01-01
1551,treatment,onboarding_checklist_v1,2025-02-20
1552,treatment,onboarding_checklist_v1,2025-06-04
1553,control,onboarding_checklist_v1,2025-04-07
1554,control,onboarding_checklist_v1,2025-04-23
1555,treatment,onboarding_checklist_v1,2025-03-24
1556,treatment,onboarding_checklist_v1,2025-01-30
1557,control,onboarding_checklist_v1,2025-06-12
1558,control,onboarding_checklist_v1,2025-05-20
1559,treatment,onboarding_checklist_v1,2025-06-30
1560,treatment,onboarding_checklist_v1,2025-06-04
1561,treatment,onboarding_checklist_v1,2025-02-22
1562,control,onboarding_checklist_v1,2025-02-16
1563,control,onboarding_checklist_v1,2025-02-14
1564,control,onboarding_checklist_v1,2025-06-16
1565,control,onboarding_checklist_v1,2025-04-11
1566,treatment,onboarding_checklist_v1,2025-03-24
1567,control,onboarding_checklist_v1,2025-06-25
1568,treatment,onboarding_checklist_v1,2025-04-20
1569,treatment,onboarding_checklist_v1,2025-06-14
1570,treatment,onboarding_checklist_v1,2025-06-28
1571,treatment,onboarding_checklist_v1,2025-01-15
1572,treatment,onboarding_checklist_v1,2025-03-07
1573,control,onboarding_checklist_v1,2025-05-13
1574,control,onboarding_checklist_v1,2025-05-28
1575,control,onboarding_checklist_v1,2025-01-27
1576,treatment,onboarding_checklist_v1,2025-02-27
1577,treatment,onboarding_checklist_v1,2025-04-10
1578,control,onboarding_checklist_v1,2025-05-25
1579,control,onboarding_checklist_v1,2025-01-21
1580,control,onboarding_checklist_v1,2025-04-19
1581,control,onboarding_checklist_v1,2025-02-23
1582,treatment,onboarding_checklist_v1,2025-02-09
1583,control,onboarding_checklist_v1,2025-04-04
1584,treatment,onboarding_checklist_v1,2025-03-16
1585,treatment,onboarding_checklist_v1,2025-04-26
1586,control,onboarding_checklist_v1,2025-02-27
1587,control,onboarding_checklist_v1,2025-05-30
1588,treatment,onboarding_checklist_v1,2025-01-15
1589,treatment,onboarding_checklist_v1,2025-06-06
1590,control,onboarding_checklist_v1,2025-01-06
1591,control,onboarding_checklist_v1,2025-05-14
1592,treatment,onboarding_checklist_v1,2025-03-04
1593,treatment,onboarding_checklist_v1,2025-03-11
1594,treatment,onboarding_checklist_v1,2025-01-04
1595,treatment,onboarding_checklist_v1,2025-05-08
1596,treatment,onboarding_checklist_v1,2025-01-30
1597,control,onboarding_checklist_v1,2025-04-30
1598,treatment,onboarding_checklist_v1,2025-05-12
1599,control,onboarding_checklist_v1,2025-06-02
1600,treatment,onboarding_checklist_v1,2025-05-09
1601,treatment,onboarding_checklist_v1,2025-02-24
1602,treatment,onboarding_checklist_v1,2025-05-14
1603,treatment,onboarding_checklist_v1,2025-05-30
1604,treatment,onboarding_checklist_v1,2025-02-27
1605,treatment,onboarding_checklist_v1,2025-01-23
1606,treatment,onboarding_checklist_v1,2025-06-11
1607,treatment,onboarding_checklist_v1,2025-01-27
1608,control,onboarding_checklist_v1,2025-04-18
1609,control,onboarding_checklist_v1,2025-02-12
1610,treatment,onboarding_checklist_v1,2025-01-23
1611,treatment,onboarding_checklist_v1,2025-05-21
1612,treatment,onboarding_checklist_v1,2025-01-27
1613,treatment,onboarding_checklist_v1,2025-05-02
1614,control,onboarding_checklist_v1,2025-05-06
1615,control,onboarding_checklist_v1,2025-01-11
1616,treatment,onboarding_checklist_v1,2025-02-01
1617,control,onboarding_checklist_v1,2025-05-24
1618,treatment,onboarding_checklist_v1,2025-04-02
1619,treatment,onboarding_checklist_v1,2025-01-22
1620,treatment,onboarding_checklist_v1,2025-06-29
1621,control,onboarding_checklist_v1,2025-02-17
1622,treatment,onboarding_checklist_v1,2025-01-01
1623,control,onboarding_checklist_v1,2025-06-17
1624,control,onboarding_checklist_v1,2025-01-04
1625,control,onboarding_checklist_v1,2025-04-11
1626,control,onboarding_checklist_v1,2025-06-29
1627,treatment,onboarding_checklist_v1,2025-04-15
1628,treatment,onboarding_checklist_v1,2025-04-16
1629,control,onboarding_checklist_v1,2025-03-12
1630,treatment,onboarding_checklist_v1,2025-01-23
1631,treatment,onboarding_checklist_v1,2025-04-14
1632,treatment,onboarding_checklist_v1,2025-06-12
1633,treatment,onboarding_checklist_v1,2025-01-17
1634,treatment,onboarding_checklist_v1,2025-06-09
1635,control,onboarding_checklist_v1,2025-03-17
1636,control,onboarding_checklist_v1,2025-04-08
1637,control,onboarding_checklist_v1,2025-01-30
1638,treatment,onboarding_checklist_v1,2025-04-23
1639,treatment,onboarding_checklist_v1,2025-02-03
1640,control,onboarding_checklist_v1,2025-02-19
1641,control,onboarding_checklist_v1,2025-05-11
1642,treatment,onboarding_checklist_v1,2025-01-10
1643,control,onboarding_checklist_v1,2025-03-22
1644,treatment,onboarding_checklist_v1,2025-04-18
1645,treatment,onboarding_checklist_v1,2025-01-24
1646,control,onboarding_checklist_v1,2025-02-23
1647,control,onboarding_checklist_v1,2025-03-04
1648,control,onboarding_checklist_v1,2025-05-01
1649,control,onboarding_checklist_v1,2025-06-26
1650,treatment,onboarding_checklist_v1,2025-06-01
1651,treatment,onboarding_checklist_v1,2025-02-04
1652,control,onboarding_checklist_v1,2025-01-04
1653,treatment,onboarding_checklist_v1,2025-01-10
1654,control,onboarding_checklist_v1,2025-04-18
1655,control,onboarding_checklist_v1,2025-01-29
1656,treatment,onboarding_checklist_v1,2025-02-11
1657,treatment,onboarding_checklist_v1,2025-06-03
1658,treatment,onboarding_checklist_v1,2025-06-08
1659,control,onboarding_checklist_v1,2025-06-01
1660,treatment,onboarding_checklist_v1,2025-02-15
1661,control,onboarding_checklist_v1,2025-04-23
1662,treatment,onboarding_checklist_v1,2025-04-21
1663,treatment,onboarding_checklist_v1,2025-02-03
1664,treatment,onboarding_checklist_v1,2025-04-11
1665,control,onboarding_checklist_v1,2025-04-06
1666,control,onboarding_checklist_v1,2025-03-13
1667,treatment,onboarding_checklist_v1,2025-05-17
1668,control,onboarding_checklist_v1,2025-05-03
1669,treatment,onboarding_checklist_v1,2025-04-07
1670,treatment,onboarding_checklist_v1,2025-05-12
1671,treatment,onboarding_checklist_v1,2025-05-19
1672,control,onboarding_checklist_v1,2025-04-13
1673,treatment,onboarding_checklist_v1,2025-02-18
1674,control,onboarding_checklist_v1,2025-05-18
1675,control,onboarding_checklist_v1,2025-05-10
1676,treatment,onboarding_checklist_v1,2025-06-27
1677,control,onboarding_checklist_v1,2025-01-28
1678,treatment,onboarding_checklist_v1,2025-03-17
1679,treatment,onboarding_checklist_v1,2025-06-17
1680,treatment,onboarding_checklist_v1,2025-04-04
1681,treatment,onboarding_checklist_v1,2025-06-20
1682,treatment,onboarding_checklist_v1,2025-01-03
1683,control,onboarding_checklist_v1,2025-01-07
1684,treatment,onboarding_checklist_v1,2025-05-25
1685,control,onboarding_checklist_v1,2025-03-06
1686,treatment,onboarding_checklist_v1,2025-04-05
1687,control,onboarding_checklist_v1,2025-03-19
1688,treatment,onboarding_checklist_v1,2025-03-15
1689,control,onboarding_checklist_v1,2025-06-20
1690,control,onboarding_checklist_v1,2025-01-18
1691,control,onboarding_checklist_v1,2025-05-20
1692,control,onboarding_checklist_v1,2025-06-11
1693,control,onboarding_checklist_v1,2025-04-29
1694,control,onboarding_checklist_v1,2025-03-13
1695,control,onboarding_checklist_v1,2025-01-29
1696,treatment,onboarding_checklist_v1,2025-05-04
1697,control,onboarding_checklist_v1,2025-03-26
1698,treatment,onboarding_checklist_v1,2025-01-28
1699,control,onboarding_checklist_v1,2025-03-07
1700,treatment,onboarding_checklist_v1,2025-06-24
1701,control,onboarding_checklist_v1,2025-02-18
1702,treatment,onboarding_checklist_v1,2025-02-02
1703,treatment,onboarding_checklist_v1,2025-05-04
1704,treatment,onboarding_checklist_v1,2025-02-06
1705,control,onboarding_checklist_v1,2025-06-16
1706,treatment,onboarding_checklist_v1,2025-06-05
1707,control,onboarding_checklist_v1,2025-06-28
1708,control,onboarding_checklist_v1,2025-06-15
1709,control,onboarding_checklist_v1,2025-02-14
1710,treatment,onboarding_checklist_v1,2025-02-08
1711,control,onboarding_checklist_v1,2025-03-04
1712,treatment,onboarding_checklist_v1,2025-03-27
1713,control,onboarding_checklist_v1,2025-06-09
1714,control,onboarding_checklist_v1,2025-05-13
1715,control,onboarding_checklist_v1,2025-04-27
1716,control,onboarding_checklist_v1,2025-06-08
1717,treatment,onboarding_checklist_v1,2025-04-27
1718,treatment,onboarding_checklist_v1,2025-03-10
1719,treatment,onboarding_checklist_v1,2025-03-16
1720,control,onboarding_checklist_v1,2025-04-04
1721,control,onboarding_checklist_v1,2025-01-17
1722,treatment,onboarding_checklist_v1,2025-05-15
1723,control,onboarding_checklist_v1,2025-04-29
1724,control,onboarding_checklist_v1,2025-05-13
1725,treatment,onboarding_checklist_v1,2025-04-07
1726,control,onboarding_checklist_v1,2025-05-22
1727,control,onboarding_checklist_v1,2025-06-21
1728,control,onboarding_checklist_v1,2025-04-14
1729,treatment,onboarding_checklist_v1,2025-03-22
1730,control,onboarding_checklist_v1,2025-01-19
1731,treatment,onboarding_checklist_v1,2025-05-21
1732,control,onboarding_checklist_v1,2025-06-13
1733,control,onboarding_checklist_v1,2025-05-07
1734,control,onboarding_checklist_v1,2025-06-06
1735,treatment,onboarding_checklist_v1,2025-06-05
1736,control,onboarding_checklist_v1,2025-05-25
1737,treatment,onboarding_checklist_v1,2025-04-02
1738,control,onboarding_checklist_v1,2025-01-19
1739,control,onboarding_checklist_v1,2025-01-01
1740,control,onboarding_checklist_v1,2025-02-06
1741,treatment,onboarding_checklist_v1,2025-03-20
1742,control,onboarding_checklist_v1,2025-05-15
1743,treatment,onboarding_checklist_v1,2025-03-24
1744,treatment,onboarding_checklist_v1,2025-01-05
1745,treatment,onboarding_checklist_v1,2025-02-08
1746,treatment,onboarding_checklist_v1,2025-06-27
1747,treatment,onboarding_checklist_v1,2025-06-28
1748,treatment,onboarding_checklist_v1,2025-03-10
1749,control,onboarding_checklist_v1,2025-05-26
1750,treatment,onboarding_checklist_v1,2025-05-11
1751,treatment,onboarding_checklist_v1,2025-06-18
1752,control,onboarding_checklist_v1,2025-06-10
1753,treatment,onboarding_checklist_v1,2025-04-24
1754,treatment,onboarding_checklist_v1,2025-03-13
1755,control,onboarding_checklist_v1,2025-04-24
1756,treatment,onboarding_checklist_v1,2025-02-27
1757,control,onboarding_checklist_v1,2025-03-05
1758,control,onboarding_checklist_v1,2025-04-21
1759,control,onboarding_checklist_v1,2025-04-14
1760,treatment,onboarding_checklist_v1,2025-04-16
1761,control,onboarding_checklist_v1,2025-03-11
1762,treatment,onboarding_checklist_v1,2025-03-16
1763,control,onboarding_checklist_v1,2025-01-02
1764,control,onboarding_checklist_v1,2025-04-19
1765,treatment,onboarding_checklist_v1,2025-04-15
1766,control,onboarding_checklist_v1,2025-06-19
1767,treatment,onboarding_checklist_v1,2025-04-02
1768,control,onboarding_checklist_v1,2025-03-26
1769,treatment,onboarding_checklist_v1,2025-01-13
1770,treatment,onboarding_checklist_v1,2025-02-05
1771,control,onboarding_checklist_v1,2025-03-03
1772,control,onboarding_checklist_v1,2025-03-10
1773,control,onboarding_checklist_v1,2025-03-07
1774,treatment,onboarding_checklist_v1,2025-03-13
1775,treatment,onboarding_checklist_v1,2025-05-20
1776,control,onboarding_checklist_v1,2025-01-24
1777,control,onboarding_checklist_v1,2025-03-02
1778,treatment,onboarding_checklist_v1,2025-01-30
1779,control,onboarding_checklist_v1,2025-02-25
1780,treatment,onboarding_checklist_v1,2025-05-04
1781,treatment,onboarding_checklist_v1,2025-01-09
1782,control,onboarding_checklist_v1,2025-03-03
1783,treatment,onboarding_checklist_v1,2025-01-05
1784,control,onboarding_checklist_v1,2025-06-22
1785,control,onboarding_checklist_v1,2025-05-12
1786,treatment,onboarding_checklist_v1,2025-02-14
1787,treatment,onboarding_checklist_v1,2025-02-05
1788,treatment,onboarding_checklist_v1,2025-01-18
1789,treatment,onboarding_checklist_v1,2025-03-27
1790,control,onboarding_checklist_v1,2025-05-17
1791,treatment,onboarding_checklist_v1,2025-04-16
1792,treatment,onboarding_checklist_v1,2025-06-09
1793,control,onboarding_checklist_v1,2025-03-04
1794,control,onboarding_checklist_v1,2025-02-20
1795,treatment,onboarding_checklist_v1,2025-03-28
1796,treatment,onboarding_checklist_v1,2025-02-06
1797,control,onboarding_checklist_v1,2025-06-26
1798,treatment,onboarding_checklist_v1,2025-02-03
1799,control,onboarding_checklist_v1,2025-03-28
1800,control,onboarding_checklist_v1,2025-04-05
1801,control,onboarding_checklist_v1,2025-01-11
1802,treatment,onboarding_checklist_v1,2025-03-26
1803,control,onboarding_checklist_v1,2025-03-24
1804,control,onboarding_checklist_v1,2025-02-16
1805,control,onboarding_checklist_v1,2025-01-24
1806,treatment,onboarding_checklist_v1,2025-01-09
1807,treatment,onboarding_checklist_v1,2025-01-02
1808,control,onboarding_checklist_v1,2025-03-29
1809,treatment,onboarding_checklist_v1,2025-01-17
1810,control,onboarding_checklist_v1,2025-06-23
1811,control,onboarding_checklist_v1,2025-02-14
1812,treatment,onboarding_checklist_v1,2025-04-29
1813,treatment,onboarding_checklist_v1,2025-05-02
1814,control,onboarding_checklist_v1,2025-03-31
1815,treatment,onboarding_checklist_v1,2025-06-09
1816,control,onboarding_checklist_v1,2025-01-21
1817,treatment,onboarding_checklist_v1,2025-02-12
1818,treatment,onboarding_checklist_v1,2025-02-15
1819,treatment,onboarding_checklist_v1,2025-01-25
1820,control,onboarding_checklist_v1,2025-02-23
1821,treatment,onboarding_checklist_v1,2025-02-26
1822,treatment,onboarding_checklist_v1,2025-05-19
1823,control,onboarding_checklist_v1,2025-02-24
1824,control,onboarding_checklist_v1,2025-06-08
1825,treatment,onboarding_checklist_v1,2025-05-20
1826,control,onboarding_checklist_v1,2025-06-13
1827,treatment,onboarding_checklist_v1,2025-01-20
1828,control,onboarding_checklist_v1,2025-06-28
1829,treatment,onboarding_checklist_v1,2025-04-22
1830,control,onboarding_checklist_v1,2025-06-27
1831,treatment,onboarding_checklist_v1,2025-03-06
1832,treatment,onboarding_checklist_v1,2025-06-22
1833,control,onboarding_checklist_v1,2025-04-17
1834,treatment,onboarding_checklist_v1,2025-01-13
1835,treatment,onboarding_checklist_v1,2025-03-16
1836,control,onboarding_checklist_v1,2025-01-25
1837,control,onboarding_checklist_v1,2025-06-20
1838,treatment,onboarding_checklist_v1,2025-02-25
1839,treatment,onboarding_checklist_v1,2025-02-10
1840,control,onboarding_checklist_v1,2025-04-11
1841,treatment,onboarding_checklist_v1,2025-03-18
1842,control,onboarding_checklist_v1,2025-01-18
1843,control,onboarding_checklist_v1,2025-05-28
1844,treatment,onboarding_checklist_v1,2025-06-03
1845,control,onboarding_checklist_v1,2025-05-15
1846,control,onboarding_checklist_v1,2025-04-22
1847,treatment,onboarding_checklist_v1,2025-03-14
1848,control,onboarding_checklist_v1,2025-04-09
1849,control,onboarding_checklist_v1,2025-04-05
1850,treatment,onboarding_checklist_v1,2025-01-30
1851,treatment,onboarding_checklist_v1,2025-01-15
1852,treatment,onboarding_checklist_v1,2025-02-15
1853,treatment,onboarding_checklist_v1,2025-03-24
1854,control,onboarding_checklist_v1,2025-01-30
1855,control,onboarding_checklist_v1,2025-01-20
1856,treatment,onboarding_checklist_v1,2025-06-04
1857,control,onboarding_checklist_v1,2025-03-09
1858,control,onboarding_checklist_v1,2025-04-16
1859,treatment,onboarding_checklist_v1,2025-04-05
1860,treatment,onboarding_checklist_v1,2025-05-14
1861,treatment,onboarding_checklist_v1,2025-05-14
1862,control,onboarding_checklist_v1,2025-02-23
1863,control,onboarding_checklist_v1,2025-06-03
1864,control,onboarding_checklist_v1,2025-03-09
1865,treatment,onboarding_checklist_v1,2025-06-01
1866,control,onboarding_checklist_v1,2025-03-15
1867,control,onboarding_checklist_v1,2025-01-21
1868,control,onboarding_checklist_v1,2025-05-18
1869,treatment,onboarding_checklist_v1,2025-01-06
1870,treatment,onboarding_checklist_v1,2025-05-20
1871,control,onboarding_checklist_v1,2025-01-08
1872,control,onboarding_checklist_v1,2025-02-07
1873,control,onboarding_checklist_v1,2025-04-20
1874,control,onboarding_checklist_v1,2025-06-20
1875,treatment,onboarding_checklist_v1,2025-03-15
1876,control,onboarding_checklist_v1,2025-01-22
1877,treatment,onboarding_checklist_v1,2025-02-12
1878,treatment,onboarding_checklist_v1,2025-06-12
1879,treatment,onboarding_checklist_v1,2025-05-12
1880,treatment,onboarding_checklist_v1,2025-01-19
1881,control,onboarding_checklist_v1,2025-03-11
1882,control,onboarding_checklist_v1,2025-02-17
1883,control,onboarding_checklist_v1,2025-02-02
1884,treatment,onboarding_checklist_v1,2025-06-03
1885,control,onboarding_checklist_v1,2025-04-22
1886,control,onboarding_checklist_v1,2025-02-02
1887,control,onboarding_checklist_v1,2025-04-28
1888,control,onboarding_checklist_v1,2025-03-16
1889,treatment,onboarding_checklist_v1,2025-01-12
1890,treatment,onboarding_checklist_v1,2025-03-23
1891,treatment,onboarding_checklist_v1,2025-02-03
1892,treatment,onboarding_checklist_v1,2025-02-14
1893,control,onboarding_checklist_v1,2025-06-09
1894,control,onboarding_checklist_v1,2025-05-09
1895,control,onboarding_checklist_v1,2025-01-25
1896,treatment,onboarding_checklist_v1,2025-06-04
1897,treatment,onboarding_checklist_v1,2025-04-14
1898,control,onboarding_checklist_v1,2025-06-08
1899,treatment,onboarding_checklist_v1,2025-05-16
1900,control,onboarding_checklist_v1,2025-03-03
1901,control,onboarding_checklist_v1,2025-04-07
1902,treatment,onboarding_checklist_v1,2025-04-07
1903,treatment,onboarding_checklist_v1,2025-05-11
1904,treatment,onboarding_checklist_v1,2025-02-14
1905,treatment,onboarding_checklist_v1,2025-03-02
1906,control,onboarding_checklist_v1,2025-02-14
1907,treatment,onboarding_checklist_v1,2025-02-23
1908,treatment,onboarding_checklist_v1,2025-01-30
1909,treatment,onboarding_checklist_v1,2025-01-07
1910,control,onboarding_checklist_v1,2025-06-20
1911,treatment,onboarding_checklist_v1,2025-01-14
1912,control,onboarding_checklist_v1,2025-06-10
1913,control,onboarding_checklist_v1,2025-01-01
1914,treatment,onboarding_checklist_v1,2025-05-21
1915,treatment,onboarding_checklist_v1,2025-03-01
1916,treatment,onboarding_checklist_v1,2025-04-04
1917,treatment,onboarding_checklist_v1,2025-02-21
1918,control,onboarding_checklist_v1,2025-03-30
1919,treatment,onboarding_checklist_v1,2025-03-23
1920,control,onboarding_checklist_v1,2025-04-06
1921,treatment,onboarding_checklist_v1,2025-03-13
1922,control,onboarding_checklist_v1,2025-04-08
1923,treatment,onboarding_checklist_v1,2025-05-30
1924,treatment,onboarding_checklist_v1,2025-03-20
1925,treatment,onboarding_checklist_v1,2025-03-07
1926,control,onboarding_checklist_v1,2025-01-24
1927,control,onboarding_checklist_v1,2025-03-07
1928,control,onboarding_checklist_v1,2025-01-23
1929,control,onboarding_checklist_v1,2025-02-03
1930,treatment,onboarding_checklist_v1,2025-06-22
1931,control,onboarding_checklist_v1,2025-01-17
1932,treatment,onboarding_checklist_v1,2025-03-29
1933,control,onboarding_checklist_v1,2025-06-01
1934,control,onboarding_checklist_v1,2025-06-22
1935,treatment,onboarding_checklist_v1,2025-01-27
1936,control,onboarding_checklist_v1,2025-01-30
1937,control,onboarding_checklist_v1,2025-03-09
1938,control,onboarding_checklist_v1,2025-04-11
1939,control,onboarding_checklist_v1,2025-06-23
1940,treatment,onboarding_checklist_v1,2025-02-07
1941,control,onboarding_checklist_v1,2025-01-30
1942,control,onboarding_checklist_v1,2025-02-15
1943,treatment,onboarding_checklist_v1,2025-06-08
1944,treatment,onboarding_checklist_v1,2025-01-06
1945,treatment,onboarding_checklist_v1,2025-03-10
1946,control,onboarding_checklist_v1,2025-01-22
1947,treatment,onboarding_checklist_v1,2025-01-29
1948,control,onboarding_checklist_v1,2025-06-15
1949,control,onboarding_checklist_v1,2025-01-01
1950,treatment,onboarding_checklist_v1,2025-02-28
1951,treatment,onboarding_checklist_v1,2025-06-15
1952,treatment,onboarding_checklist_v1,2025-04-21
1953,treatment,onboarding_checklist_v1,2025-01-13
1954,control,onboarding_checklist_v1,2025-03-26
1955,treatment,onboarding_checklist_v1,2025-06-25
1956,treatment,onboarding_checklist_v1,2025-03-14
1957,control,onboarding_checklist_v1,2025-04-06
1958,control,onboarding_checklist_v1,2025-04-07
1959,control,onboarding_checklist_v1,2025-04-30
1960,treatment,onboarding_checklist_v1,2025-02-03
1961,control,onboarding_checklist_v1,2025-06-01
1962,control,onboarding_checklist_v1,2025-06-28
1963,treatment,onboarding_checklist_v1,2025-01-26
1964,treatment,onboarding_checklist_v1,2025-05-29
1965,control,onboarding_checklist_v1,2025-05-28
1966,treatment,onboarding_checklist_v1,2025-05-15
1967,treatment,onboarding_checklist_v1,2025-03-09
1968,treatment,onboarding_checklist_v1,2025-03-26
1969,control,onboarding_checklist_v1,2025-06-01
1970,control,onboarding_checklist_v1,2025-01-28
1971,treatment,onboarding_checklist_v1,2025-05-31
1972,control,onboarding_checklist_v1,2025-06-16
1973,treatment,onboarding_checklist_v1,2025-05-04
1974,control,onboarding_checklist_v1,2025-03-03
1975,treatment,onboarding_checklist_v1,2025-04-12
1976,treatment,onboarding_checklist_v1,2025-01-10
1977,treatment,onboarding_checklist_v1,2025-06-18
1978,treatment,onboarding_checklist_v1,2025-03-03
1979,treatment,onboarding_checklist_v1,2025-01-11
1980,control,onboarding_checklist_v1,2025-05-24
1981,control,onboarding_checklist_v1,2025-04-30
1982,treatment,onboarding_checklist_v1,2025-04-23
1983,treatment,onboarding_checklist_v1,2025-01-10
1984,treatment,onboarding_checklist_v1,2025-05-16
1985,treatment,onboarding_checklist_v1,2025-04-26
1986,control,onboarding_checklist_v1,2025-05-24
1987,treatment,onboarding_checklist_v1,2025-05-30
1988,treatment,onboarding_checklist_v1,2025-02-08
1989,treatment,onboarding_checklist_v1,2025-02-08
1990,treatment,onboarding_checklist_v1,2025-06-17
1991,treatment,onboarding_checklist_v1,2025-04-07
1992,treatment,onboarding_checklist_v1,2025-03-21
1993,control,onboarding_checklist_v1,2025-02-21
1994,treatment,onboarding_checklist_v1,2025-04-26
1995,control,onboarding_checklist_v1,2025-05-17
1996,control,onboarding_checklist_v1,2025-01-01
1997,control,onboarding_checklist_v1,2025-04-11
1998,control,onboarding_checklist_v1,2025-06-29
1999,control,onboarding_checklist_v1,2025-02-20
2000,treatment,onboarding_checklist_v1,2025-02-20
2001,treatment,onboarding_checklist_v1,2025-06-08
2002,treatment,onboarding_checklist_v1,2025-01-12
2003,control,onboarding_checklist_v1,2025-03-13
2004,control,onboarding_checklist_v1,2025-03-24
2005,treatment,onboarding_checklist_v1,2025-05-25
2006,treatment,onboarding_checklist_v1,2025-01-24
2007,treatment,onboarding_checklist_v1,2025-03-20
2008,treatment,onboarding_checklist_v1,2025-01-28
2009,treatment,onboarding_checklist_v1,2025-05-23
2010,treatment,onboarding_checklist_v1,2025-04-25
2011,treatment,onboarding_checklist_v1,2025-03-31
2012,treatment,onboarding_checklist_v1,2025-03-13
2013,treatment,onboarding_checklist_v1,2025-01-28
2014,control,onboarding_checklist_v1,2025-06-16
2015,control,onboarding_checklist_v1,2025-04-28
2016,control,onboarding_checklist_v1,2025-02-27
2017,treatment,onboarding_checklist_v1,2025-03-16
2018,treatment,onboarding_checklist_v1,2025-05-12
2019,control,onboarding_checklist_v1,2025-05-11
2020,treatment,onboarding_checklist_v1,2025-03-25
2021,control,onboarding_checklist_v1,2025-02-24
2022,control,onboarding_checklist_v1,2025-04-30
2023,treatment,onboarding_checklist_v1,2025-04-30
2024,control,onboarding_checklist_v1,2025-04-19
2025,control,onboarding_checklist_v1,2025-01-14
2026,control,onboarding_checklist_v1,2025-03-27
2027,control,onboarding_checklist_v1,2025-04-22
2028,treatment,onboarding_checklist_v1,2025-06-21
2029,treatment,onboarding_checklist_v1,2025-04-06
2030,treatment,onboarding_checklist_v1,2025-03-04
2031,treatment,onboarding_checklist_v1,2025-04-11
2032,control,onboarding_checklist_v1,2025-02-02
2033,treatment,onboarding_checklist_v1,2025-01-17
2034,control,onboarding_checklist_v1,2025-05-03
2035,control,onboarding_checklist_v1,2025-06-28
2036,treatment,onboarding_checklist_v1,2025-06-03
2037,control,onboarding_checklist_v1,2025-04-16
2038,control,onboarding_checklist_v1,2025-01-08
2039,control,onboarding_checklist_v1,2025-06-28
2040,treatment,onboarding_checklist_v1,2025-03-23
2041,control,onboarding_checklist_v1,2025-02-22
2042,control,onboarding_checklist_v1,2025-06-11
2043,treatment,onboarding_checklist_v1,2025-05-16
2044,control,onboarding_checklist_v1,2025-05-16
2045,treatment,onboarding_checklist_v1,2025-02-20
2046,control,onboarding_checklist_v1,2025-06-29
2047,treatment,onboarding_checklist_v1,2025-03-23
2048,treatment,onboarding_checklist_v1,2025-04-07
2049,treatment,onboarding_checklist_v1,2025-05-16
2050,treatment,onboarding_checklist_v1,2025-04-30
2051,control,onboarding_checklist_v1,2025-02-01
2052,treatment,onboarding_checklist_v1,2025-02-24
2053,treatment,onboarding_checklist_v1,2025-03-07
2054,treatment,onboarding_checklist_v1,2025-06-21
2055,treatment,onboarding_checklist_v1,2025-05-10
2056,treatment,onboarding_checklist_v1,2025-03-08
2057,treatment,onboarding_checklist_v1,2025-05-13
2058,control,onboarding_checklist_v1,2025-05-14
2059,treatment,onboarding_checklist_v1,2025-03-13
2060,treatment,onboarding_checklist_v1,2025-03-14
2061,treatment,onboarding_checklist_v1,2025-06-11
2062,control,onboarding_checklist_v1,2025-04-12
2063,treatment,onboarding_checklist_v1,2025-01-28
2064,treatment,onboarding_checklist_v1,2025-05-11
2065,treatment,onboarding_checklist_v1,2025-04-17
2066,control,onboarding_checklist_v1,2025-04-03
2067,control,onboarding_checklist_v1,2025-05-12
2068,control,onboarding_checklist_v1,2025-06-14
2069,control,onboarding_checklist_v1,2025-03-01
2070,treatment,onboarding_checklist_v1,2025-03-17
2071,control,onboarding_checklist_v1,2025-02-04
2072,treatment,onboarding_checklist_v1,2025-04-28
2073,control,onboarding_checklist_v1,2025-03-14
2074,control,onboarding_checklist_v1,2025-03-03
2075,treatment,onboarding_checklist_v1,2025-05-07
2076,control,onboarding_checklist_v1,2025-03-15
2077,control,onboarding_checklist_v1,2025-03-26
2078,control,onboarding_checklist_v1,2025-03-21
2079,treatment,onboarding_checklist_v1,2025-02-16
2080,treatment,onboarding_checklist_v1,2025-01-23
2081,control,onboarding_checklist_v1,2025-05-30
2082,treatment,onboarding_checklist_v1,2025-01-17
2083,control,onboarding_checklist_v1,2025-02-28
2084,treatment,onboarding_checklist_v1,2025-05-01
2085,control,onboarding_checklist_v1,2025-01-24
2086,treatment,onboarding_checklist_v1,2025-04-29
2087,treatment,onboarding_checklist_v1,2025-05-13
2088,control,onboarding_checklist_v1,2025-04-30
2089,control,onboarding_checklist_v1,2025-02-25
2090,control,onboarding_checklist_v1,2025-01-04
2091,control,onboarding_checklist_v1,2025-06-10
2092,control,onboarding_checklist_v1,2025-03-01
2093,control,onboarding_checklist_v1,2025-05-26
2094,treatment,onboarding_checklist_v1,2025-02-05
2095,control,onboarding_checklist_v1,2025-01-30
2096,treatment,onboarding_checklist_v1,2025-05-21
2097,control,onboarding_checklist_v1,2025-06-20
2098,treatment,onboarding_checklist_v1,2025-06-05
2099,control,onboarding_checklist_v1,2025-05-16
2100,treatment,onboarding_checklist_v1,2025-02-14
2101,control,onboarding_checklist_v1,2025-06-15
2102,control,onboarding_checklist_v1,2025-05-01
2103,treatment,onboarding_checklist_v1,2025-02-01
2104,treatment,onboarding_checklist_v1,2025-01-24
2105,treatment,onboarding_checklist_v1,2025-06-07
2106,control,onboarding_checklist_v1,2025-02-19
2107,control,onboarding_checklist_v1,2025-05-19
2108,treatment,onboarding_checklist_v1,2025-01-26
2109,treatment,onboarding_checklist_v1,2025-02-20
2110,treatment,onboarding_checklist_v1,2025-02-21
2111,control,onboarding_checklist_v1,2025-02-20
2112,control,onboarding_checklist_v1,2025-05-03
2113,treatment,onboarding_checklist_v1,2025-06-15
2114,treatment,onboarding_checklist_v1,2025-06-14
2115,control,onboarding_checklist_v1,2025-05-15
2116,treatment,onboarding_checklist_v1,2025-02-06
2117,treatment,onboarding_checklist_v1,2025-06-23
2118,control,onboarding_checklist_v1,2025-04-09
2119,control,onboarding_checklist_v1,2025-04-09
2120,treatment,onboarding_checklist_v1,2025-05-07
2121,control,onboarding_checklist_v1,2025-05-20
2122,treatment,onboarding_checklist_v1,2025-06-22
2123,treatment,onboarding_checklist_v1,2025-04-16
2124,control,onboarding_checklist_v1,2025-04-21
2125,treatment,onboarding_checklist_v1,2025-05-15
2126,control,onboarding_checklist_v1,2025-02-16
2127,control,onboarding_checklist_v1,2025-02-25
2128,treatment,onboarding_checklist_v1,2025-04-24
2129,treatment,onboarding_checklist_v1,2025-01-12
2130,control,onboarding_checklist_v1,2025-02-28
2131,treatment,onboarding_checklist_v1,2025-05-10
2132,treatment,onboarding_checklist_v1,2025-06-26
2133,treatment,onboarding_checklist_v1,2025-04-05
2134,treatment,onboarding_checklist_v1,2025-03-14
2135,control,onboarding_checklist_v1,2025-03-21
2136,control,onboarding_checklist_v1,2025-05-05
2137,treatment,onboarding_checklist_v1,2025-04-09
2138,control,onboarding_checklist_v1,2025-01-05
2139,treatment,onboarding_checklist_v1,2025-04-08
2140,control,onboarding_checklist_v1,2025-03-14
2141,control,onboarding_checklist_v1,2025-05-07
2142,control,onboarding_checklist_v1,2025-06-08
2143,control,onboarding_checklist_v1,2025-06-24
2144,control,onboarding_checklist_v1,2025-04-21
2145,treatment,onboarding_checklist_v1,2025-03-07
2146,treatment,onboarding_checklist_v1,2025-03-22
2147,control,onboarding_checklist_v1,2025-02-01
2148,control,onboarding_checklist_v1,2025-06-19
2149,treatment,onboarding_checklist_v1,2025-06-03
2150,control,onboarding_checklist_v1,2025-06-04
2151,treatment,onboarding_checklist_v1,2025-03-01
2152,treatment,onboarding_checklist_v1,2025-02-28
2153,treatment,onboarding_checklist_v1,2025-06-05
2154,treatment,onboarding_checklist_v1,2025-04-09
2155,treatment,onboarding_checklist_v1,2025-05-08
2156,treatment,onboarding_checklist_v1,2025-03-30
2157,treatment,onboarding_checklist_v1,2025-03-22
2158,control,onboarding_checklist_v1,2025-04-25
2159,control,onboarding_checklist_v1,2025-05-28
2160,control,onboarding_checklist_v1,2025-03-02
2161,control,onboarding_checklist_v1,2025-05-27
2162,treatment,onboarding_checklist_v1,2025-02-14
2163,control,onboarding_checklist_v1,2025-03-14
2164,control,onboarding_checklist_v1,2025-06-15
2165,control,onboarding_checklist_v1,2025-06-22
2166,treatment,onboarding_checklist_v1,2025-06-17
2167,treatment,onboarding_checklist_v1,2025-02-27
2168,treatment,onboarding_checklist_v1,2025-06-02
2169,control,onboarding_checklist_v1,2025-06-19
2170,control,onboarding_checklist_v1,2025-06-27
2171,treatment,onboarding_checklist_v1,2025-01-04
2172,treatment,onboarding_checklist_v1,2025-05-15
2173,treatment,onboarding_checklist_v1,2025-06-30
2174,treatment,onboarding_checklist_v1,2025-05-19
2175,control,onboarding_checklist_v1,2025-02-12
2176,treatment,onboarding_checklist_v1,2025-05-19
2177,treatment,onboarding_checklist_v1,2025-01-20
2178,treatment,onboarding_checklist_v1,2025-03-28
2179,treatment,onboarding_checklist_v1,2025-04-24
2180,control,onboarding_checklist_v1,2025-03-24
2181,control,onboarding_checklist_v1,2025-05-07
2182,treatment,onboarding_checklist_v1,2025-02-13
2183,treatment,onboarding_checklist_v1,2025-04-20
2184,control,onboarding_checklist_v1,2025-04-27
2185,control,onboarding_checklist_v1,2025-04-25
2186,treatment,onboarding_checklist_v1,2025-02-22
2187,control,onboarding_checklist_v1,2025-02-25
2188,control,onboarding_checklist_v1,2025-02-16
2189,treatment,onboarding_checklist_v1,2025-03-25
2190,treatment,onboarding_checklist_v1,2025-04-17
2191,treatment,onboarding_checklist_v1,2025-03-07
2192,treatment,onboarding_checklist_v1,2025-03-16
2193,control,onboarding_checklist_v1,2025-02-21
2194,treatment,onboarding_checklist_v1,2025-02-09
2195,treatment,onboarding_checklist_v1,2025-04-29
2196,treatment,onboarding_checklist_v1,2025-05-28
2197,treatment,onboarding_checklist_v1,2025-02-22
2198,control,onboarding_checklist_v1,2025-06-05
2199,control,onboarding_checklist_v1,2025-04-14
2200,control,onboarding_checklist_v1,2025-01-31
2201,control,onboarding_checklist_v1,2025-03-08
2202,treatment,onboarding_checklist_v1,2025-01-02
2203,control,onboarding_checklist_v1,2025-01-08
2204,treatment,onboarding_checklist_v1,2025-03-02
2205,control,onboarding_checklist_v1,2025-03-24
2206,control,onboarding_checklist_v1,2025-05-25
2207,control,onboarding_checklist_v1,2025-01-25
2208,control,onboarding_checklist_v1,2025-06-01
2209,treatment,onboarding_checklist_v1,2025-02-12
2210,treatment,onboarding_checklist_v1,2025-01-26
2211,control,onboarding_checklist_v1,2025-05-07
2212,treatment,onboarding_checklist_v1,2025-05-21
2213,treatment,onboarding_checklist_v1,2025-04-20
2214,treatment,onboarding_checklist_v1,2025-01-21
2215,control,onboarding_checklist_v1,2025-01-21
2216,control,onboarding_checklist_v1,2025-03-12
2217,treatment,onboarding_checklist_v1,2025-03-23
2218,treatment,onboarding_checklist_v1,2025-06-30
2219,control,onboarding_checklist_v1,2025-02-21
2220,treatment,onboarding_checklist_v1,2025-02-04
2221,control,onboarding_checklist_v1,2025-06-21
2222,treatment,onboarding_checklist_v1,2025-01-28
2223,control,onboarding_checklist_v1,2025-01-05
2224,treatment,onboarding_checklist_v1,2025-03-18
2225,control,onboarding_checklist_v1,2025-03-14
2226,control,onboarding_checklist_v1,2025-04-23
2227,treatment,onboarding_checklist_v1,2025-06-08
2228,control,onboarding_checklist_v1,2025-06-18
2229,treatment,onboarding_checklist_v1,2025-02-22
2230,treatment,onboarding_checklist_v1,2025-06-27
2231,control,onboarding_checklist_v1,2025-04-25
2232,control,onboarding_checklist_v1,2025-01-13
2233,treatment,onboarding_checklist_v1,2025-06-19
2234,treatment,onboarding_checklist_v1,2025-01-25
2235,treatment,onboarding_checklist_v1,2025-04-17
2236,control,onboarding_checklist_v1,2025-05-24
2237,treatment,onboarding_checklist_v1,2025-02-15
2238,treatment,onboarding_checklist_v1,2025-02-18
2239,treatment,onboarding_checklist_v1,2025-03-28
2240,control,onboarding_checklist_v1,2025-06-10
2241,control,onboarding_checklist_v1,2025-02-10
2242,treatment,onboarding_checklist_v1,2025-05-01
2243,treatment,onboarding_checklist_v1,2025-03-23
2244,control,onboarding_checklist_v1,2025-01-21
2245,treatment,onboarding_checklist_v1,2025-05-09
2246,control,onboarding_checklist_v1,2025-05-31
2247,control,onboarding_checklist_v1,2025-04-15
2248,control,onboarding_checklist_v1,2025-02-01
2249,control,onboarding_checklist_v1,2025-01-29
2250,control,onboarding_checklist_v1,2025-03-18
2251,control,onboarding_checklist_v1,2025-04-02
2252,control,onboarding_checklist_v1,2025-04-10
2253,treatment,onboarding_checklist_v1,2025-02-14
2254,treatment,onboarding_checklist_v1,2025-04-01
2255,treatment,onboarding_checklist_v1,2025-02-23
2256,control,onboarding_checklist_v1,2025-05-05
2257,treatment,onboarding_checklist_v1,2025-05-25
2258,control,onboarding_checklist_v1,2025-04-29
2259,treatment,onboarding_checklist_v1,2025-01-01
2260,treatment,onboarding_checklist_v1,2025-06-29
2261,control,onboarding_checklist_v1,2025-01-05
2262,control,onboarding_checklist_v1,2025-06-30
2263,treatment,onboarding_checklist_v1,2025-01-06
2264,treatment,onboarding_checklist_v1,2025-04-04
2265,treatment,onboarding_checklist_v1,2025-01-20
2266,treatment,onboarding_checklist_v1,2025-01-18
2267,treatment,onboarding_checklist_v1,2025-05-04
2268,control,onboarding_checklist_v1,2025-05-12
2269,treatment,onboarding_checklist_v1,2025-01-22
2270,control,onboarding_checklist_v1,2025-06-26
2271,control,onboarding_checklist_v1,2025-02-28
2272,control,onboarding_checklist_v1,2025-02-27
2273,treatment,onboarding_checklist_v1,2025-02-23
2274,treatment,onboarding_checklist_v1,2025-03-25
2275,control,onboarding_checklist_v1,2025-02-02
2276,control,onboarding_checklist_v1,2025-03-18
2277,control,onboarding_checklist_v1,2025-02-08
2278,treatment,onboarding_checklist_v1,2025-01-10
2279,treatment,onboarding_checklist_v1,2025-03-08
2280,control,onboarding_checklist_v1,2025-05-02
2281,control,onboarding_checklist_v1,2025-05-19
2282,treatment,onboarding_checklist_v1,2025-03-05
2283,control,onboarding_checklist_v1,2025-02-28
2284,treatment,onboarding_checklist_v1,2025-05-23
2285,control,onboarding_checklist_v1,2025-05-04
2286,control,onboarding_checklist_v1,2025-05-31
2287,control,onboarding_checklist_v1,2025-06-14
2288,treatment,onboarding_checklist_v1,2025-05-29
2289,control,onboarding_checklist_v1,2025-06-19
2290,control,onboarding_checklist_v1,2025-03-17
2291,treatment,onboarding_checklist_v1,2025-03-13
2292,treatment,onboarding_checklist_v1,2025-02-28
2293,control,onboarding_checklist_v1,2025-02-12
2294,control,onboarding_checklist_v1,2025-05-16
2295,treatment,onboarding_checklist_v1,2025-05-10
2296,control,onboarding_checklist_v1,2025-05-26
2297,treatment,onboarding_checklist_v1,2025-01-31
2298,control,onboarding_checklist_v1,2025-03-30
2299,control,onboarding_checklist_v1,2025-02-10
2300,control,onboarding_checklist_v1,2025-06-11
2301,treatment,onboarding_checklist_v1,2025-02-18
2302,control,onboarding_checklist_v1,2025-01-27
2303,control,onboarding_checklist_v1,2025-04-14
2304,control,onboarding_checklist_v1,2025-06-09
2305,treatment,onboarding_checklist_v1,2025-06-15
2306,control,onboarding_checklist_v1,2025-01-18
2307,treatment,onboarding_checklist_v1,2025-02-28
2308,treatment,onboarding_checklist_v1,2025-01-28
2309,control,onboarding_checklist_v1,2025-02-25
2310,treatment,onboarding_checklist_v1,2025-04-07
2311,treatment,onboarding_checklist_v1,2025-02-20
2312,control,onboarding_checklist_v1,2025-01-13
2313,control,onboarding_checklist_v1,2025-04-03
2314,control,onboarding_checklist_v1,2025-01-10
2315,control,onboarding_checklist_v1,2025-02-11
2316,treatment,onboarding_checklist_v1,2025-01-01
2317,treatment,onboarding_checklist_v1,2025-01-16
2318,treatment,onboarding_checklist_v1,2025-03-20
2319,control,onboarding_checklist_v1,2025-06-03
2320,control,onboarding_checklist_v1,2025-05-21
2321,control,onboarding_checklist_v1,2025-01-18
2322,treatment,onboarding_checklist_v1,2025-01-07
2323,control,onboarding_checklist_v1,2025-03-03
2324,treatment,onboarding_checklist_v1,2025-04-29
2325,treatment,onboarding_checklist_v1,2025-05-16
2326,control,onboarding_checklist_v1,2025-05-29
2327,treatment,onboarding_checklist_v1,2025-03-03
2328,treatment,onboarding_checklist_v1,2025-01-31
2329,treatment,onboarding_checklist_v1,2025-01-05
2330,control,onboarding_checklist_v1,2025-01-27
2331,control,onboarding_checklist_v1,2025-01-12
2332,treatment,onboarding_checklist_v1,2025-06-05
2333,control,onboarding_checklist_v1,2025-02-18
2334,treatment,onboarding_checklist_v1,2025-05-29
2335,control,onboarding_checklist_v1,2025-04-11
2336,treatment,onboarding_checklist_v1,2025-04-08
2337,treatment,onboarding_checklist_v1,2025-03-24
2338,control,onboarding_checklist_v1,2025-05-29
2339,control,onboarding_checklist_v1,2025-01-08
2340,treatment,onboarding_checklist_v1,2025-01-17
2341,control,onboarding_checklist_v1,2025-03-18
2342,treatment,onboarding_checklist_v1,2025-03-13
2343,treatment,onboarding_checklist_v1,2025-04-09
2344,control,onboarding_checklist_v1,2025-05-14
2345,treatment,onboarding_checklist_v1,2025-04-17
2346,treatment,onboarding_checklist_v1,2025-02-16
2347,treatment,onboarding_checklist_v1,2025-03-01
2348,control,onboarding_checklist_v1,2025-05-17
2349,control,onboarding_checklist_v1,2025-02-06
2350,control,onboarding_checklist_v1,2025-04-02
2351,treatment,onboarding_checklist_v1,2025-04-08
2352,treatment,onboarding_checklist_v1,2025-05-16
2353,treatment,onboarding_checklist_v1,2025-05-10
2354,control,onboarding_checklist_v1,2025-03-26
2355,treatment,onboarding_checklist_v1,2025-02-25
2356,treatment,onboarding_checklist_v1,2025-03-08
2357,treatment,onboarding_checklist_v1,2025-03-16
2358,control,onboarding_checklist_v1,2025-02-09
2359,treatment,onboarding_checklist_v1,2025-04-24
2360,control,onboarding_checklist_v1,2025-02-07
2361,control,onboarding_checklist_v1,2025-04-28
2362,treatment,onboarding_checklist_v1,2025-05-17
2363,control,onboarding_checklist_v1,2025-06-24
2364,control,onboarding_checklist_v1,2025-01-22
2365,treatment,onboarding_checklist_v1,2025-05-18
2366,treatment,onboarding_checklist_v1,2025-01-16
2367,control,onboarding_checklist_v1,2025-03-03
2368,treatment,onboarding_checklist_v1,2025-02-01
2369,control,onboarding_checklist_v1,2025-01-30
2370,control,onboarding_checklist_v1,2025-02-01
2371,control,onboarding_checklist_v1,2025-01-08
2372,treatment,onboarding_checklist_v1,2025-05-29
2373,control,onboarding_checklist_v1,2025-01-12
2374,control,onboarding_checklist_v1,2025-03-14
2375,treatment,onboarding_checklist_v1,2025-05-07
2376,treatment,onboarding_checklist_v1,2025-06-29
2377,treatment,onboarding_checklist_v1,2025-06-04
2378,treatment,onboarding_checklist_v1,2025-01-25
2379,control,onboarding_checklist_v1,2025-06-28
2380,control,onboarding_checklist_v1,2025-04-29
2381,control,onboarding_checklist_v1,2025-02-02
2382,treatment,onboarding_checklist_v1,2025-03-23
2383,control,onboarding_checklist_v1,2025-06-16
2384,control,onboarding_checklist_v1,2025-03-13
2385,control,onboarding_checklist_v1,2025-02-03
2386,control,onboarding_checklist_v1,2025-06-08
2387,treatment,onboarding_checklist_v1,2025-06-22
2388,treatment,onboarding_checklist_v1,2025-06-26
2389,control,onboarding_checklist_v1,2025-06-22
2390,treatment,onboarding_checklist_v1,2025-06-07
2391,treatment,onboarding_checklist_v1,2025-03-24
2392,control,onboarding_checklist_v1,2025-02-04
2393,control,onboarding_checklist_v1,2025-04-22
2394,treatment,onboarding_checklist_v1,2025-02-09
2395,control,onboarding_checklist_v1,2025-03-27
2396,treatment,onboarding_checklist_v1,2025-04-29
2397,treatment,onboarding_checklist_v1,2025-06-21
2398,treatment,onboarding_checklist_v1,2025-02-22
2399,treatment,onboarding_checklist_v1,2025-02-15
2400,treatment,onboarding_checklist_v1,2025-05-13
2401,treatment,onboarding_checklist_v1,2025-01-02
2402,control,onboarding_checklist_v1,2025-04-13
2403,treatment,onboarding_checklist_v1,2025-05-16
2404,treatment,onboarding_checklist_v1,2025-04-10
2405,treatment,onboarding_checklist_v1,2025-03-11
2406,treatment,onboarding_checklist_v1,2025-05-30
2407,control,onboarding_checklist_v1,2025-03-09
2408,treatment,onboarding_checklist_v1,2025-05-09
2409,treatment,onboarding_checklist_v1,2025-03-26
2410,treatment,onboarding_checklist_v1,2025-01-05
2411,treatment,onboarding_checklist_v1,2025-04-07
2412,treatment,onboarding_checklist_v1,2025-01-09
2413,treatment,onboarding_checklist_v1,2025-06-18
2414,control,onboarding_checklist_v1,2025-04-19
2415,control,onboarding_checklist_v1,2025-03-09
2416,treatment,onboarding_checklist_v1,2025-03-30
2417,treatment,onboarding_checklist_v1,2025-04-23
2418,treatment,onboarding_checklist_v1,2025-02-17
2419,control,onboarding_checklist_v1,2025-02-22
2420,control,onboarding_checklist_v1,2025-03-17
2421,control,onboarding_checklist_v1,2025-02-16
2422,treatment,onboarding_checklist_v1,2025-05-18
2423,treatment,onboarding_checklist_v1,2025-01-19
2424,treatment,onboarding_checklist_v1,2025-05-30
2425,control,onboarding_checklist_v1,2025-03-05
2426,treatment,onboarding_checklist_v1,2025-04-12
2427,treatment,onboarding_checklist_v1,2025-01-29
2428,control,onboarding_checklist_v1,2025-03-11
2429,treatment,onboarding_checklist_v1,2025-05-17
2430,treatment,onboarding_checklist_v1,2025-02-18
2431,control,onboarding_checklist_v1,2025-01-24
2432,control,onboarding_checklist_v1,2025-04-05
2433,treatment,onboarding_checklist_v1,2025-01-30
2434,treatment,onboarding_checklist_v1,2025-02-26
2435,treatment,onboarding_checklist_v1,2025-03-23
2436,treatment,onboarding_checklist_v1,2025-04-13
2437,control,onboarding_checklist_v1,2025-04-26
2438,treatment,onboarding_checklist_v1,2025-05-03
2439,treatment,onboarding_checklist_v1,2025-06-02
2440,control,onboarding_checklist_v1,2025-01-12
2441,treatment,onboarding_checklist_v1,2025-03-07
2442,control,onboarding_checklist_v1,2025-01-01
2443,control,onboarding_checklist_v1,2025-01-02
2444,control,onboarding_checklist_v1,2025-02-08
2445,treatment,onboarding_checklist_v1,2025-04-19
2446,control,onboarding_checklist_v1,2025-06-11
2447,control,onboarding_checklist_v1,2025-05-21
2448,treatment,onboarding_checklist_v1,2025-04-27
2449,control,onboarding_checklist_v1,2025-05-21
2450,treatment,onboarding_checklist_v1,2025-02-01
2451,treatment,onboarding_checklist_v1,2025-06-02
2452,control,onboarding_checklist_v1,2025-06-11
2453,control,onboarding_checklist_v1,2025-01-18
2454,treatment,onboarding_checklist_v1,2025-03-27
2455,control,onboarding_checklist_v1,2025-05-31
2456,control,onboarding_checklist_v1,2025-03-28
2457,treatment,onboarding_checklist_v1,2025-06-02
2458,treatment,onboarding_checklist_v1,2025-06-19
2459,treatment,onboarding_checklist_v1,2025-03-27
2460,treatment,onboarding_checklist_v1,2025-01-11
2461,treatment,onboarding_checklist_v1,2025-03-03
2462,treatment,onboarding_checklist_v1,2025-02-08
2463,treatment,onboarding_checklist_v1,2025-03-27
2464,treatment,onboarding_checklist_v1,2025-04-17
2465,treatment,onboarding_checklist_v1,2025-03-25
2466,treatment,onboarding_checklist_v1,2025-02-05
2467,control,onboarding_checklist_v1,2025-02-24
2468,treatment,onboarding_checklist_v1,2025-05-03
2469,treatment,onboarding_checklist_v1,2025-01-05
2470,control,onboarding_checklist_v1,2025-02-08
2471,control,onboarding_checklist_v1,2025-06-11
2472,treatment,onboarding_checklist_v1,2025-01-18
2473,control,onboarding_checklist_v1,2025-03-17
2474,control,onboarding_checklist_v1,2025-02-07
2475,control,onboarding_checklist_v1,2025-01-19
2476,control,onboarding_checklist_v1,2025-03-18
2477,treatment,onboarding_checklist_v1,2025-04-05
2478,control,onboarding_checklist_v1,2025-02-01
2479,control,onboarding_checklist_v1,2025-01-15
2480,treatment,onboarding_checklist_v1,2025-01-25
2481,control,onboarding_checklist_v1,2025-04-28
2482,control,onboarding_checklist_v1,2025-06-05
2483,treatment,onboarding_checklist_v1,2025-02-02
2484,treatment,onboarding_checklist_v1,2025-02-27
2485,treatment,onboarding_checklist_v1,2025-03-04
2486,treatment,onboarding_checklist_v1,2025-03-07
2487,treatment,onboarding_checklist_v1,2025-02-14
2488,control,onboarding_checklist_v1,2025-01-11
2489,treatment,onboarding_checklist_v1,2025-04-06
2490,treatment,onboarding_checklist_v1,2025-03-06
2491,control,onboarding_checklist_v1,2025-03-03
2492,treatment,onboarding_checklist_v1,2025-02-17
2493,control,onboarding_checklist_v1,2025-06-18
2494,treatment,onboarding_checklist_v1,2025-04-21
2495,treatment,onboarding_checklist_v1,2025-03-17
2496,treatment,onboarding_checklist_v1,2025-02-07
2497,control,onboarding_checklist_v1,2025-05-26
2498,treatment,onboarding_checklist_v1,2025-06-10
2499,treatment,onboarding_checklist_v1,2025-01-06
2500,control,onboarding_checklist_v1,2025-06-18
2501,control,onboarding_checklist_v1,2025-05-07
2502,treatment,onboarding_checklist_v1,2025-01-19
2503,control,onboarding_checklist_v1,2025-05-17
2504,treatment,onboarding_checklist_v1,2025-01-20
2505,treatment,onboarding_checklist_v1,2025-01-10
2506,control,onboarding_checklist_v1,2025-01-21
2507,treatment,onboarding_checklist_v1,2025-03-25
2508,control,onboarding_checklist_v1,2025-04-23
2509,treatment,onboarding_checklist_v1,2025-03-15
2510,treatment,onboarding_checklist_v1,2025-01-23
2511,control,onboarding_checklist_v1,2025-02-06
2512,treatment,onboarding_checklist_v1,2025-06-04
2513,treatment,onboarding_checklist_v1,2025-06-24
2514,treatment,onboarding_checklist_v1,2025-05-17
2515,control,onboarding_checklist_v1,2025-01-19
2516,treatment,onboarding_checklist_v1,2025-05-29
2517,treatment,onboarding_checklist_v1,2025-05-06
2518,control,onboarding_checklist_v1,2025-04-06
2519,treatment,onboarding_checklist_v1,2025-01-26
2520,control,onboarding_checklist_v1,2025-06-30
2521,treatment,onboarding_checklist_v1,2025-03-22
2522,control,onboarding_checklist_v1,2025-01-08
2523,treatment,onboarding_checklist_v1,2025-02-08
2524,control,onboarding_checklist_v1,2025-03-14
2525,control,onboarding_checklist_v1,2025-01-12
2526,treatment,onboarding_checklist_v1,2025-02-28
2527,treatment,onboarding_checklist_v1,2025-03-26
2528,treatment,onboarding_checklist_v1,2025-06-21
2529,treatment,onboarding_checklist_v1,2025-01-16
2530,control,onboarding_checklist_v1,2025-04-15
2531,treatment,onboarding_checklist_v1,2025-06-15
2532,control,onboarding_checklist_v1,2025-05-26
2533,control,onboarding_checklist_v1,2025-06-17
2534,treatment,onboarding_checklist_v1,2025-01-31
2535,treatment,onboarding_checklist_v1,2025-05-26
2536,control,onboarding_checklist_v1,2025-06-27
2537,control,onboarding_checklist_v1,2025-03-01
2538,treatment,onboarding_checklist_v1,2025-04-01
2539,control,onboarding_checklist_v1,2025-04-07
2540,control,onboarding_checklist_v1,2025-03-31
2541,control,onboarding_checklist_v1,2025-02-22
2542,control,onboarding_checklist_v1,2025-06-25
2543,control,onboarding_checklist_v1,2025-06-23
2544,treatment,onboarding_checklist_v1,2025-03-10
2545,control,onboarding_checklist_v1,2025-05-26
2546,treatment,onboarding_checklist_v1,2025-03-13
2547,treatment,onboarding_checklist_v1,2025-05-24
2548,treatment,onboarding_checklist_v1,2025-04-16
2549,treatment,onboarding_checklist_v1,2025-03-27
2550,treatment,onboarding_checklist_v1,2025-01-24
2551,treatment,onboarding_checklist_v1,2025-04-29
2552,treatment,onboarding_checklist_v1,2025-02-28
2553,treatment,onboarding_checklist_v1,2025-02-09
2554,treatment,onboarding_checklist_v1,2025-02-04
2555,treatment,onboarding_checklist_v1,2025-06-27
2556,control,onboarding_checklist_v1,2025-01-19
2557,treatment,onboarding_checklist_v1,2025-05-25
2558,treatment,onboarding_checklist_v1,2025-06-06
2559,control,onboarding_checklist_v1,2025-01-06
2560,treatment,onboarding_checklist_v1,2025-04-17
2561,control,onboarding_checklist_v1,2025-04-15
2562,control,onboarding_checklist_v1,2025-03-06
2563,treatment,onboarding_checklist_v1,2025-05-01
2564,control,onboarding_checklist_v1,2025-03-15
2565,control,onboarding_checklist_v1,2025-03-21
2566,control,onboarding_checklist_v1,2025-03-20
2567,treatment,onboarding_checklist_v1,2025-05-25
2568,control,onboarding_checklist_v1,2025-04-25
2569,treatment,onboarding_checklist_v1,2025-03-10
2570,treatment,onboarding_checklist_v1,2025-06-17
2571,treatment,onboarding_checklist_v1,2025-05-26
2572,treatment,onboarding_checklist_v1,2025-06-18
2573,treatment,onboarding_checklist_v1,2025-05-13
2574,control,onboarding_checklist_v1,2025-03-12
2575,treatment,onboarding_checklist_v1,2025-05-20
2576,treatment,onboarding_checklist_v1,2025-03-01
2577,control,onboarding_checklist_v1,2025-02-19
2578,control,onboarding_checklist_v1,2025-03-23
2579,treatment,onboarding_checklist_v1,2025-06-25
2580,control,onboarding_checklist_v1,2025-04-13
2581,treatment,onboarding_checklist_v1,2025-03-11
2582,control,onboarding_checklist_v1,2025-03-25
2583,treatment,onboarding_checklist_v1,2025-02-22
2584,control,onboarding_checklist_v1,2025-04-30
2585,treatment,onboarding_checklist_v1,2025-03-05
2586,control,onboarding_checklist_v1,2025-04-11
2587,control,onboarding_checklist_v1,2025-03-08
2588,control,onboarding_checklist_v1,2025-02-28
2589,control,onboarding_checklist_v1,2025-06-25
2590,treatment,onboarding_checklist_v1,2025-03-04
2591,treatment,onboarding_checklist_v1,2025-01-13
2592,control,onboarding_checklist_v1,2025-03-10
2593,treatment,onboarding_checklist_v1,2025-04-07
2594,control,onboarding_checklist_v1,2025-01-18
2595,control,onboarding_checklist_v1,2025-02-25
2596,treatment,onboarding_checklist_v1,2025-01-31
2597,treatment,onboarding_checklist_v1,2025-04-01
2598,treatment,onboarding_checklist_v1,2025-05-11
2599,control,onboarding_checklist_v1,2025-06-25
2600,control,onboarding_checklist_v1,2025-03-12
2601,treatment,onboarding_checklist_v1,2025-06-06
2602,control,onboarding_checklist_v1,2025-02-08
2603,control,onboarding_checklist_v1,2025-05-22
2604,treatment,onboarding_checklist_v1,2025-04-12
2605,treatment,onboarding_checklist_v1,2025-05-18
2606,control,onboarding_checklist_v1,2025-05-17
2607,control,onboarding_checklist_v1,2025-04-07
2608,treatment,onboarding_checklist_v1,2025-02-16
2609,control,onboarding_checklist_v1,2025-04-06
2610,control,onboarding_checklist_v1,2025-05-30
2611,control,onboarding_checklist_v1,2025-06-25
2612,treatment,onboarding_checklist_v1,2025-06-17
2613,treatment,onboarding_checklist_v1,2025-02-02
2614,control,onboarding_checklist_v1,2025-04-19
2615,control,onboarding_checklist_v1,2025-01-19
2616,treatment,onboarding_checklist_v1,2025-05-02
2617,treatment,onboarding_checklist_v1,2025-06-29
2618,treatment,onboarding_checklist_v1,2025-01-10
2619,control,onboarding_checklist_v1,2025-04-29
2620,treatment,onboarding_checklist_v1,2025-06-21
2621,treatment,onboarding_checklist_v1,2025-06-03
2622,treatment,onboarding_checklist_v1,2025-03-13
2623,control,onboarding_checklist_v1,2025-01-19
2624,treatment,onboarding_checklist_v1,2025-06-17
2625,control,onboarding_checklist_v1,2025-06-16
2626,control,onboarding_checklist_v1,2025-04-15
2627,control,onboarding_checklist_v1,2025-06-27
2628,treatment,onboarding_checklist_v1,2025-01-01
2629,control,onboarding_checklist_v1,2025-04-22
2630,treatment,onboarding_checklist_v1,2025-01-07
2631,treatment,onboarding_checklist_v1,2025-06-19
2632,treatment,onboarding_checklist_v1,2025-05-04
2633,control,onboarding_checklist_v1,2025-06-15
2634,treatment,onboarding_checklist_v1,2025-04-12
2635,control,onboarding_checklist_v1,2025-01-16
2636,control,onboarding_checklist_v1,2025-01-05
2637,control,onboarding_checklist_v1,2025-03-02
2638,control,onboarding_checklist_v1,2025-05-15
2639,treatment,onboarding_checklist_v1,2025-01-28
2640,control,onboarding_checklist_v1,2025-06-04
2641,control,onboarding_checklist_v1,2025-02-13
2642,treatment,onboarding_checklist_v1,2025-03-31
2643,control,onboarding_checklist_v1,2025-02-06
2644,control,onboarding_checklist_v1,2025-03-26
2645,control,onboarding_checklist_v1,2025-03-23
2646,control,onboarding_checklist_v1,2025-01-01
2647,treatment,onboarding_checklist_v1,2025-04-13
2648,control,onboarding_checklist_v1,2025-05-23
2649,control,onboarding_checklist_v1,2025-06-19
2650,treatment,onboarding_checklist_v1,2025-03-01
2651,control,onboarding_checklist_v1,2025-06-09
2652,treatment,onboarding_checklist_v1,2025-06-09
2653,treatment,onboarding_checklist_v1,2025-06-28
2654,control,onboarding_checklist_v1,2025-03-09
2655,control,onboarding_checklist_v1,2025-06-04
2656,control,onboarding_checklist_v1,2025-04-13
2657,control,onboarding_checklist_v1,2025-01-11
2658,control,onboarding_checklist_v1,2025-02-18
2659,treatment,onboarding_checklist_v1,2025-05-02
2660,control,onboarding_checklist_v1,2025-01-30
2661,control,onboarding_checklist_v1,2025-03-20
2662,control,onboarding_checklist_v1,2025-05-21
2663,treatment,onboarding_checklist_v1,2025-01-28
2664,treatment,onboarding_checklist_v1,2025-03-31
2665,control,onboarding_checklist_v1,2025-02-08
2666,treatment,onboarding_checklist_v1,2025-04-08
2667,control,onboarding_checklist_v1,2025-02-13
2668,treatment,onboarding_checklist_v1,2025-06-24
2669,treatment,onboarding_checklist_v1,2025-01-14
2670,treatment,onboarding_checklist_v1,2025-06-24
2671,control,onboarding_checklist_v1,2025-05-24
2672,control,onboarding_checklist_v1,2025-06-04
2673,treatment,onboarding_checklist_v1,2025-06-04
2674,control,onboarding_checklist_v1,2025-02-03
2675,control,onboarding_checklist_v1,2025-06-18
2676,treatment,onboarding_checklist_v1,2025-04-18
2677,treatment,onboarding_checklist_v1,2025-06-24
2678,treatment,onboarding_checklist_v1,2025-06-08
2679,treatment,onboarding_checklist_v1,2025-04-15
2680,treatment,onboarding_checklist_v1,2025-03-09
2681,control,onboarding_checklist_v1,2025-01-22
2682,treatment,onboarding_checklist_v1,2025-01-19
2683,treatment,onboarding_checklist_v1,2025-03-12
2684,treatment,onboarding_checklist_v1,2025-05-27
2685,control,onboarding_checklist_v1,2025-04-02
2686,control,onboarding_checklist_v1,2025-03-29
2687,treatment,onboarding_checklist_v1,2025-02-14
2688,control,onboarding_checklist_v1,2025-04-13
2689,control,onboarding_checklist_v1,2025-04-26
2690,treatment,onboarding_checklist_v1,2025-06-27
2691,treatment,onboarding_checklist_v1,2025-05-13
2692,control,onboarding_checklist_v1,2025-04-20
2693,control,onboarding_checklist_v1,2025-06-14
2694,control,onboarding_checklist_v1,2025-03-18
2695,treatment,onboarding_checklist_v1,2025-06-19
2696,control,onboarding_checklist_v1,2025-03-08
2697,control,onboarding_checklist_v1,2025-01-24
2698,control,onboarding_checklist_v1,2025-03-17
2699,control,onboarding_checklist_v1,2025-01-24
2700,control,onboarding_checklist_v1,2025-01-22
2701,control,onboarding_checklist_v1,2025-06-09
2702,treatment,onboarding_checklist_v1,2025-05-24
2703,control,onboarding_checklist_v1,2025-02-10
2704,control,onboarding_checklist_v1,2025-06-01
2705,control,onboarding_checklist_v1,2025-01-13
2706,control,onboarding_checklist_v1,2025-02-21
2707,control,onboarding_checklist_v1,2025-05-08
2708,control,onboarding_checklist_v1,2025-02-24
2709,control,onboarding_checklist_v1,2025-05-13
2710,control,onboarding_checklist_v1,2025-06-08
2711,treatment,onboarding_checklist_v1,2025-01-12
2712,control,onboarding_checklist_v1,2025-01-05
2713,treatment,onboarding_checklist_v1,2025-06-20
2714,treatment,onboarding_checklist_v1,2025-04-05
2715,control,onboarding_checklist_v1,2025-04-02
2716,control,onboarding_checklist_v1,2025-03-25
2717,control,onboarding_checklist_v1,2025-03-20
2718,control,onboarding_checklist_v1,2025-05-05
2719,treatment,onboarding_checklist_v1,2025-04-15
2720,control,onboarding_checklist_v1,2025-01-30
2721,treatment,onboarding_checklist_v1,2025-04-24
2722,control,onboarding_checklist_v1,2025-05-01
2723,treatment,onboarding_checklist_v1,2025-01-21
2724,treatment,onboarding_checklist_v1,2025-03-10
2725,treatment,onboarding_checklist_v1,2025-05-24
2726,treatment,onboarding_checklist_v1,2025-04-22
2727,treatment,onboarding_checklist_v1,2025-01-25
2728,control,onboarding_checklist_v1,2025-01-08
2729,control,onboarding_checklist_v1,2025-04-16
2730,control,onboarding_checklist_v1,2025-03-25
2731,control,onboarding_checklist_v1,2025-06-23
2732,treatment,onboarding_checklist_v1,2025-04-05
2733,control,onboarding_checklist_v1,2025-06-18
2734,control,onboarding_checklist_v1,2025-02-08
2735,treatment,onboarding_checklist_v1,2025-03-22
2736,control,onboarding_checklist_v1,2025-01-26
2737,treatment,onboarding_checklist_v1,2025-04-14
2738,control,onboarding_checklist_v1,2025-02-04
2739,treatment,onboarding_checklist_v1,2025-03-31
2740,treatment,onboarding_checklist_v1,2025-03-04
2741,control,onboarding_checklist_v1,2025-02-03
2742,treatment,onboarding_checklist_v1,2025-01-18
2743,control,onboarding_checklist_v1,2025-04-03
2744,treatment,onboarding_checklist_v1,2025-06-21
2745,treatment,onboarding_checklist_v1,2025-02-05
2746,control,onboarding_checklist_v1,2025-03-15
2747,treatment,onboarding_checklist_v1,2025-02-10
2748,treatment,onboarding_checklist_v1,2025-05-27
2749,treatment,onboarding_checklist_v1,2025-03-17
2750,treatment,onboarding_checklist_v1,2025-06-26
2751,treatment,onboarding_checklist_v1,2025-02-14
2752,control,onboarding_checklist_v1,2025-01-15
2753,treatment,onboarding_checklist_v1,2025-04-16
2754,treatment,onboarding_checklist_v1,2025-04-28
2755,control,onboarding_checklist_v1,2025-06-29
2756,control,onboarding_checklist_v1,2025-06-07
2757,control,onboarding_checklist_v1,2025-06-10
2758,control,onboarding_checklist_v1,2025-04-25
2759,control,onboarding_checklist_v1,2025-03-07
2760,control,onboarding_checklist_v1,2025-03-19
2761,treatment,onboarding_checklist_v1,2025-01-25
2762,control,onboarding_checklist_v1,2025-03-20
2763,control,onboarding_checklist_v1,2025-03-07
2764,treatment,onboarding_checklist_v1,2025-01-07
2765,control,onboarding_checklist_v1,2025-02-07
2766,control,onboarding_checklist_v1,2025-04-07
2767,treatment,onboarding_checklist_v1,2025-03-08
2768,treatment,onboarding_checklist_v1,2025-06-29
2769,treatment,onboarding_checklist_v1,2025-03-28
2770,control,onboarding_checklist_v1,2025-06-23
2771,control,onboarding_checklist_v1,2025-04-30
2772,treatment,onboarding_checklist_v1,2025-01-08
2773,treatment,onboarding_checklist_v1,2025-02-06
2774,treatment,onboarding_checklist_v1,2025-05-08
2775,treatment,onboarding_checklist_v1,2025-04-09
2776,control,onboarding_checklist_v1,2025-02-24
2777,control,onboarding_checklist_v1,2025-04-05
2778,treatment,onboarding_checklist_v1,2025-06-13
2779,treatment,onboarding_checklist_v1,2025-03-12
2780,control,onboarding_checklist_v1,2025-01-09
2781,treatment,onboarding_checklist_v1,2025-02-26
2782,control,onboarding_checklist_v1,2025-06-19
2783,treatment,onboarding_checklist_v1,2025-05-18
2784,control,onboarding_checklist_v1,2025-06-01
2785,treatment,onboarding_checklist_v1,2025-06-15
2786,control,onboarding_checklist_v1,2025-01-22
2787,treatment,onboarding_checklist_v1,2025-02-21
2788,treatment,onboarding_checklist_v1,2025-01-11
2789,control,onboarding_checklist_v1,2025-01-01
2790,treatment,onboarding_checklist_v1,2025-06-01
2791,treatment,onboarding_checklist_v1,2025-06-19
2792,treatment,onboarding_checklist_v1,2025-01-29
2793,control,onboarding_checklist_v1,2025-05-11
2794,treatment,onboarding_checklist_v1,2025-04-07
2795,treatment,onboarding_checklist_v1,2025-01-13
2796,treatment,onboarding_checklist_v1,2025-06-15
2797,control,onboarding_checklist_v1,2025-06-07
2798,treatment,onboarding_checklist_v1,2025-04-13
2799,control,onboarding_checklist_v1,2025-05-09
2800,control,onboarding_checklist_v1,2025-03-13
2801,control,onboarding_checklist_v1,2025-05-24
2802,control,onboarding_checklist_v1,2025-03-22
2803,control,onboarding_checklist_v1,2025-06-29
2804,control,onboarding_checklist_v1,2025-01-12
2805,treatment,onboarding_checklist_v1,2025-02-01
2806,treatment,onboarding_checklist_v1,2025-06-25
2807,control,onboarding_checklist_v1,2025-02-22
2808,treatment,onboarding_checklist_v1,2025-02-26
2809,treatment,onboarding_checklist_v1,2025-05-24
2810,treatment,onboarding_checklist_v1,2025-02-04
2811,treatment,onboarding_checklist_v1,2025-04-03
2812,treatment,onboarding_checklist_v1,2025-02-21
2813,treatment,onboarding_checklist_v1,2025-02-05
2814,treatment,onboarding_checklist_v1,2025-06-24
2815,treatment,onboarding_checklist_v1,2025-02-06
2816,control,onboarding_checklist_v1,2025-01-18
2817,treatment,onboarding_checklist_v1,2025-05-02
2818,treatment,onboarding_checklist_v1,2025-06-06
2819,treatment,onboarding_checklist_v1,2025-01-24
2820,treatment,onboarding_checklist_v1,2025-05-09
2821,control,onboarding_checklist_v1,2025-04-08
2822,control,onboarding_checklist_v1,2025-05-31
2823,treatment,onboarding_checklist_v1,2025-01-23
2824,treatment,onboarding_checklist_v1,2025-06-26
2825,treatment,onboarding_checklist_v1,2025-04-23
2826,treatment,onboarding_checklist_v1,2025-06-02
2827,treatment,onboarding_checklist_v1,2025-03-07
2828,treatment,onboarding_checklist_v1,2025-06-20
2829,control,onboarding_checklist_v1,2025-04-24
2830,treatment,onboarding_checklist_v1,2025-01-23
2831,control,onboarding_checklist_v1,2025-06-17
2832,treatment,onboarding_checklist_v1,2025-05-25
2833,control,onboarding_checklist_v1,2025-02-24
2834,treatment,onboarding_checklist_v1,2025-04-09
2835,control,onboarding_checklist_v1,2025-03-12
2836,control,onboarding_checklist_v1,2025-04-09
2837,treatment,onboarding_checklist_v1,2025-06-24
2838,treatment,onboarding_checklist_v1,2025-06-12
2839,control,onboarding_checklist_v1,2025-02-09
2840,treatment,onboarding_checklist_v1,2025-06-25
2841,control,onboarding_checklist_v1,2025-03-21
2842,control,onboarding_checklist_v1,2025-05-08
2843,control,onboarding_checklist_v1,2025-05-19
2844,treatment,onboarding_checklist_v1,2025-03-29
2845,treatment,onboarding_checklist_v1,2025-03-24
2846,treatment,onboarding_checklist_v1,2025-03-24
2847,treatment,onboarding_checklist_v1,2025-06-06
2848,treatment,onboarding_checklist_v1,2025-03-11
2849,treatment,onboarding_checklist_v1,2025-02-20
2850,treatment,onboarding_checklist_v1,2025-03-07
2851,control,onboarding_checklist_v1,2025-02-05
2852,control,onboarding_checklist_v1,2025-03-12
2853,control,onboarding_checklist_v1,2025-01-21
2854,treatment,onboarding_checklist_v1,2025-01-17
2855,treatment,onboarding_checklist_v1,2025-05-12
2856,control,onboarding_checklist_v1,2025-01-15
2857,treatment,onboarding_checklist_v1,2025-04-13
2858,treatment,onboarding_checklist_v1,2025-05-22
2859,control,onboarding_checklist_v1,2025-05-12
2860,control,onboarding_checklist_v1,2025-03-22
2861,control,onboarding_checklist_v1,2025-02-05
2862,control,onboarding_checklist_v1,2025-06-18
2863,treatment,onboarding_checklist_v1,2025-06-01
2864,treatment,onboarding_checklist_v1,2025-04-21
2865,control,onboarding_checklist_v1,2025-01-16
2866,control,onboarding_checklist_v1,2025-01-07
2867,control,onboarding_checklist_v1,2025-02-27
2868,control,onboarding_checklist_v1,2025-01-29
2869,control,onboarding_checklist_v1,2025-06-05
2870,treatment,onboarding_checklist_v1,2025-02-07
2871,treatment,onboarding_checklist_v1,2025-02-21
2872,treatment,onboarding_checklist_v1,2025-06-26
2873,control,onboarding_checklist_v1,2025-05-29
2874,treatment,onboarding_checklist_v1,2025-02-09
2875,control,onboarding_checklist_v1,2025-03-11
2876,control,onboarding_checklist_v1,2025-04-04
2877,treatment,onboarding_checklist_v1,2025-05-01
2878,treatment,onboarding_checklist_v1,2025-06-19
2879,control,onboarding_checklist_v1,2025-06-07
2880,control,onboarding_checklist_v1,2025-06-26
2881,treatment,onboarding_checklist_v1,2025-01-08
2882,treatment,onboarding_checklist_v1,2025-02-12
2883,treatment,onboarding_checklist_v1,2025-04-12
2884,control,onboarding_checklist_v1,2025-01-09
2885,control,onboarding_checklist_v1,2025-03-06
2886,control,onboarding_checklist_v1,2025-01-28
2887,control,onboarding_checklist_v1,2025-06-18
2888,treatment,onboarding_checklist_v1,2025-01-12
2889,treatment,onboarding_checklist_v1,2025-01-27
2890,control,onboarding_checklist_v1,2025-02-05
2891,treatment,onboarding_checklist_v1,2025-01-27
2892,treatment,onboarding_checklist_v1,2025-04-13
2893,treatment,onboarding_checklist_v1,2025-03-07
2894,control,onboarding_checklist_v1,2025-06-15
2895,control,onboarding_checklist_v1,2025-02-17
2896,control,onboarding_checklist_v1,2025-04-08
2897,control,onboarding_checklist_v1,2025-04-30
2898,control,onboarding_checklist_v1,2025-04-24
2899,control,onboarding_checklist_v1,2025-05-25
2900,control,onboarding_checklist_v1,2025-02-06
2901,control,onboarding_checklist_v1,2025-04-02
2902,treatment,onboarding_checklist_v1,2025-05-25
2903,treatment,onboarding_checklist_v1,2025-06-06
2904,control,onboarding_checklist_v1,2025-04-22
2905,treatment,onboarding_checklist_v1,2025-04-28
2906,control,onboarding_checklist_v1,2025-06-06
2907,control,onboarding_checklist_v1,2025-04-24
2908,treatment,onboarding_checklist_v1,2025-06-21
2909,control,onboarding_checklist_v1,2025-01-24
2910,control,onboarding_checklist_v1,2025-03-04
2911,control,onboarding_checklist_v1,2025-01-21
2912,treatment,onboarding_checklist_v1,2025-01-17
2913,treatment,onboarding_checklist_v1,2025-03-27
2914,control,onboarding_checklist_v1,2025-02-10
2915,control,onboarding_checklist_v1,2025-03-15
2916,control,onboarding_checklist_v1,2025-03-21
2917,treatment,onboarding_checklist_v1,2025-04-23
2918,control,onboarding_checklist_v1,2025-06-21
2919,treatment,onboarding_checklist_v1,2025-06-03
2920,treatment,onboarding_checklist_v1,2025-03-10
2921,control,onboarding_checklist_v1,2025-02-28
2922,treatment,onboarding_checklist_v1,2025-05-20
2923,control,onboarding_checklist_v1,2025-01-23
2924,control,onboarding_checklist_v1,2025-04-08
2925,control,onboarding_checklist_v1,2025-03-18
2926,control,onboarding_checklist_v1,2025-02-03
2927,treatment,onboarding_checklist_v1,2025-04-22
2928,treatment,onboarding_checklist_v1,2025-02-28
2929,control,onboarding_checklist_v1,2025-02-03
2930,control,onboarding_checklist_v1,2025-04-29
2931,treatment,onboarding_checklist_v1,2025-02-01
2932,control,onboarding_checklist_v1,2025-05-02
2933,control,onboarding_checklist_v1,2025-01-30
2934,treatment,onboarding_checklist_v1,2025-03-20
2935,treatment,onboarding_checklist_v1,2025-05-27
2936,treatment,onboarding_checklist_v1,2025-02-11
2937,control,onboarding_checklist_v1,2025-05-19
2938,control,onboarding_checklist_v1,2025-05-11
2939,control,onboarding_checklist_v1,2025-06-13
2940,treatment,onboarding_checklist_v1,2025-01-31
2941,control,onboarding_checklist_v1,2025-05-10
2942,control,onboarding_checklist_v1,2025-06-19
2943,control,onboarding_checklist_v1,2025-05-19
2944,treatment,onboarding_checklist_v1,2025-02-04
2945,treatment,onboarding_checklist_v1,2025-05-29
2946,treatment,onboarding_checklist_v1,2025-01-20
2947,control,onboarding_checklist_v1,2025-04-17
2948,treatment,onboarding_checklist_v1,2025-04-01
2949,control,onboarding_checklist_v1,2025-04-07
2950,control,onboarding_checklist_v1,2025-04-05
2951,control,onboarding_checklist_v1,2025-01-06
2952,treatment,onboarding_checklist_v1,2025-04-02
2953,control,onboarding_checklist_v1,2025-06-19
2954,treatment,onboarding_checklist_v1,2025-03-21
2955,control,onboarding_checklist_v1,2025-02-20
2956,control,onboarding_checklist_v1,2025-06-30
2957,treatment,onboarding_checklist_v1,2025-01-18
2958,treatment,onboarding_checklist_v1,2025-03-30
2959,control,onboarding_checklist_v1,2025-04-03
2960,treatment,onboarding_checklist_v1,2025-03-28
2961,control,onboarding_checklist_v1,2025-06-16
2962,control,onboarding_checklist_v1,2025-03-18
2963,treatment,onboarding_checklist_v1,2025-06-26
2964,treatment,onboarding_checklist_v1,2025-01-13
2965,control,onboarding_checklist_v1,2025-05-13
2966,control,onboarding_checklist_v1,2025-04-18
2967,treatment,onboarding_checklist_v1,2025-02-13
2968,control,onboarding_checklist_v1,2025-02-11
2969,treatment,onboarding_checklist_v1,2025-05-11
2970,treatment,onboarding_checklist_v1,2025-04-26
2971,treatment,onboarding_checklist_v1,2025-04-21
2972,control,onboarding_checklist_v1,2025-01-10
2973,treatment,onboarding_checklist_v1,2025-04-19
2974,control,onboarding_checklist_v1,2025-06-27
2975,control,onboarding_checklist_v1,2025-01-04
2976,control,onboarding_checklist_v1,2025-03-26
2977,control,onboarding_checklist_v1,2025-03-31
2978,treatment,onboarding_checklist_v1,2025-06-12
2979,treatment,onboarding_checklist_v1,2025-02-21
2980,treatment,onboarding_checklist_v1,2025-03-28
2981,treatment,onboarding_checklist_v1,2025-05-10
2982,treatment,onboarding_checklist_v1,2025-01-11
2983,treatment,onboarding_checklist_v1,2025-05-25
2984,treatment,onboarding_checklist_v1,2025-05-29
2985,treatment,onboarding_checklist_v1,2025-05-11
2986,treatment,onboarding_checklist_v1,2025-04-28
2987,control,onboarding_checklist_v1,2025-05-16
2988,treatment,onboarding_checklist_v1,2025-05-22
2989,control,onboarding_checklist_v1,2025-06-13
2990,control,onboarding_checklist_v1,2025-03-19
2991,treatment,onboarding_checklist_v1,2025-03-24
2992,control,onboarding_checklist_v1,2025-04-26
2993,control,onboarding_checklist_v1,2025-02-04
2994,control,onboarding_checklist_v1,2025-06-04
2995,control,onboarding_checklist_v1,2025-05-20
2996,treatment,onboarding_checklist_v1,2025-04-25
2997,treatment,onboarding_checklist_v1,2025-02-24
2998,control,onboarding_checklist_v1,2025-03-04
2999,treatment,onboarding_checklist_v1,2025-03-20
3000,treatment,onboarding_checklist_v1,2025-04-30
3001,treatment,onboarding_checklist_v1,2025-05-21
3002,control,onboarding_checklist_v1,2025-05-02
3003,control,onboarding_checklist_v1,2025-06-18
3004,control,onboarding_checklist_v1,2025-06-23
3005,control,onboarding_checklist_v1,2025-05-08
3006,treatment,onboarding_checklist_v1,2025-03-09
3007,control,onboarding_checklist_v1,2025-04-19
3008,treatment,onboarding_checklist_v1,2025-03-18
3009,treatment,onboarding_checklist_v1,2025-04-24
3010,control,onboarding_checklist_v1,2025-05-27
3011,control,onboarding_checklist_v1,2025-03-08
3012,treatment,onboarding_checklist_v1,2025-04-02
3013,treatment,onboarding_checklist_v1,2025-01-09
3014,control,onboarding_checklist_v1,2025-05-14
3015,treatment,onboarding_checklist_v1,2025-03-30
3016,treatment,onboarding_checklist_v1,2025-03-25
3017,treatment,onboarding_checklist_v1,2025-04-07
3018,control,onboarding_checklist_v1,2025-02-09
3019,treatment,onboarding_checklist_v1,2025-04-19
3020,treatment,onboarding_checklist_v1,2025-05-15
3021,control,onboarding_checklist_v1,2025-03-05
3022,treatment,onboarding_checklist_v1,2025-01-24
3023,treatment,onboarding_checklist_v1,2025-03-12
3024,control,onboarding_checklist_v1,2025-02-05
3025,treatment,onboarding_checklist_v1,2025-03-09
3026,treatment,onboarding_checklist_v1,2025-04-24
3027,treatment,onboarding_checklist_v1,2025-01-21
3028,treatment,onboarding_checklist_v1,2025-05-16
3029,control,onboarding_checklist_v1,2025-02-10
3030,control,onboarding_checklist_v1,2025-06-11
3031,control,onboarding_checklist_v1,2025-05-13
3032,treatment,onboarding_checklist_v1,2025-02-19
3033,control,onboarding_checklist_v1,2025-04-12
3034,treatment,onboarding_checklist_v1,2025-01-21
3035,control,onboarding_checklist_v1,2025-01-19
3036,control,onboarding_checklist_v1,2025-06-23
3037,treatment,onboarding_checklist_v1,2025-05-26
3038,treatment,onboarding_checklist_v1,2025-01-28
3039,control,onboarding_checklist_v1,2025-02-21
3040,control,onboarding_checklist_v1,2025-02-05
3041,control,onboarding_checklist_v1,2025-03-13
3042,control,onboarding_checklist_v1,2025-02-22
3043,control,onboarding_checklist_v1,2025-03-01
3044,treatment,onboarding_checklist_v1,2025-04-06
3045,control,onboarding_checklist_v1,2025-02-04
3046,control,onboarding_checklist_v1,2025-06-09
3047,control,onboarding_checklist_v1,2025-05-12
3048,control,onboarding_checklist_v1,2025-05-18
3049,treatment,onboarding_checklist_v1,2025-01-31
3050,control,onboarding_checklist_v1,2025-05-09
3051,control,onboarding_checklist_v1,2025-06-01
3052,treatment,onboarding_checklist_v1,2025-02-01
3053,treatment,onboarding_checklist_v1,2025-05-16
3054,treatment,onboarding_checklist_v1,2025-03-06
3055,treatment,onboarding_checklist_v1,2025-05-23
3056,treatment,onboarding_checklist_v1,2025-03-28
3057,treatment,onboarding_checklist_v1,2025-05-26
3058,treatment,onboarding_checklist_v1,2025-01-27
3059,control,onboarding_checklist_v1,2025-03-12
3060,treatment,onboarding_checklist_v1,2025-02-19
3061,treatment,onboarding_checklist_v1,2025-02-14
3062,treatment,onboarding_checklist_v1,2025-02-25
3063,control,onboarding_checklist_v1,2025-03-11
3064,treatment,onboarding_checklist_v1,2025-01-24
3065,control,onboarding_checklist_v1,2025-05-08
3066,treatment,onboarding_checklist_v1,2025-04-10
3067,control,onboarding_checklist_v1,2025-05-31
3068,treatment,onboarding_checklist_v1,2025-05-08
3069,treatment,onboarding_checklist_v1,2025-01-27
3070,control,onboarding_checklist_v1,2025-01-13
3071,control,onboarding_checklist_v1,2025-03-18
3072,control,onboarding_checklist_v1,2025-03-29
3073,treatment,onboarding_checklist_v1,2025-02-13
3074,treatment,onboarding_checklist_v1,2025-05-22
3075,treatment,onboarding_checklist_v1,2025-04-16
3076,control,onboarding_checklist_v1,2025-05-16
3077,treatment,onboarding_checklist_v1,2025-01-20
3078,treatment,onboarding_checklist_v1,2025-05-28
3079,control,onboarding_checklist_v1,2025-02-07
3080,control,onboarding_checklist_v1,2025-03-23
3081,control,onboarding_checklist_v1,2025-03-21
3082,control,onboarding_checklist_v1,2025-05-29
3083,control,onboarding_checklist_v1,2025-02-20
3084,control,onboarding_checklist_v1,2025-02-13
3085,control,onboarding_checklist_v1,2025-03-03
3086,control,onboarding_checklist_v1,2025-03-07
3087,control,onboarding_checklist_v1,2025-02-02
3088,treatment,onboarding_checklist_v1,2025-02-01
3089,treatment,onboarding_checklist_v1,2025-02-11
3090,control,onboarding_checklist_v1,2025-03-26
3091,treatment,onboarding_checklist_v1,2025-03-04
3092,treatment,onboarding_checklist_v1,2025-03-12
3093,control,onboarding_checklist_v1,2025-05-11
3094,control,onboarding_checklist_v1,2025-02-13
3095,control,onboarding_checklist_v1,2025-06-14
3096,treatment,onboarding_checklist_v1,2025-05-17
3097,control,onboarding_checklist_v1,2025-02-01
3098,control,onboarding_checklist_v1,2025-02-26
3099,treatment,onboarding_checklist_v1,2025-02-03
3100,treatment,onboarding_checklist_v1,2025-02-19
3101,control,onboarding_checklist_v1,2025-03-08
3102,treatment,onboarding_checklist_v1,2025-01-24
3103,control,onboarding_checklist_v1,2025-01-03
3104,treatment,onboarding_checklist_v1,2025-03-21
3105,treatment,onboarding_checklist_v1,2025-05-07
3106,treatment,onboarding_checklist_v1,2025-02-24
3107,control,onboarding_checklist_v1,2025-06-05
3108,control,onboarding_checklist_v1,2025-03-08
3109,treatment,onboarding_checklist_v1,2025-06-13
3110,control,onboarding_checklist_v1,2025-02-12
3111,treatment,onboarding_checklist_v1,2025-04-08
3112,control,onboarding_checklist_v1,2025-05-19
3113,control,onboarding_checklist_v1,2025-01-11
3114,control,onboarding_checklist_v1,2025-06-18
3115,control,onboarding_checklist_v1,2025-03-08
3116,treatment,onboarding_checklist_v1,2025-04-01
3117,control,onboarding_checklist_v1,2025-04-24
3118,treatment,onboarding_checklist_v1,2025-04-27
3119,treatment,onboarding_checklist_v1,2025-01-05
3120,treatment,onboarding_checklist_v1,2025-06-06
3121,treatment,onboarding_checklist_v1,2025-04-23
3122,treatment,onboarding_checklist_v1,2025-06-30
3123,treatment,onboarding_checklist_v1,2025-03-27
3124,control,onboarding_checklist_v1,2025-04-22
3125,treatment,onboarding_checklist_v1,2025-03-21
3126,treatment,onboarding_checklist_v1,2025-06-11
3127,control,onboarding_checklist_v1,2025-05-31
3128,treatment,onboarding_checklist_v1,2025-06-14
3129,control,onboarding_checklist_v1,2025-04-02
3130,treatment,onboarding_checklist_v1,2025-05-24
3131,control,onboarding_checklist_v1,2025-03-06
3132,treatment,onboarding_checklist_v1,2025-03-25
3133,control,onboarding_checklist_v1,2025-05-18
3134,treatment,onboarding_checklist_v1,2025-01-15
3135,control,onboarding_checklist_v1,2025-05-09
3136,treatment,onboarding_checklist_v1,2025-01-03
3137,control,onboarding_checklist_v1,2025-04-16
3138,treatment,onboarding_checklist_v1,2025-03-28
3139,control,onboarding_checklist_v1,2025-03-26
3140,control,onboarding_checklist_v1,2025-03-31
3141,control,onboarding_checklist_v1,2025-03-31
3142,treatment,onboarding_checklist_v1,2025-03-15
3143,control,onboarding_checklist_v1,2025-03-23
3144,treatment,onboarding_checklist_v1,2025-04-13
3145,control,onboarding_checklist_v1,2025-05-19
3146,treatment,onboarding_checklist_v1,2025-04-10
3147,control,onboarding_checklist_v1,2025-04-27
3148,control,onboarding_checklist_v1,2025-06-01
3149,control,onboarding_checklist_v1,2025-06-29
3150,control,onboarding_checklist_v1,2025-01-20
3151,control,onboarding_checklist_v1,2025-05-10
3152,control,onboarding_checklist_v1,2025-02-10
3153,treatment,onboarding_checklist_v1,2025-02-05
3154,treatment,onboarding_checklist_v1,2025-05-24
3155,control,onboarding_checklist_v1,2025-01-13
3156,treatment,onboarding_checklist_v1,2025-06-03
3157,control,onboarding_checklist_v1,2025-05-20
3158,control,onboarding_checklist_v1,2025-06-30
3159,control,onboarding_checklist_v1,2025-05-01
3160,control,onboarding_checklist_v1,2025-06-07
3161,control,onboarding_checklist_v1,2025-01-22
3162,treatment,onboarding_checklist_v1,2025-06-11
3163,treatment,onboarding_checklist_v1,2025-01-30
3164,treatment,onboarding_checklist_v1,2025-02-26
3165,control,onboarding_checklist_v1,2025-01-24
3166,control,onboarding_checklist_v1,2025-03-14
3167,treatment,onboarding_checklist_v1,2025-05-16
3168,control,onboarding_checklist_v1,2025-02-18
3169,control,onboarding_checklist_v1,2025-05-29
3170,control,onboarding_checklist_v1,2025-04-20
3171,control,onboarding_checklist_v1,2025-04-24
3172,treatment,onboarding_checklist_v1,2025-06-19
3173,control,onboarding_checklist_v1,2025-03-20
3174,control,onboarding_checklist_v1,2025-03-04
3175,treatment,onboarding_checklist_v1,2025-06-30
3176,treatment,onboarding_checklist_v1,2025-04-11
3177,control,onboarding_checklist_v1,2025-04-22
3178,control,onboarding_checklist_v1,2025-02-23
3179,treatment,onboarding_checklist_v1,2025-02-08
3180,control,onboarding_checklist_v1,2025-01-31
3181,control,onboarding_checklist_v1,2025-02-10
3182,control,onboarding_checklist_v1,2025-02-05
3183,control,onboarding_checklist_v1,2025-05-16
3184,treatment,onboarding_checklist_v1,2025-01-11
3185,treatment,onboarding_checklist_v1,2025-04-24
3186,treatment,onboarding_checklist_v1,2025-06-21
3187,treatment,onboarding_checklist_v1,2025-05-19
3188,treatment,onboarding_checklist_v1,2025-03-14
3189,treatment,onboarding_checklist_v1,2025-01-11
3190,treatment,onboarding_checklist_v1,2025-05-31
3191,control,onboarding_checklist_v1,2025-01-01
3192,control,onboarding_checklist_v1,2025-05-04
3193,treatment,onboarding_checklist_v1,2025-05-02
3194,control,onboarding_checklist_v1,2025-02-04
3195,control,onboarding_checklist_v1,2025-05-14
3196,control,onboarding_checklist_v1,2025-02-01
3197,treatment,onboarding_checklist_v1,2025-02-10
3198,control,onboarding_checklist_v1,2025-05-27
3199,control,onboarding_checklist_v1,2025-06-27
3200,control,onboarding_checklist_v1,2025-02-17
3201,control,onboarding_checklist_v1,2025-06-16
3202,treatment,onboarding_checklist_v1,2025-06-15
3203,control,onboarding_checklist_v1,2025-05-20
3204,control,onboarding_checklist_v1,2025-01-26
3205,control,onboarding_checklist_v1,2025-02-24
3206,treatment,onboarding_checklist_v1,2025-05-03
3207,treatment,onboarding_checklist_v1,2025-06-30
3208,control,onboarding_checklist_v1,2025-05-28
3209,control,onboarding_checklist_v1,2025-03-18
3210,treatment,onboarding_checklist_v1,2025-02-12
3211,treatment,onboarding_checklist_v1,2025-06-23
3212,control,onboarding_checklist_v1,2025-02-19
3213,control,onboarding_checklist_v1,2025-03-03
3214,control,onboarding_checklist_v1,2025-06-24
3215,control,onboarding_checklist_v1,2025-04-12
3216,treatment,onboarding_checklist_v1,2025-02-17
3217,treatment,onboarding_checklist_v1,2025-01-01
3218,treatment,onboarding_checklist_v1,2025-03-19
3219,treatment,onboarding_checklist_v1,2025-06-28
3220,control,onboarding_checklist_v1,2025-03-20
3221,treatment,onboarding_checklist_v1,2025-05-07
3222,control,onboarding_checklist_v1,2025-02-15
3223,control,onboarding_checklist_v1,2025-05-21
3224,treatment,onboarding_checklist_v1,2025-05-21
3225,control,onboarding_checklist_v1,2025-04-21
3226,treatment,onboarding_checklist_v1,2025-05-20
3227,treatment,onboarding_checklist_v1,2025-04-15
3228,treatment,onboarding_checklist_v1,2025-03-10
3229,treatment,onboarding_checklist_v1,2025-05-14
3230,control,onboarding_checklist_v1,2025-06-01
3231,control,onboarding_checklist_v1,2025-06-02
3232,treatment,onboarding_checklist_v1,2025-02-08
3233,treatment,onboarding_checklist_v1,2025-05-03
3234,treatment,onboarding_checklist_v1,2025-01-01
3235,control,onboarding_checklist_v1,2025-04-14
3236,control,onboarding_checklist_v1,2025-04-14
3237,control,onboarding_checklist_v1,2025-03-07
3238,treatment,onboarding_checklist_v1,2025-06-29
3239,treatment,onboarding_checklist_v1,2025-06-09
3240,treatment,onboarding_checklist_v1,2025-01-07
3241,control,onboarding_checklist_v1,2025-02-07
3242,control,onboarding_checklist_v1,2025-02-07
3243,control,onboarding_checklist_v1,2025-06-12
3244,control,onboarding_checklist_v1,2025-04-04
3245,control,onboarding_checklist_v1,2025-05-12
3246,treatment,onboarding_checklist_v1,2025-05-27
3247,control,onboarding_checklist_v1,2025-05-19
3248,control,onboarding_checklist_v1,2025-01-17
3249,treatment,onboarding_checklist_v1,2025-01-26
3250,treatment,onboarding_checklist_v1,2025-03-13
3251,control,onboarding_checklist_v1,2025-03-03
3252,control,onboarding_checklist_v1,2025-05-16
3253,treatment,onboarding_checklist_v1,2025-01-29
3254,treatment,onboarding_checklist_v1,2025-03-09
3255,treatment,onboarding_checklist_v1,2025-02-12
3256,control,onboarding_checklist_v1,2025-02-04
3257,treatment,onboarding_checklist_v1,2025-02-01
3258,treatment,onboarding_checklist_v1,2025-02-05
3259,control,onboarding_checklist_v1,2025-04-13
3260,control,onboarding_checklist_v1,2025-03-16
3261,treatment,onboarding_checklist_v1,2025-03-20
3262,control,onboarding_checklist_v1,2025-03-28
3263,treatment,onboarding_checklist_v1,2025-05-15
3264,treatment,onboarding_checklist_v1,2025-06-05
3265,control,onboarding_checklist_v1,2025-04-06
3266,treatment,onboarding_checklist_v1,2025-04-27
3267,control,onboarding_checklist_v1,2025-05-14
3268,treatment,onboarding_checklist_v1,2025-05-05
3269,treatment,onboarding_checklist_v1,2025-01-25
3270,treatment,onboarding_checklist_v1,2025-06-27
3271,control,onboarding_checklist_v1,2025-01-30
3272,treatment,onboarding_checklist_v1,2025-03-16
3273,treatment,onboarding_checklist_v1,2025-04-29
3274,treatment,onboarding_checklist_v1,2025-03-15
3275,treatment,onboarding_checklist_v1,2025-02-14
3276,control,onboarding_checklist_v1,2025-06-17
3277,treatment,onboarding_checklist_v1,2025-01-13
3278,control,onboarding_checklist_v1,2025-02-14
3279,control,onboarding_checklist_v1,2025-06-29
3280,treatment,onboarding_checklist_v1,2025-05-13
3281,treatment,onboarding_checklist_v1,2025-01-16
3282,treatment,onboarding_checklist_v1,2025-05-17
3283,control,onboarding_checklist_v1,2025-06-25
3284,control,onboarding_checklist_v1,2025-01-18
3285,control,onboarding_checklist_v1,2025-03-16
3286,control,onboarding_checklist_v1,2025-03-26
3287,treatment,onboarding_checklist_v1,2025-01-24
3288,treatment,onboarding_checklist_v1,2025-02-06
3289,control,onboarding_checklist_v1,2025-02-01
3290,control,onboarding_checklist_v1,2025-02-03
3291,control,onboarding_checklist_v1,2025-03-15
3292,treatment,onboarding_checklist_v1,2025-03-25
3293,treatment,onboarding_checklist_v1,2025-02-13
3294,control,onboarding_checklist_v1,2025-02-22
3295,control,onboarding_checklist_v1,2025-02-04
3296,control,onboarding_checklist_v1,2025-05-25
3297,control,onboarding_checklist_v1,2025-02-08
3298,treatment,onboarding_checklist_v1,2025-06-14
3299,treatment,onboarding_checklist_v1,2025-04-08
3300,control,onboarding_checklist_v1,2025-05-26
3301,treatment,onboarding_checklist_v1,2025-04-26
3302,control,onboarding_checklist_v1,2025-02-18
3303,control,onboarding_checklist_v1,2025-04-19
3304,treatment,onboarding_checklist_v1,2025-02-19
3305,control,onboarding_checklist_v1,2025-01-22
3306,control,onboarding_checklist_v1,2025-02-16
3307,treatment,onboarding_checklist_v1,2025-02-19
3308,treatment,onboarding_checklist_v1,2025-01-25
3309,control,onboarding_checklist_v1,2025-01-05
3310,treatment,onboarding_checklist_v1,2025-06-20
3311,control,onboarding_checklist_v1,2025-04-03
3312,treatment,onboarding_checklist_v1,2025-03-14
3313,control,onboarding_checklist_v1,2025-06-18
3314,treatment,onboarding_checklist_v1,2025-02-10
3315,control,onboarding_checklist_v1,2025-03-14
3316,treatment,onboarding_checklist_v1,2025-06-03
3317,treatment,onboarding_checklist_v1,2025-04-25
3318,control,onboarding_checklist_v1,2025-03-14
3319,treatment,onboarding_checklist_v1,2025-02-16
3320,control,onboarding_checklist_v1,2025-01-07
3321,treatment,onboarding_checklist_v1,2025-01-16
3322,control,onboarding_checklist_v1,2025-01-30
3323,control,onboarding_checklist_v1,2025-05-23
3324,treatment,onboarding_checklist_v1,2025-04-26
3325,control,onboarding_checklist_v1,2025-03-20
3326,treatment,onboarding_checklist_v1,2025-05-22
3327,treatment,onboarding_checklist_v1,2025-01-30
3328,control,onboarding_checklist_v1,2025-02-08
3329,control,onboarding_checklist_v1,2025-03-13
3330,treatment,onboarding_checklist_v1,2025-06-16
3331,treatment,onboarding_checklist_v1,2025-04-22
3332,control,onboarding_checklist_v1,2025-06-04
3333,control,onboarding_checklist_v1,2025-02-14
3334,treatment,onboarding_checklist_v1,2025-06-03
3335,treatment,onboarding_checklist_v1,2025-01-14
3336,treatment,onboarding_checklist_v1,2025-02-11
3337,control,onboarding_checklist_v1,2025-04-05
3338,treatment,onboarding_checklist_v1,2025-01-10
3339,treatment,onboarding_checklist_v1,2025-06-05
3340,control,onboarding_checklist_v1,2025-06-07
3341,control,onboarding_checklist_v1,2025-04-09
3342,control,onboarding_checklist_v1,2025-02-25
3343,treatment,onboarding_checklist_v1,2025-01-18
3344,control,onboarding_checklist_v1,2025-04-23
3345,treatment,onboarding_checklist_v1,2025-04-08
3346,treatment,onboarding_checklist_v1,2025-05-18
3347,control,onboarding_checklist_v1,2025-04-20
3348,treatment,onboarding_checklist_v1,2025-01-24
3349,treatment,onboarding_checklist_v1,2025-01-23
3350,control,onboarding_checklist_v1,2025-05-22
3351,treatment,onboarding_checklist_v1,2025-01-29
3352,treatment,onboarding_checklist_v1,2025-06-19
3353,control,onboarding_checklist_v1,2025-01-20
3354,treatment,onboarding_checklist_v1,2025-05-12
3355,treatment,onboarding_checklist_v1,2025-06-26
3356,control,onboarding_checklist_v1,2025-03-21
3357,treatment,onboarding_checklist_v1,2025-01-11
3358,treatment,onboarding_checklist_v1,2025-06-08
3359,treatment,onboarding_checklist_v1,2025-02-03
3360,control,onboarding_checklist_v1,2025-04-06
3361,control,onboarding_checklist_v1,2025-06-28
3362,control,onboarding_checklist_v1,2025-05-15
3363,treatment,onboarding_checklist_v1,2025-01-09
3364,treatment,onboarding_checklist_v1,2025-05-29
3365,treatment,onboarding_checklist_v1,2025-01-30
3366,control,onboarding_checklist_v1,2025-05-16
3367,treatment,onboarding_checklist_v1,2025-04-23
3368,treatment,onboarding_checklist_v1,2025-02-22
3369,treatment,onboarding_checklist_v1,2025-03-18
3370,treatment,onboarding_checklist_v1,2025-01-22
3371,treatment,onboarding_checklist_v1,2025-06-28
3372,control,onboarding_checklist_v1,2025-02-13
3373,treatment,onboarding_checklist_v1,2025-02-25
3374,treatment,onboarding_checklist_v1,2025-04-02
3375,treatment,onboarding_checklist_v1,2025-05-02
3376,control,onboarding_checklist_v1,2025-04-02
3377,treatment,onboarding_checklist_v1,2025-04-02
3378,control,onboarding_checklist_v1,2025-04-16
3379,control,onboarding_checklist_v1,2025-06-05
3380,control,onboarding_checklist_v1,2025-03-13
3381,control,onboarding_checklist_v1,2025-05-31
3382,control,onboarding_checklist_v1,2025-05-23
3383,control,onboarding_checklist_v1,2025-06-23
3384,treatment,onboarding_checklist_v1,2025-06-15
3385,control,onboarding_checklist_v1,2025-05-25
3386,treatment,onboarding_checklist_v1,2025-02-14
3387,treatment,onboarding_checklist_v1,2025-05-21
3388,treatment,onboarding_checklist_v1,2025-05-14
3389,control,onboarding_checklist_v1,2025-02-22
3390,control,onboarding_checklist_v1,2025-05-03
3391,treatment,onboarding_checklist_v1,2025-02-15
3392,treatment,onboarding_checklist_v1,2025-04-05
3393,treatment,onboarding_checklist_v1,2025-05-25
3394,control,onboarding_checklist_v1,2025-02-04
3395,treatment,onboarding_checklist_v1,2025-03-02
3396,treatment,onboarding_checklist_v1,2025-05-24
3397,treatment,onboarding_checklist_v1,2025-03-24
3398,treatment,onboarding_checklist_v1,2025-06-23
3399,treatment,onboarding_checklist_v1,2025-01-02
3400,treatment,onboarding_checklist_v1,2025-05-11
3401,treatment,onboarding_checklist_v1,2025-05-28
3402,treatment,onboarding_checklist_v1,2025-06-16
3403,treatment,onboarding_checklist_v1,2025-01-29
3404,control,onboarding_checklist_v1,2025-06-28
3405,treatment,onboarding_checklist_v1,2025-03-13
3406,treatment,onboarding_checklist_v1,2025-03-05
3407,control,onboarding_checklist_v1,2025-03-06
3408,control,onboarding_checklist_v1,2025-04-26
3409,treatment,onboarding_checklist_v1,2025-04-30
3410,treatment,onboarding_checklist_v1,2025-03-27
3411,control,onboarding_checklist_v1,2025-01-13
3412,control,onboarding_checklist_v1,2025-06-28
3413,control,onboarding_checklist_v1,2025-02-10
3414,treatment,onboarding_checklist_v1,2025-01-17
3415,treatment,onboarding_checklist_v1,2025-04-19
3416,treatment,onboarding_checklist_v1,2025-03-16
3417,control,onboarding_checklist_v1,2025-04-22
3418,treatment,onboarding_checklist_v1,2025-06-08
3419,treatment,onboarding_checklist_v1,2025-01-18
3420,treatment,onboarding_checklist_v1,2025-02-21
3421,control,onboarding_checklist_v1,2025-04-04
3422,control,onboarding_checklist_v1,2025-05-23
3423,treatment,onboarding_checklist_v1,2025-04-19
3424,control,onboarding_checklist_v1,2025-03-11
3425,treatment,onboarding_checklist_v1,2025-04-21
3426,treatment,onboarding_checklist_v1,2025-06-27
3427,control,onboarding_checklist_v1,2025-03-28
3428,control,onboarding_checklist_v1,2025-06-09
3429,treatment,onboarding_checklist_v1,2025-05-22
3430,treatment,onboarding_checklist_v1,2025-02-24
3431,control,onboarding_checklist_v1,2025-02-15
3432,control,onboarding_checklist_v1,2025-05-20
3433,treatment,onboarding_checklist_v1,2025-02-07
3434,control,onboarding_checklist_v1,2025-03-02
3435,treatment,onboarding_checklist_v1,2025-02-12
3436,treatment,onboarding_checklist_v1,2025-04-20
3437,control,onboarding_checklist_v1,2025-02-23
3438,treatment,onboarding_checklist_v1,2025-04-30
3439,treatment,onboarding_checklist_v1,2025-06-19
3440,control,onboarding_checklist_v1,2025-05-31
3441,treatment,onboarding_checklist_v1,2025-06-21
3442,treatment,onboarding_checklist_v1,2025-01-05
3443,treatment,onboarding_checklist_v1,2025-03-24
3444,control,onboarding_checklist_v1,2025-02-09
3445,treatment,onboarding_checklist_v1,2025-06-16
3446,control,onboarding_checklist_v1,2025-05-09
3447,treatment,onboarding_checklist_v1,2025-02-27
3448,treatment,onboarding_checklist_v1,2025-04-12
3449,control,onboarding_checklist_v1,2025-04-20
3450,control,onboarding_checklist_v1,2025-03-31
3451,treatment,onboarding_checklist_v1,2025-03-27
3452,control,onboarding_checklist_v1,2025-01-10
3453,treatment,onboarding_checklist_v1,2025-03-23
3454,treatment,onboarding_checklist_v1,2025-03-05
3455,treatment,onboarding_checklist_v1,2025-05-29
3456,control,onboarding_checklist_v1,2025-06-06
3457,control,onboarding_checklist_v1,2025-05-16
3458,control,onboarding_checklist_v1,2025-01-06
3459,treatment,onboarding_checklist_v1,2025-06-02
3460,treatment,onboarding_checklist_v1,2025-03-13
3461,treatment,onboarding_checklist_v1,2025-03-17
3462,control,onboarding_checklist_v1,2025-06-21
3463,control,onboarding_checklist_v1,2025-06-06
3464,control,onboarding_checklist_v1,2025-01-10
3465,treatment,onboarding_checklist_v1,2025-03-07
3466,control,onboarding_checklist_v1,2025-05-16
3467,control,onboarding_checklist_v1,2025-04-08
3468,treatment,onboarding_checklist_v1,2025-02-16
3469,treatment,onboarding_checklist_v1,2025-04-05
3470,control,onboarding_checklist_v1,2025-06-06
3471,treatment,onboarding_checklist_v1,2025-02-10
3472,control,onboarding_checklist_v1,2025-05-16
3473,control,onboarding_checklist_v1,2025-05-13
3474,control,onboarding_checklist_v1,2025-06-10
3475,control,onboarding_checklist_v1,2025-02-23
3476,treatment,onboarding_checklist_v1,2025-02-09
3477,treatment,onboarding_checklist_v1,2025-04-10
3478,treatment,onboarding_checklist_v1,2025-04-07
3479,control,onboarding_checklist_v1,2025-03-16
3480,treatment,onboarding_checklist_v1,2025-05-22
3481,treatment,onboarding_checklist_v1,2025-05-25
3482,control,onboarding_checklist_v1,2025-02-14
3483,treatment,onboarding_checklist_v1,2025-05-24
3484,treatment,onboarding_checklist_v1,2025-02-11
3485,treatment,onboarding_checklist_v1,2025-03-15
3486,control,onboarding_checklist_v1,2025-01-05
3487,treatment,onboarding_checklist_v1,2025-03-03
3488,treatment,onboarding_checklist_v1,2025-06-23
3489,treatment,onboarding_checklist_v1,2025-03-22
3490,treatment,onboarding_checklist_v1,2025-05-09
3491,control,onboarding_checklist_v1,2025-01-20
3492,treatment,onboarding_checklist_v1,2025-04-26
3493,treatment,onboarding_checklist_v1,2025-03-09
3494,treatment,onboarding_checklist_v1,2025-05-15
3495,control,onboarding_checklist_v1,2025-06-17
3496,control,onboarding_checklist_v1,2025-04-07
3497,control,onboarding_checklist_v1,2025-01-19
3498,control,onboarding_checklist_v1,2025-03-28
3499,treatment,onboarding_checklist_v1,2025-01-23
3500,control,onboarding_checklist_v1,2025-03-23
3501,treatment,onboarding_checklist_v1,2025-01-12
3502,treatment,onboarding_checklist_v1,2025-04-26
3503,treatment,onboarding_checklist_v1,2025-02-26
3504,control,onboarding_checklist_v1,2025-02-06
3505,treatment,onboarding_checklist_v1,2025-01-04
3506,treatment,onboarding_checklist_v1,2025-06-10
3507,treatment,onboarding_checklist_v1,2025-06-01
3508,control,onboarding_checklist_v1,2025-05-27
3509,treatment,onboarding_checklist_v1,2025-01-11
3510,control,onboarding_checklist_v1,2025-03-05
3511,treatment,onboarding_checklist_v1,2025-06-25
3512,control,onboarding_checklist_v1,2025-04-15
3513,control,onboarding_checklist_v1,2025-01-24
3514,treatment,onboarding_checklist_v1,2025-01-26
3515,control,onboarding_checklist_v1,2025-02-17
3516,treatment,onboarding_checklist_v1,2025-06-25
3517,treatment,onboarding_checklist_v1,2025-01-31
3518,control,onboarding_checklist_v1,2025-06-13
3519,control,onboarding_checklist_v1,2025-05-03
3520,control,onboarding_checklist_v1,2025-06-16
3521,treatment,onboarding_checklist_v1,2025-05-30
3522,treatment,onboarding_checklist_v1,2025-03-02
3523,control,onboarding_checklist_v1,2025-05-30
3524,treatment,onboarding_checklist_v1,2025-01-31
3525,control,onboarding_checklist_v1,2025-02-22
3526,treatment,onboarding_checklist_v1,2025-02-08
3527,treatment,onboarding_checklist_v1,2025-01-25
3528,control,onboarding_checklist_v1,2025-01-17
3529,treatment,onboarding_checklist_v1,2025-02-03
3530,control,onboarding_checklist_v1,2025-01-22
3531,treatment,onboarding_checklist_v1,2025-03-10
3532,treatment,onboarding_checklist_v1,2025-01-13
3533,treatment,onboarding_checklist_v1,2025-01-12
3534,control,onboarding_checklist_v1,2025-06-29
3535,treatment,onboarding_checklist_v1,2025-01-16
3536,control,onboarding_checklist_v1,2025-01-14
3537,treatment,onboarding_checklist_v1,2025-01-06
3538,control,onboarding_checklist_v1,2025-01-24
3539,treatment,onboarding_checklist_v1,2025-04-06
3540,control,onboarding_checklist_v1,2025-05-30
3541,treatment,onboarding_checklist_v1,2025-05-14
3542,treatment,onboarding_checklist_v1,2025-04-16
3543,control,onboarding_checklist_v1,2025-01-16
3544,treatment,onboarding_checklist_v1,2025-05-21
3545,treatment,onboarding_checklist_v1,2025-01-07
3546,control,onboarding_checklist_v1,2025-04-25
3547,treatment,onboarding_checklist_v1,2025-03-16
3548,treatment,onboarding_checklist_v1,2025-06-09
3549,treatment,onboarding_checklist_v1,2025-02-25
3550,control,onboarding_checklist_v1,2025-04-26
3551,treatment,onboarding_checklist_v1,2025-03-21
3552,control,onboarding_checklist_v1,2025-04-05
3553,treatment,onboarding_checklist_v1,2025-06-19
3554,control,onboarding_checklist_v1,2025-05-10
3555,control,onboarding_checklist_v1,2025-03-17
3556,control,onboarding_checklist_v1,2025-03-22
3557,control,onboarding_checklist_v1,2025-05-08
3558,treatment,onboarding_checklist_v1,2025-03-04
3559,treatment,onboarding_checklist_v1,2025-01-31
3560,treatment,onboarding_checklist_v1,2025-03-26
3561,treatment,onboarding_checklist_v1,2025-01-13
3562,control,onboarding_checklist_v1,2025-01-31
3563,control,onboarding_checklist_v1,2025-03-18
3564,treatment,onboarding_checklist_v1,2025-05-25
3565,treatment,onboarding_checklist_v1,2025-05-22
3566,treatment,onboarding_checklist_v1,2025-02-17
3567,control,onboarding_checklist_v1,2025-03-18
3568,treatment,onboarding_checklist_v1,2025-01-28
3569,control,onboarding_checklist_v1,2025-05-17
3570,treatment,onboarding_checklist_v1,2025-02-14
3571,control,onboarding_checklist_v1,2025-05-25
3572,treatment,onboarding_checklist_v1,2025-06-02
3573,control,onboarding_checklist_v1,2025-05-05
3574,treatment,onboarding_checklist_v1,2025-03-01
3575,control,onboarding_checklist_v1,2025-06-22
3576,treatment,onboarding_checklist_v1,2025-05-05
3577,control,onboarding_checklist_v1,2025-04-27
3578,treatment,onboarding_checklist_v1,2025-06-05
3579,control,onboarding_checklist_v1,2025-06-09
3580,control,onboarding_checklist_v1,2025-01-15
3581,treatment,onboarding_checklist_v1,2025-06-09
3582,control,onboarding_checklist_v1,2025-05-19
3583,control,onboarding_checklist_v1,2025-02-07
3584,treatment,onboarding_checklist_v1,2025-02-25
3585,treatment,onboarding_checklist_v1,2025-05-17
3586,treatment,onboarding_checklist_v1,2025-02-09
3587,control,onboarding_checklist_v1,2025-03-23
3588,treatment,onboarding_checklist_v1,2025-05-05
3589,treatment,onboarding_checklist_v1,2025-04-28
3590,control,onboarding_checklist_v1,2025-06-14
3591,treatment,onboarding_checklist_v1,2025-01-21
3592,control,onboarding_checklist_v1,2025-02-23
3593,treatment,onboarding_checklist_v1,2025-06-28
3594,treatment,onboarding_checklist_v1,2025-04-13
3595,control,onboarding_checklist_v1,2025-02-15
3596,control,onboarding_checklist_v1,2025-02-22
3597,control,onboarding_checklist_v1,2025-03-03
3598,control,onboarding_checklist_v1,2025-04-11
3599,treatment,onboarding_checklist_v1,2025-02-21
3600,treatment,onboarding_checklist_v1,2025-04-23
3601,treatment,onboarding_checklist_v1,2025-03-22
3602,control,onboarding_checklist_v1,2025-04-21
3603,treatment,onboarding_checklist_v1,2025-01-29
3604,control,onboarding_checklist_v1,2025-04-23
3605,control,onboarding_checklist_v1,2025-06-17
3606,treatment,onboarding_checklist_v1,2025-01-25
3607,treatment,onboarding_checklist_v1,2025-03-01
3608,treatment,onboarding_checklist_v1,2025-05-06
3609,treatment,onboarding_checklist_v1,2025-04-22
3610,control,onboarding_checklist_v1,2025-05-03
3611,treatment,onboarding_checklist_v1,2025-04-12
3612,treatment,onboarding_checklist_v1,2025-05-04
3613,treatment,onboarding_checklist_v1,2025-04-21
3614,control,onboarding_checklist_v1,2025-01-14
3615,control,onboarding_checklist_v1,2025-05-16
3616,control,onboarding_checklist_v1,2025-03-22
3617,control,onboarding_checklist_v1,2025-01-10
3618,control,onboarding_checklist_v1,2025-03-16
3619,treatment,onboarding_checklist_v1,2025-03-20
3620,treatment,onboarding_checklist_v1,2025-01-16
3621,control,onboarding_checklist_v1,2025-06-30
3622,treatment,onboarding_checklist_v1,2025-02-10
3623,treatment,onboarding_checklist_v1,2025-03-01
3624,treatment,onboarding_checklist_v1,2025-03-21
3625,treatment,onboarding_checklist_v1,2025-05-31
3626,treatment,onboarding_checklist_v1,2025-05-15
3627,control,onboarding_checklist_v1,2025-05-20
3628,control,onboarding_checklist_v1,2025-02-12
3629,treatment,onboarding_checklist_v1,2025-06-03
3630,treatment,onboarding_checklist_v1,2025-05-31
3631,treatment,onboarding_checklist_v1,2025-03-25
3632,treatment,onboarding_checklist_v1,2025-04-09
3633,control,onboarding_checklist_v1,2025-01-07
3634,control,onboarding_checklist_v1,2025-05-18
3635,treatment,onboarding_checklist_v1,2025-06-23
3636,control,onboarding_checklist_v1,2025-03-27
3637,treatment,onboarding_checklist_v1,2025-04-08
3638,treatment,onboarding_checklist_v1,2025-04-01
3639,treatment,onboarding_checklist_v1,2025-01-15
3640,control,onboarding_checklist_v1,2025-04-23
3641,treatment,onboarding_checklist_v1,2025-05-11
3642,control,onboarding_checklist_v1,2025-06-17
3643,treatment,onboarding_checklist_v1,2025-06-18
3644,control,onboarding_checklist_v1,2025-03-31
3645,treatment,onboarding_checklist_v1,2025-06-23
3646,control,onboarding_checklist_v1,2025-04-06
3647,control,onboarding_checklist_v1,2025-04-27
3648,treatment,onboarding_checklist_v1,2025-04-19
3649,control,onboarding_checklist_v1,2025-06-30
3650,control,onboarding_checklist_v1,2025-05-14
3651,treatment,onboarding_checklist_v1,2025-01-22
3652,treatment,onboarding_checklist_v1,2025-01-14
3653,control,onboarding_checklist_v1,2025-03-16
3654,treatment,onboarding_checklist_v1,2025-04-04
3655,treatment,onboarding_checklist_v1,2025-05-02
3656,treatment,onboarding_checklist_v1,2025-03-29
3657,control,onboarding_checklist_v1,2025-04-04
3658,control,onboarding_checklist_v1,2025-06-16
3659,treatment,onboarding_checklist_v1,2025-03-02
3660,control,onboarding_checklist_v1,2025-03-31
3661,control,onboarding_checklist_v1,2025-04-11
3662,treatment,onboarding_checklist_v1,2025-03-26
3663,control,onboarding_checklist_v1,2025-06-25
3664,treatment,onboarding_checklist_v1,2025-06-24
3665,control,onboarding_checklist_v1,2025-04-03
3666,treatment,onboarding_checklist_v1,2025-03-23
3667,treatment,onboarding_checklist_v1,2025-04-17
3668,treatment,onboarding_checklist_v1,2025-02-02
3669,treatment,onboarding_checklist_v1,2025-03-19
3670,treatment,onboarding_checklist_v1,2025-02-09
3671,control,onboarding_checklist_v1,2025-01-27
3672,treatment,onboarding_checklist_v1,2025-01-18
3673,treatment,onboarding_checklist_v1,2025-04-17
3674,treatment,onboarding_checklist_v1,2025-01-01
3675,control,onboarding_checklist_v1,2025-04-27
3676,control,onboarding_checklist_v1,2025-03-20
3677,treatment,onboarding_checklist_v1,2025-03-08
3678,treatment,onboarding_checklist_v1,2025-05-20
3679,control,onboarding_checklist_v1,2025-04-08
3680,control,onboarding_checklist_v1,2025-05-13
3681,treatment,onboarding_checklist_v1,2025-05-09
3682,control,onboarding_checklist_v1,2025-01-06
3683,treatment,onboarding_checklist_v1,2025-02-09
3684,control,onboarding_checklist_v1,2025-04-14
3685,control,onboarding_checklist_v1,2025-06-26
3686,control,onboarding_checklist_v1,2025-01-28
3687,treatment,onboarding_checklist_v1,2025-01-20
3688,treatment,onboarding_checklist_v1,2025-06-20
3689,control,onboarding_checklist_v1,2025-06-24
3690,control,onboarding_checklist_v1,2025-01-31
3691,control,onboarding_checklist_v1,2025-03-14
3692,control,onboarding_checklist_v1,2025-04-24
3693,treatment,onboarding_checklist_v1,2025-02-05
3694,control,onboarding_checklist_v1,2025-03-01
3695,treatment,onboarding_checklist_v1,2025-03-13
3696,control,onboarding_checklist_v1,2025-04-27
3697,control,onboarding_checklist_v1,2025-02-25
3698,control,onboarding_checklist_v1,2025-03-16
3699,control,onboarding_checklist_v1,2025-02-22
3700,control,onboarding_checklist_v1,2025-05-18
3701,control,onboarding_checklist_v1,2025-01-28
3702,control,onboarding_checklist_v1,2025-02-11
3703,treatment,onboarding_checklist_v1,2025-02-15
3704,control,onboarding_checklist_v1,2025-06-13
3705,control,onboarding_checklist_v1,2025-06-20
3706,control,onboarding_checklist_v1,2025-04-01
3707,treatment,onboarding_checklist_v1,2025-01-29
3708,treatment,onboarding_checklist_v1,2025-05-17
3709,treatment,onboarding_checklist_v1,2025-03-31
3710,treatment,onboarding_checklist_v1,2025-06-03
3711,treatment,onboarding_checklist_v1,2025-03-07
3712,control,onboarding_checklist_v1,2025-06-30
3713,treatment,onboarding_checklist_v1,2025-05-27
3714,treatment,onboarding_checklist_v1,2025-02-10
3715,control,onboarding_checklist_v1,2025-05-12
3716,control,onboarding_checklist_v1,2025-02-21
3717,control,onboarding_checklist_v1,2025-03-05
3718,control,onboarding_checklist_v1,2025-02-15
3719,treatment,onboarding_checklist_v1,2025-05-04
3720,control,onboarding_checklist_v1,2025-02-17
3721,treatment,onboarding_checklist_v1,2025-04-26
3722,treatment,onboarding_checklist_v1,2025-04-16
3723,control,onboarding_checklist_v1,2025-05-16
3724,control,onboarding_checklist_v1,2025-06-29
3725,treatment,onboarding_checklist_v1,2025-01-02
3726,treatment,onboarding_checklist_v1,2025-06-29
3727,control,onboarding_checklist_v1,2025-01-20
3728,control,onboarding_checklist_v1,2025-04-06
3729,treatment,onboarding_checklist_v1,2025-03-03
3730,treatment,onboarding_checklist_v1,2025-04-26
3731,control,onboarding_checklist_v1,2025-05-11
3732,control,onboarding_checklist_v1,2025-06-05
3733,treatment,onboarding_checklist_v1,2025-03-14
3734,control,onboarding_checklist_v1,2025-06-18
3735,control,onboarding_checklist_v1,2025-02-28
3736,treatment,onboarding_checklist_v1,2025-02-06
3737,control,onboarding_checklist_v1,2025-03-10
3738,control,onboarding_checklist_v1,2025-04-06
3739,treatment,onboarding_checklist_v1,2025-05-01
3740,treatment,onboarding_checklist_v1,2025-05-31
3741,treatment,onboarding_checklist_v1,2025-02-10
3742,control,onboarding_checklist_v1,2025-02-24
3743,treatment,onboarding_checklist_v1,2025-06-19
3744,treatment,onboarding_checklist_v1,2025-03-21
3745,treatment,onboarding_checklist_v1,2025-02-13
3746,treatment,onboarding_checklist_v1,2025-06-28
3747,treatment,onboarding_checklist_v1,2025-03-23
3748,treatment,onboarding_checklist_v1,2025-06-28
3749,treatment,onboarding_checklist_v1,2025-06-16
3750,control,onboarding_checklist_v1,2025-06-14
3751,treatment,onboarding_checklist_v1,2025-04-16
3752,treatment,onboarding_checklist_v1,2025-05-25
3753,control,onboarding_checklist_v1,2025-06-23
3754,control,onboarding_checklist_v1,2025-02-18
3755,treatment,onboarding_checklist_v1,2025-01-07
3756,control,onboarding_checklist_v1,2025-02-28
3757,treatment,onboarding_checklist_v1,2025-04-26
3758,treatment,onboarding_checklist_v1,2025-04-10
3759,control,onboarding_checklist_v1,2025-01-15
3760,control,onboarding_checklist_v1,2025-04-12
3761,treatment,onboarding_checklist_v1,2025-02-01
3762,control,onboarding_checklist_v1,2025-04-02
3763,treatment,onboarding_checklist_v1,2025-04-15
3764,control,onboarding_checklist_v1,2025-04-26
3765,control,onboarding_checklist_v1,2025-03-16
3766,treatment,onboarding_checklist_v1,2025-03-15
3767,control,onboarding_checklist_v1,2025-05-03
3768,treatment,onboarding_checklist_v1,2025-05-16
3769,treatment,onboarding_checklist_v1,2025-05-27
3770,control,onboarding_checklist_v1,2025-03-02
3771,control,onboarding_checklist_v1,2025-03-18
3772,treatment,onboarding_checklist_v1,2025-03-01
3773,treatment,onboarding_checklist_v1,2025-04-06
3774,treatment,onboarding_checklist_v1,2025-01-24
3775,treatment,onboarding_checklist_v1,2025-03-19
3776,control,onboarding_checklist_v1,2025-02-04
3777,control,onboarding_checklist_v1,2025-04-07
3778,treatment,onboarding_checklist_v1,2025-06-03
3779,treatment,onboarding_checklist_v1,2025-06-28
3780,treatment,onboarding_checklist_v1,2025-03-22
3781,control,onboarding_checklist_v1,2025-01-11
3782,treatment,onboarding_checklist_v1,2025-02-11
3783,treatment,onboarding_checklist_v1,2025-01-19
3784,control,onboarding_checklist_v1,2025-05-18
3785,treatment,onboarding_checklist_v1,2025-06-28
3786,treatment,onboarding_checklist_v1,2025-04-11
3787,control,onboarding_checklist_v1,2025-02-02
3788,control,onboarding_checklist_v1,2025-01-04
3789,control,onboarding_checklist_v1,2025-06-26
3790,treatment,onboarding_checklist_v1,2025-02-27
3791,control,onboarding_checklist_v1,2025-01-21
3792,control,onboarding_checklist_v1,2025-02-02
3793,control,onboarding_checklist_v1,2025-02-16
3794,control,onboarding_checklist_v1,2025-04-29
3795,control,onboarding_checklist_v1,2025-06-11
3796,treatment,onboarding_checklist_v1,2025-02-19
3797,control,onboarding_checklist_v1,2025-05-05
3798,control,onboarding_checklist_v1,2025-01-12
3799,control,onboarding_checklist_v1,2025-01-02
3800,control,onboarding_checklist_v1,2025-01-10
3801,control,onboarding_checklist_v1,2025-06-17
3802,treatment,onboarding_checklist_v1,2025-04-16
3803,treatment,onboarding_checklist_v1,2025-05-26
3804,treatment,onboarding_checklist_v1,2025-01-04
3805,control,onboarding_checklist_v1,2025-01-05
3806,treatment,onboarding_checklist_v1,2025-06-03
3807,treatment,onboarding_checklist_v1,2025-01-19
3808,control,onboarding_checklist_v1,2025-01-29
3809,control,onboarding_checklist_v1,2025-04-04
3810,treatment,onboarding_checklist_v1,2025-04-20
3811,control,onboarding_checklist_v1,2025-02-11
3812,control,onboarding_checklist_v1,2025-03-22
3813,treatment,onboarding_checklist_v1,2025-05-03
3814,control,onboarding_checklist_v1,2025-03-22
3815,treatment,onboarding_checklist_v1,2025-03-11
3816,control,onboarding_checklist_v1,2025-01-13
3817,control,onboarding_checklist_v1,2025-03-23
3818,control,onboarding_checklist_v1,2025-05-26
3819,control,onboarding_checklist_v1,2025-04-24
3820,treatment,onboarding_checklist_v1,2025-06-11
3821,treatment,onboarding_checklist_v1,2025-01-23
3822,treatment,onboarding_checklist_v1,2025-01-02
3823,treatment,onboarding_checklist_v1,2025-04-10
3824,control,onboarding_checklist_v1,2025-02-02
3825,control,onboarding_checklist_v1,2025-04-18
3826,control,onboarding_checklist_v1,2025-06-13
3827,treatment,onboarding_checklist_v1,2025-03-03
3828,control,onboarding_checklist_v1,2025-04-10
3829,control,onboarding_checklist_v1,2025-05-04
3830,treatment,onboarding_checklist_v1,2025-01-28
3831,treatment,onboarding_checklist_v1,2025-06-12
3832,control,onboarding_checklist_v1,2025-02-06
3833,treatment,onboarding_checklist_v1,2025-05-27
3834,treatment,onboarding_checklist_v1,2025-04-30
3835,treatment,onboarding_checklist_v1,2025-01-26
3836,control,onboarding_checklist_v1,2025-05-12
3837,control,onboarding_checklist_v1,2025-02-05
3838,control,onboarding_checklist_v1,2025-04-19
3839,treatment,onboarding_checklist_v1,2025-06-23
3840,treatment,onboarding_checklist_v1,2025-06-22
3841,treatment,onboarding_checklist_v1,2025-06-07
3842,control,onboarding_checklist_v1,2025-03-31
3843,control,onboarding_checklist_v1,2025-04-12
3844,treatment,onboarding_checklist_v1,2025-02-24
3845,control,onboarding_checklist_v1,2025-06-16
3846,treatment,onboarding_checklist_v1,2025-03-28
3847,treatment,onboarding_checklist_v1,2025-05-20
3848,control,onboarding_checklist_v1,2025-03-07
3849,control,onboarding_checklist_v1,2025-05-15
3850,control,onboarding_checklist_v1,2025-02-10
3851,control,onboarding_checklist_v1,2025-05-13
3852,treatment,onboarding_checklist_v1,2025-01-09
3853,control,onboarding_checklist_v1,2025-01-19
3854,control,onboarding_checklist_v1,2025-03-05
3855,control,onboarding_checklist_v1,2025-03-29
3856,control,onboarding_checklist_v1,2025-05-09
3857,treatment,onboarding_checklist_v1,2025-03-06
3858,treatment,onboarding_checklist_v1,2025-01-04
3859,treatment,onboarding_checklist_v1,2025-02-28
3860,treatment,onboarding_checklist_v1,2025-03-21
3861,control,onboarding_checklist_v1,2025-04-09
3862,treatment,onboarding_checklist_v1,2025-04-27
3863,control,onboarding_checklist_v1,2025-02-14
3864,treatment,onboarding_checklist_v1,2025-04-21
3865,control,onboarding_checklist_v1,2025-04-25
3866,control,onboarding_checklist_v1,2025-05-21
3867,control,onboarding_checklist_v1,2025-04-05
3868,treatment,onboarding_checklist_v1,2025-05-27
3869,control,onboarding_checklist_v1,2025-02-10
3870,treatment,onboarding_checklist_v1,2025-05-09
3871,control,onboarding_checklist_v1,2025-01-09
3872,treatment,onboarding_checklist_v1,2025-01-19
3873,treatment,onboarding_checklist_v1,2025-06-06
3874,control,onboarding_checklist_v1,2025-03-27
3875,control,onboarding_checklist_v1,2025-04-23
3876,control,onboarding_checklist_v1,2025-04-20
3877,treatment,onboarding_checklist_v1,2025-05-06
3878,treatment,onboarding_checklist_v1,2025-02-14
3879,control,onboarding_checklist_v1,2025-02-02
3880,control,onboarding_checklist_v1,2025-01-08
3881,control,onboarding_checklist_v1,2025-06-06
3882,control,onboarding_checklist_v1,2025-02-10
3883,treatment,onboarding_checklist_v1,2025-04-15
3884,control,onboarding_checklist_v1,2025-03-24
3885,control,onboarding_checklist_v1,2025-01-30
3886,treatment,onboarding_checklist_v1,2025-03-16
3887,treatment,onboarding_checklist_v1,2025-01-16
3888,treatment,onboarding_checklist_v1,2025-02-01
3889,control,onboarding_checklist_v1,2025-01-26
3890,treatment,onboarding_checklist_v1,2025-05-30
3891,treatment,onboarding_checklist_v1,2025-04-13
3892,treatment,onboarding_checklist_v1,2025-06-17
3893,control,onboarding_checklist_v1,2025-03-20
3894,treatment,onboarding_checklist_v1,2025-02-06
3895,treatment,onboarding_checklist_v1,2025-04-21
3896,treatment,onboarding_checklist_v1,2025-06-18
3897,treatment,onboarding_checklist_v1,2025-04-07
3898,treatment,onboarding_checklist_v1,2025-01-04
3899,treatment,onboarding_checklist_v1,2025-02-24
3900,treatment,onboarding_checklist_v1,2025-06-17
3901,control,onboarding_checklist_v1,2025-04-04
3902,control,onboarding_checklist_v1,2025-06-22
3903,treatment,onboarding_checklist_v1,2025-04-03
3904,treatment,onboarding_checklist_v1,2025-01-03
3905,treatment,onboarding_checklist_v1,2025-06-08
3906,treatment,onboarding_checklist_v1,2025-05-19
3907,treatment,onboarding_checklist_v1,2025-05-10
3908,treatment,onboarding_checklist_v1,2025-06-25
3909,control,onboarding_checklist_v1,2025-02-05
3910,treatment,onboarding_checklist_v1,2025-06-13
3911,control,onboarding_checklist_v1,2025-02-12
3912,treatment,onboarding_checklist_v1,2025-06-25
3913,treatment,onboarding_checklist_v1,2025-02-04
3914,control,onboarding_checklist_v1,2025-04-10
3915,control,onboarding_checklist_v1,2025-05-23
3916,control,onboarding_checklist_v1,2025-01-15
3917,treatment,onboarding_checklist_v1,2025-01-13
3918,control,onboarding_checklist_v1,2025-06-03
3919,control,onboarding_checklist_v1,2025-01-11
3920,treatment,onboarding_checklist_v1,2025-04-22
3921,control,onboarding_checklist_v1,2025-06-19
3922,treatment,onboarding_checklist_v1,2025-04-22
3923,treatment,onboarding_checklist_v1,2025-03-29
3924,control,onboarding_checklist_v1,2025-03-17
3925,control,onboarding_checklist_v1,2025-04-26
3926,treatment,onboarding_checklist_v1,2025-04-14
3927,treatment,onboarding_checklist_v1,2025-04-01
3928,control,onboarding_checklist_v1,2025-01-28
3929,treatment,onboarding_checklist_v1,2025-04-30
3930,treatment,onboarding_checklist_v1,2025-05-14
3931,control,onboarding_checklist_v1,2025-05-09
3932,treatment,onboarding_checklist_v1,2025-01-14
3933,control,onboarding_checklist_v1,2025-05-08
3934,control,onboarding_checklist_v1,2025-05-13
3935,treatment,onboarding_checklist_v1,2025-02-03
3936,control,onboarding_checklist_v1,2025-06-03
3937,control,onboarding_checklist_v1,2025-04-05
3938,control,onboarding_checklist_v1,2025-03-27
3939,treatment,onboarding_checklist_v1,2025-05-11
3940,treatment,onboarding_checklist_v1,2025-04-03
3941,treatment,onboarding_checklist_v1,2025-04-09
3942,control,onboarding_checklist_v1,2025-02-26
3943,treatment,onboarding_checklist_v1,2025-06-17
3944,treatment,onboarding_checklist_v1,2025-06-25
3945,control,onboarding_checklist_v1,2025-01-24
3946,control,onboarding_checklist_v1,2025-05-13
3947,treatment,onboarding_checklist_v1,2025-01-05
3948,control,onboarding_checklist_v1,2025-03-08
3949,treatment,onboarding_checklist_v1,2025-06-25
3950,treatment,onboarding_checklist_v1,2025-02-01
3951,control,onboarding_checklist_v1,2025-03-10
3952,treatment,onboarding_checklist_v1,2025-02-09
3953,treatment,onboarding_checklist_v1,2025-05-12
3954,control,onboarding_checklist_v1,2025-03-25
3955,treatment,onboarding_checklist_v1,2025-04-18
3956,control,onboarding_checklist_v1,2025-06-20
3957,treatment,onboarding_checklist_v1,2025-04-05
3958,control,onboarding_checklist_v1,2025-05-13
3959,control,onboarding_checklist_v1,2025-01-18
3960,control,onboarding_checklist_v1,2025-02-08
3961,control,onboarding_checklist_v1,2025-06-21
3962,control,onboarding_checklist_v1,2025-06-05
3963,control,onboarding_checklist_v1,2025-04-29
3964,treatment,onboarding_checklist_v1,2025-03-10
3965,control,onboarding_checklist_v1,2025-02-06
3966,control,onboarding_checklist_v1,2025-06-04
3967,control,onboarding_checklist_v1,2025-05-23
3968,treatment,onboarding_checklist_v1,2025-02-13
3969,control,onboarding_checklist_v1,2025-04-17
3970,treatment,onboarding_checklist_v1,2025-04-22
3971,treatment,onboarding_checklist_v1,2025-03-28
3972,control,onboarding_checklist_v1,2025-06-17
3973,treatment,onboarding_checklist_v1,2025-01-23
3974,control,onboarding_checklist_v1,2025-02-16
3975,treatment,onboarding_checklist_v1,2025-01-18
3976,control,onboarding_checklist_v1,2025-05-06
3977,treatment,onboarding_checklist_v1,2025-04-27
3978,treatment,onboarding_checklist_v1,2025-06-28
3979,control,onboarding_checklist_v1,2025-04-09
3980,control,onboarding_checklist_v1,2025-01-28
3981,control,onboarding_checklist_v1,2025-03-23
3982,control,onboarding_checklist_v1,2025-01-17
3983,treatment,onboarding_checklist_v1,2025-05-02
3984,treatment,onboarding_checklist_v1,2025-05-03
3985,treatment,onboarding_checklist_v1,2025-06-05
3986,treatment,onboarding_checklist_v1,2025-03-03
3987,treatment,onboarding_checklist_v1,2025-02-26
3988,treatment,onboarding_checklist_v1,2025-01-13
3989,control,onboarding_checklist_v1,2025-03-17
3990,control,onboarding_checklist_v1,2025-03-28
3991,control,onboarding_checklist_v1,2025-05-17
3992,control,onboarding_checklist_v1,2025-05-17
3993,control,onboarding_checklist_v1,2025-01-26
3994,control,onboarding_checklist_v1,2025-02-21
3995,control,onboarding_checklist_v1,2025-04-03
3996,control,onboarding_checklist_v1,2025-03-02
3997,control,onboarding_checklist_v1,2025-01-05
3998,control,onboarding_checklist_v1,2025-06-03
3999,control,onboarding_checklist_v1,2025-05-13
4000,control,onboarding_checklist_v1,2025-04-05
4001,treatment,onboarding_checklist_v1,2025-02-27
4002,treatment,onboarding_checklist_v1,2025-06-02
4003,control,onboarding_checklist_v1,2025-01-07
4004,control,onboarding_checklist_v1,2025-03-22
4005,control,onboarding_checklist_v1,2025-05-25
4006,control,onboarding_checklist_v1,2025-06-22
4007,control,onboarding_checklist_v1,2025-02-15
4008,treatment,onboarding_checklist_v1,2025-04-28
4009,control,onboarding_checklist_v1,2025-02-04
4010,control,onboarding_checklist_v1,2025-01-21
4011,treatment,onboarding_checklist_v1,2025-03-05
4012,treatment,onboarding_checklist_v1,2025-06-10
4013,control,onboarding_checklist_v1,2025-05-05
4014,control,onboarding_checklist_v1,2025-03-30
4015,treatment,onboarding_checklist_v1,2025-02-21
4016,control,onboarding_checklist_v1,2025-01-26
4017,treatment,onboarding_checklist_v1,2025-02-19
4018,treatment,onboarding_checklist_v1,2025-01-28
4019,control,onboarding_checklist_v1,2025-02-03
4020,treatment,onboarding_checklist_v1,2025-05-05
4021,control,onboarding_checklist_v1,2025-01-25
4022,control,onboarding_checklist_v1,2025-01-09
4023,control,onboarding_checklist_v1,2025-04-09
4024,treatment,onboarding_checklist_v1,2025-02-21
4025,control,onboarding_checklist_v1,2025-03-24
4026,control,onboarding_checklist_v1,2025-01-26
4027,treatment,onboarding_checklist_v1,2025-02-08
4028,control,onboarding_checklist_v1,2025-03-21
4029,treatment,onboarding_checklist_v1,2025-05-05
4030,treatment,onboarding_checklist_v1,2025-03-16
4031,treatment,onboarding_checklist_v1,2025-04-09
4032,treatment,onboarding_checklist_v1,2025-04-05
4033,treatment,onboarding_checklist_v1,2025-02-18
4034,control,onboarding_checklist_v1,2025-02-20
4035,treatment,onboarding_checklist_v1,2025-03-19
4036,treatment,onboarding_checklist_v1,2025-01-06
4037,treatment,onboarding_checklist_v1,2025-05-05
4038,treatment,onboarding_checklist_v1,2025-04-22
4039,treatment,onboarding_checklist_v1,2025-02-25
4040,treatment,onboarding_checklist_v1,2025-03-09
4041,control,onboarding_checklist_v1,2025-03-01
4042,control,onboarding_checklist_v1,2025-04-28
4043,treatment,onboarding_checklist_v1,2025-05-18
4044,treatment,onboarding_checklist_v1,2025-01-20
4045,control,onboarding_checklist_v1,2025-03-16
4046,control,onboarding_checklist_v1,2025-01-03
4047,treatment,onboarding_checklist_v1,2025-03-23
4048,control,onboarding_checklist_v1,2025-02-14
4049,treatment,onboarding_checklist_v1,2025-03-02
4050,treatment,onboarding_checklist_v1,2025-03-24
4051,control,onboarding_checklist_v1,2025-02-28
4052,control,onboarding_checklist_v1,2025-03-13
4053,treatment,onboarding_checklist_v1,2025-05-19
4054,control,onboarding_checklist_v1,2025-05-27
4055,treatment,onboarding_checklist_v1,2025-01-02
4056,control,onboarding_checklist_v1,2025-03-10
4057,control,onboarding_checklist_v1,2025-06-03
4058,control,onboarding_checklist_v1,2025-04-07
4059,treatment,onboarding_checklist_v1,2025-02-07
4060,treatment,onboarding_checklist_v1,2025-04-18
4061,treatment,onboarding_checklist_v1,2025-01-27
4062,control,onboarding_checklist_v1,2025-01-04
4063,treatment,onboarding_checklist_v1,2025-04-25
4064,control,onboarding_checklist_v1,2025-04-04
4065,treatment,onboarding_checklist_v1,2025-05-17
4066,treatment,onboarding_checklist_v1,2025-03-04
4067,control,onboarding_checklist_v1,2025-06-04
4068,treatment,onboarding_checklist_v1,2025-03-18
4069,control,onboarding_checklist_v1,2025-05-14
4070,control,onboarding_checklist_v1,2025-01-19
4071,treatment,onboarding_checklist_v1,2025-01-18
4072,treatment,onboarding_checklist_v1,2025-05-22
4073,control,onboarding_checklist_v1,2025-05-31
4074,treatment,onboarding_checklist_v1,2025-06-20
4075,control,onboarding_checklist_v1,2025-02-28
4076,treatment,onboarding_checklist_v1,2025-01-05
4077,treatment,onboarding_checklist_v1,2025-06-27
4078,control,onboarding_checklist_v1,2025-04-19
4079,treatment,onboarding_checklist_v1,2025-02-14
4080,treatment,onboarding_checklist_v1,2025-05-19
4081,treatment,onboarding_checklist_v1,2025-06-13
4082,control,onboarding_checklist_v1,2025-02-21
4083,control,onboarding_checklist_v1,2025-05-20
4084,treatment,onboarding_checklist_v1,2025-05-23
4085,treatment,onboarding_checklist_v1,2025-04-01
4086,treatment,onboarding_checklist_v1,2025-04-25
4087,treatment,onboarding_checklist_v1,2025-02-18
4088,treatment,onboarding_checklist_v1,2025-06-18
4089,control,onboarding_checklist_v1,2025-06-27
4090,control,onboarding_checklist_v1,2025-06-27
4091,treatment,onboarding_checklist_v1,2025-05-14
4092,control,onboarding_checklist_v1,2025-01-08
4093,control,onboarding_checklist_v1,2025-03-08
4094,treatment,onboarding_checklist_v1,2025-03-22
4095,treatment,onboarding_checklist_v1,2025-06-23
4096,treatment,onboarding_checklist_v1,2025-04-10
4097,control,onboarding_checklist_v1,2025-04-08
4098,treatment,onboarding_checklist_v1,2025-01-27
4099,control,onboarding_checklist_v1,2025-05-24
4100,control,onboarding_checklist_v1,2025-03-02
4101,treatment,onboarding_checklist_v1,2025-01-17
4102,treatment,onboarding_checklist_v1,2025-06-28
4103,treatment,onboarding_checklist_v1,2025-02-04
4104,treatment,onboarding_checklist_v1,2025-01-03
4105,treatment,onboarding_checklist_v1,2025-01-15
4106,control,onboarding_checklist_v1,2025-03-23
4107,control,onboarding_checklist_v1,2025-01-19
4108,treatment,onboarding_checklist_v1,2025-06-02
4109,treatment,onboarding_checklist_v1,2025-04-03
4110,control,onboarding_checklist_v1,2025-02-28
4111,control,onboarding_checklist_v1,2025-01-01
4112,control,onboarding_checklist_v1,2025-03-28
4113,control,onboarding_checklist_v1,2025-01-28
4114,treatment,onboarding_checklist_v1,2025-06-27
4115,control,onboarding_checklist_v1,2025-02-22
4116,control,onboarding_checklist_v1,2025-03-27
4117,treatment,onboarding_checklist_v1,2025-01-04
4118,treatment,onboarding_checklist_v1,2025-01-24
4119,control,onboarding_checklist_v1,2025-02-07
4120,control,onboarding_checklist_v1,2025-01-10
4121,control,onboarding_checklist_v1,2025-05-12
4122,control,onboarding_checklist_v1,2025-06-21
4123,control,onboarding_checklist_v1,2025-06-28
4124,control,onboarding_checklist_v1,2025-02-18
4125,control,onboarding_checklist_v1,2025-05-23
4126,control,onboarding_checklist_v1,2025-04-02
4127,control,onboarding_checklist_v1,2025-01-09
4128,treatment,onboarding_checklist_v1,2025-01-17
4129,control,onboarding_checklist_v1,2025-04-10
4130,control,onboarding_checklist_v1,2025-03-18
4131,treatment,onboarding_checklist_v1,2025-01-02
4132,control,onboarding_checklist_v1,2025-06-18
4133,control,onboarding_checklist_v1,2025-05-13
4134,treatment,onboarding_checklist_v1,2025-04-01
4135,treatment,onboarding_checklist_v1,2025-06-28
4136,control,onboarding_checklist_v1,2025-06-25
4137,treatment,onboarding_checklist_v1,2025-06-26
4138,treatment,onboarding_checklist_v1,2025-02-16
4139,control,onboarding_checklist_v1,2025-06-09
4140,control,onboarding_checklist_v1,2025-04-02
4141,control,onboarding_checklist_v1,2025-05-12
4142,treatment,onboarding_checklist_v1,2025-06-05
4143,control,onboarding_checklist_v1,2025-01-30
4144,control,onboarding_checklist_v1,2025-03-23
4145,treatment,onboarding_checklist_v1,2025-01-24
4146,treatment,onboarding_checklist_v1,2025-02-20
4147,control,onboarding_checklist_v1,2025-03-16
4148,control,onboarding_checklist_v1,2025-06-04
4149,control,onboarding_checklist_v1,2025-06-06
4150,treatment,onboarding_checklist_v1,2025-03-12
4151,control,onboarding_checklist_v1,2025-03-01
4152,treatment,onboarding_checklist_v1,2025-04-07
4153,control,onboarding_checklist_v1,2025-06-15
4154,control,onboarding_checklist_v1,2025-06-26
4155,control,onboarding_checklist_v1,2025-02-11
4156,control,onboarding_checklist_v1,2025-02-03
4157,control,onboarding_checklist_v1,2025-05-08
4158,treatment,onboarding_checklist_v1,2025-02-24
4159,control,onboarding_checklist_v1,2025-02-06
4160,treatment,onboarding_checklist_v1,2025-01-06
4161,control,onboarding_checklist_v1,2025-03-14
4162,treatment,onboarding_checklist_v1,2025-03-12
4163,control,onboarding_checklist_v1,2025-04-12
4164,treatment,onboarding_checklist_v1,2025-02-06
4165,control,onboarding_checklist_v1,2025-05-10
4166,treatment,onboarding_checklist_v1,2025-05-04
4167,treatment,onboarding_checklist_v1,2025-03-25
4168,treatment,onboarding_checklist_v1,2025-02-02
4169,treatment,onboarding_checklist_v1,2025-04-02
4170,control,onboarding_checklist_v1,2025-05-03
4171,treatment,onboarding_checklist_v1,2025-03-09
4172,control,onboarding_checklist_v1,2025-02-17
4173,treatment,onboarding_checklist_v1,2025-04-02
4174,control,onboarding_checklist_v1,2025-03-06
4175,control,onboarding_checklist_v1,2025-03-14
4176,treatment,onboarding_checklist_v1,2025-03-05
4177,control,onboarding_checklist_v1,2025-02-24
4178,treatment,onboarding_checklist_v1,2025-05-10
4179,control,onboarding_checklist_v1,2025-03-25
4180,treatment,onboarding_checklist_v1,2025-03-26
4181,treatment,onboarding_checklist_v1,2025-04-29
4182,treatment,onboarding_checklist_v1,2025-03-07
4183,control,onboarding_checklist_v1,2025-01-19
4184,control,onboarding_checklist_v1,2025-06-04
4185,control,onboarding_checklist_v1,2025-01-11
4186,control,onboarding_checklist_v1,2025-04-14
4187,treatment,onboarding_checklist_v1,2025-02-18
4188,control,onboarding_checklist_v1,2025-02-08
4189,control,onboarding_checklist_v1,2025-01-08
4190,control,onboarding_checklist_v1,2025-06-12
4191,treatment,onboarding_checklist_v1,2025-03-19
4192,control,onboarding_checklist_v1,2025-03-04
4193,control,onboarding_checklist_v1,2025-05-15
4194,control,onboarding_checklist_v1,2025-01-08
4195,control,onboarding_checklist_v1,2025-04-13
4196,treatment,onboarding_checklist_v1,2025-03-31
4197,control,onboarding_checklist_v1,2025-04-11
4198,treatment,onboarding_checklist_v1,2025-01-23
4199,treatment,onboarding_checklist_v1,2025-06-22
4200,treatment,onboarding_checklist_v1,2025-02-13
4201,treatment,onboarding_checklist_v1,2025-05-03
4202,treatment,onboarding_checklist_v1,2025-05-16
4203,control,onboarding_checklist_v1,2025-03-04
4204,control,onboarding_checklist_v1,2025-01-24
4205,treatment,onboarding_checklist_v1,2025-02-23
4206,treatment,onboarding_checklist_v1,2025-05-27
4207,treatment,onboarding_checklist_v1,2025-06-14
4208,control,onboarding_checklist_v1,2025-06-19
4209,control,onboarding_checklist_v1,2025-02-10
4210,control,onboarding_checklist_v1,2025-04-20
4211,control,onboarding_checklist_v1,2025-01-28
4212,control,onboarding_checklist_v1,2025-05-09
4213,control,onboarding_checklist_v1,2025-03-17
4214,treatment,onboarding_checklist_v1,2025-05-10
4215,treatment,onboarding_checklist_v1,2025-05-05
4216,treatment,onboarding_checklist_v1,2025-06-29
4217,treatment,onboarding_checklist_v1,2025-03-30
4218,control,onboarding_checklist_v1,2025-03-03
4219,control,onboarding_checklist_v1,2025-04-06
4220,treatment,onboarding_checklist_v1,2025-01-30
4221,treatment,onboarding_checklist_v1,2025-01-21
4222,treatment,onboarding_checklist_v1,2025-04-04
4223,treatment,onboarding_checklist_v1,2025-05-30
4224,treatment,onboarding_checklist_v1,2025-04-07
4225,treatment,onboarding_checklist_v1,2025-05-22
4226,treatment,onboarding_checklist_v1,2025-02-02
4227,treatment,onboarding_checklist_v1,2025-03-23
4228,control,onboarding_checklist_v1,2025-04-21
4229,control,onboarding_checklist_v1,2025-03-04
4230,control,onboarding_checklist_v1,2025-01-03
4231,treatment,onboarding_checklist_v1,2025-01-14
4232,treatment,onboarding_checklist_v1,2025-06-17
4233,control,onboarding_checklist_v1,2025-04-20
4234,control,onboarding_checklist_v1,2025-02-17
4235,treatment,onboarding_checklist_v1,2025-02-16
4236,control,onboarding_checklist_v1,2025-01-08
4237,treatment,onboarding_checklist_v1,2025-06-21
4238,control,onboarding_checklist_v1,2025-01-20
4239,control,onboarding_checklist_v1,2025-05-18
4240,control,onboarding_checklist_v1,2025-02-13
4241,control,onboarding_checklist_v1,2025-03-02
4242,control,onboarding_checklist_v1,2025-02-19
4243,control,onboarding_checklist_v1,2025-05-30
4244,control,onboarding_checklist_v1,2025-01-06
4245,control,onboarding_checklist_v1,2025-03-05
4246,treatment,onboarding_checklist_v1,2025-02-20
4247,control,onboarding_checklist_v1,2025-02-19
4248,control,onboarding_checklist_v1,2025-02-04
4249,control,onboarding_checklist_v1,2025-06-15
4250,treatment,onboarding_checklist_v1,2025-03-10
4251,treatment,onboarding_checklist_v1,2025-03-17
4252,treatment,onboarding_checklist_v1,2025-03-11
4253,treatment,onboarding_checklist_v1,2025-06-27
4254,control,onboarding_checklist_v1,2025-03-03
4255,treatment,onboarding_checklist_v1,2025-03-03
4256,control,onboarding_checklist_v1,2025-03-01
4257,treatment,onboarding_checklist_v1,2025-03-01
4258,control,onboarding_checklist_v1,2025-01-17
4259,control,onboarding_checklist_v1,2025-04-20
4260,treatment,onboarding_checklist_v1,2025-01-05
4261,treatment,onboarding_checklist_v1,2025-02-10
4262,treatment,onboarding_checklist_v1,2025-02-06
4263,control,onboarding_checklist_v1,2025-02-22
4264,control,onboarding_checklist_v1,2025-05-17
4265,control,onboarding_checklist_v1,2025-04-19
4266,control,onboarding_checklist_v1,2025-06-29
4267,control,onboarding_checklist_v1,2025-03-05
4268,control,onboarding_checklist_v1,2025-06-18
4269,treatment,onboarding_checklist_v1,2025-01-09
4270,control,onboarding_checklist_v1,2025-04-02
4271,treatment,onboarding_checklist_v1,2025-05-25
4272,treatment,onboarding_checklist_v1,2025-04-07
4273,treatment,onboarding_checklist_v1,2025-06-18
4274,control,onboarding_checklist_v1,2025-02-26
4275,control,onboarding_checklist_v1,2025-01-07
4276,control,onboarding_checklist_v1,2025-05-21
4277,treatment,onboarding_checklist_v1,2025-01-13
4278,control,onboarding_checklist_v1,2025-05-19
4279,control,onboarding_checklist_v1,2025-05-13
4280,treatment,onboarding_checklist_v1,2025-06-02
4281,treatment,onboarding_checklist_v1,2025-03-28
4282,treatment,onboarding_checklist_v1,2025-06-12
4283,control,onboarding_checklist_v1,2025-01-31
4284,treatment,onboarding_checklist_v1,2025-03-20
4285,control,onboarding_checklist_v1,2025-01-23
4286,control,onboarding_checklist_v1,2025-05-19
4287,treatment,onboarding_checklist_v1,2025-05-10
4288,treatment,onboarding_checklist_v1,2025-05-26
4289,control,onboarding_checklist_v1,2025-05-19
4290,control,onboarding_checklist_v1,2025-02-25
4291,control,onboarding_checklist_v1,2025-01-13
4292,treatment,onboarding_checklist_v1,2025-06-18
4293,treatment,onboarding_checklist_v1,2025-03-31
4294,control,onboarding_checklist_v1,2025-01-18
4295,control,onboarding_checklist_v1,2025-06-17
4296,treatment,onboarding_checklist_v1,2025-06-29
4297,treatment,onboarding_checklist_v1,2025-03-22
4298,control,onboarding_checklist_v1,2025-05-20
4299,treatment,onboarding_checklist_v1,2025-01-07
4300,treatment,onboarding_checklist_v1,2025-01-17
4301,control,onboarding_checklist_v1,2025-02-20
4302,treatment,onboarding_checklist_v1,2025-04-29
4303,treatment,onboarding_checklist_v1,2025-01-25
4304,treatment,onboarding_checklist_v1,2025-01-07
4305,treatment,onboarding_checklist_v1,2025-05-02
4306,treatment,onboarding_checklist_v1,2025-05-20
4307,treatment,onboarding_checklist_v1,2025-05-14
4308,control,onboarding_checklist_v1,2025-05-25
4309,treatment,onboarding_checklist_v1,2025-05-26
4310,control,onboarding_checklist_v1,2025-04-20
4311,control,onboarding_checklist_v1,2025-04-05
4312,control,onboarding_checklist_v1,2025-06-05
4313,treatment,onboarding_checklist_v1,2025-03-04
4314,treatment,onboarding_checklist_v1,2025-01-18
4315,treatment,onboarding_checklist_v1,2025-05-17
4316,treatment,onboarding_checklist_v1,2025-02-19
4317,control,onboarding_checklist_v1,2025-06-27
4318,treatment,onboarding_checklist_v1,2025-03-16
4319,treatment,onboarding_checklist_v1,2025-06-04
4320,control,onboarding_checklist_v1,2025-01-08
4321,treatment,onboarding_checklist_v1,2025-04-30
4322,treatment,onboarding_checklist_v1,2025-03-23
4323,control,onboarding_checklist_v1,2025-03-25
4324,treatment,onboarding_checklist_v1,2025-02-18
4325,control,onboarding_checklist_v1,2025-06-25
4326,control,onboarding_checklist_v1,2025-03-13
4327,control,onboarding_checklist_v1,2025-06-03
4328,control,onboarding_checklist_v1,2025-03-18
4329,control,onboarding_checklist_v1,2025-01-09
4330,treatment,onboarding_checklist_v1,2025-06-09
4331,control,onboarding_checklist_v1,2025-02-03
4332,treatment,onboarding_checklist_v1,2025-02-18
4333,treatment,onboarding_checklist_v1,2025-06-05
4334,control,onboarding_checklist_v1,2025-06-11
4335,control,onboarding_checklist_v1,2025-06-15
4336,treatment,onboarding_checklist_v1,2025-03-19
4337,treatment,onboarding_checklist_v1,2025-05-18
4338,treatment,onboarding_checklist_v1,2025-03-01
4339,control,onboarding_checklist_v1,2025-05-15
4340,treatment,onboarding_checklist_v1,2025-04-01
4341,treatment,onboarding_checklist_v1,2025-01-10
4342,treatment,onboarding_checklist_v1,2025-03-17
4343,control,onboarding_checklist_v1,2025-03-26
4344,treatment,onboarding_checklist_v1,2025-02-16
4345,control,onboarding_checklist_v1,2025-03-09
4346,treatment,onboarding_checklist_v1,2025-04-01
4347,treatment,onboarding_checklist_v1,2025-01-09
4348,treatment,onboarding_checklist_v1,2025-01-28
4349,control,onboarding_checklist_v1,2025-05-19
4350,treatment,onboarding_checklist_v1,2025-03-05
4351,control,onboarding_checklist_v1,2025-04-21
4352,control,onboarding_checklist_v1,2025-04-13
4353,treatment,onboarding_checklist_v1,2025-04-10
4354,treatment,onboarding_checklist_v1,2025-03-16
4355,control,onboarding_checklist_v1,2025-03-29
4356,treatment,onboarding_checklist_v1,2025-05-30
4357,control,onboarding_checklist_v1,2025-06-24
4358,treatment,onboarding_checklist_v1,2025-02-16
4359,treatment,onboarding_checklist_v1,2025-05-02
4360,treatment,onboarding_checklist_v1,2025-06-25
4361,treatment,onboarding_checklist_v1,2025-01-02
4362,treatment,onboarding_checklist_v1,2025-05-23
4363,control,onboarding_checklist_v1,2025-03-31
4364,treatment,onboarding_checklist_v1,2025-06-25
4365,control,onboarding_checklist_v1,2025-04-15
4366,control,onboarding_checklist_v1,2025-06-01
4367,treatment,onboarding_checklist_v1,2025-01-31
4368,control,onboarding_checklist_v1,2025-01-26
4369,control,onboarding_checklist_v1,2025-06-17
4370,treatment,onboarding_checklist_v1,2025-04-06
4371,control,onboarding_checklist_v1,2025-04-12
4372,control,onboarding_checklist_v1,2025-01-31
4373,control,onboarding_checklist_v1,2025-02-11
4374,control,onboarding_checklist_v1,2025-05-29
4375,treatment,onboarding_checklist_v1,2025-02-24
4376,treatment,onboarding_checklist_v1,2025-04-16
4377,treatment,onboarding_checklist_v1,2025-02-27
4378,control,onboarding_checklist_v1,2025-02-17
4379,treatment,onboarding_checklist_v1,2025-01-31
4380,control,onboarding_checklist_v1,2025-06-18
4381,treatment,onboarding_checklist_v1,2025-06-20
4382,treatment,onboarding_checklist_v1,2025-01-21
4383,control,onboarding_checklist_v1,2025-03-05
4384,treatment,onboarding_checklist_v1,2025-04-13
4385,treatment,onboarding_checklist_v1,2025-03-11
4386,control,onboarding_checklist_v1,2025-05-11
4387,treatment,onboarding_checklist_v1,2025-02-17
4388,treatment,onboarding_checklist_v1,2025-01-11
4389,control,onboarding_checklist_v1,2025-03-02
4390,control,onboarding_checklist_v1,2025-04-19
4391,treatment,onboarding_checklist_v1,2025-02-02
4392,treatment,onboarding_checklist_v1,2025-05-28
4393,treatment,onboarding_checklist_v1,2025-01-03
4394,treatment,onboarding_checklist_v1,2025-01-13
4395,treatment,onboarding_checklist_v1,2025-04-03
4396,control,onboarding_checklist_v1,2025-04-03
4397,control,onboarding_checklist_v1,2025-02-23
4398,control,onboarding_checklist_v1,2025-02-16
4399,treatment,onboarding_checklist_v1,2025-01-13
4400,treatment,onboarding_checklist_v1,2025-04-30
4401,treatment,onboarding_checklist_v1,2025-03-10
4402,control,onboarding_checklist_v1,2025-01-22
4403,treatment,onboarding_checklist_v1,2025-03-14
4404,treatment,onboarding_checklist_v1,2025-06-19
4405,control,onboarding_checklist_v1,2025-02-17
4406,control,onboarding_checklist_v1,2025-06-11
4407,treatment,onboarding_checklist_v1,2025-02-16
4408,treatment,onboarding_checklist_v1,2025-02-03
4409,treatment,onboarding_checklist_v1,2025-02-17
4410,control,onboarding_checklist_v1,2025-02-28
4411,treatment,onboarding_checklist_v1,2025-01-22
4412,control,onboarding_checklist_v1,2025-04-17
4413,control,onboarding_checklist_v1,2025-03-02
4414,treatment,onboarding_checklist_v1,2025-05-10
4415,control,onboarding_checklist_v1,2025-03-30
4416,treatment,onboarding_checklist_v1,2025-03-22
4417,control,onboarding_checklist_v1,2025-03-27
4418,control,onboarding_checklist_v1,2025-01-29
4419,control,onboarding_checklist_v1,2025-05-10
4420,treatment,onboarding_checklist_v1,2025-01-19
4421,control,onboarding_checklist_v1,2025-05-11
4422,control,onboarding_checklist_v1,2025-06-30
4423,control,onboarding_checklist_v1,2025-05-19
4424,control,onboarding_checklist_v1,2025-03-24
4425,treatment,onboarding_checklist_v1,2025-02-26
4426,control,onboarding_checklist_v1,2025-06-07
4427,control,onboarding_checklist_v1,2025-02-16
4428,treatment,onboarding_checklist_v1,2025-03-29
4429,control,onboarding_checklist_v1,2025-05-20
4430,treatment,onboarding_checklist_v1,2025-06-16
4431,control,onboarding_checklist_v1,2025-06-16
4432,treatment,onboarding_checklist_v1,2025-01-16
4433,control,onboarding_checklist_v1,2025-06-12
4434,control,onboarding_checklist_v1,2025-01-21
4435,control,onboarding_checklist_v1,2025-04-16
4436,treatment,onboarding_checklist_v1,2025-06-18
4437,control,onboarding_checklist_v1,2025-04-29
4438,treatment,onboarding_checklist_v1,2025-06-21
4439,treatment,onboarding_checklist_v1,2025-03-04
4440,control,onboarding_checklist_v1,2025-02-26
4441,control,onboarding_checklist_v1,2025-03-01
4442,control,onboarding_checklist_v1,2025-03-06
4443,treatment,onboarding_checklist_v1,2025-05-04
4444,treatment,onboarding_checklist_v1,2025-03-23
4445,treatment,onboarding_checklist_v1,2025-05-14
4446,control,onboarding_checklist_v1,2025-03-17
4447,treatment,onboarding_checklist_v1,2025-02-25
4448,control,onboarding_checklist_v1,2025-02-04
4449,control,onboarding_checklist_v1,2025-04-10
4450,control,onboarding_checklist_v1,2025-06-12
4451,control,onboarding_checklist_v1,2025-06-05
4452,treatment,onboarding_checklist_v1,2025-02-15
4453,treatment,onboarding_checklist_v1,2025-03-28
4454,control,onboarding_checklist_v1,2025-05-08
4455,control,onboarding_checklist_v1,2025-04-21
4456,treatment,onboarding_checklist_v1,2025-01-13
4457,treatment,onboarding_checklist_v1,2025-04-17
4458,control,onboarding_checklist_v1,2025-01-08
4459,control,onboarding_checklist_v1,2025-01-22
4460,treatment,onboarding_checklist_v1,2025-04-29
4461,treatment,onboarding_checklist_v1,2025-01-19
4462,treatment,onboarding_checklist_v1,2025-03-03
4463,control,onboarding_checklist_v1,2025-04-17
4464,treatment,onboarding_checklist_v1,2025-04-29
4465,control,onboarding_checklist_v1,2025-03-22
4466,treatment,onboarding_checklist_v1,2025-01-18
4467,control,onboarding_checklist_v1,2025-05-25
4468,control,onboarding_checklist_v1,2025-06-21
4469,control,onboarding_checklist_v1,2025-06-10
4470,control,onboarding_checklist_v1,2025-05-16
4471,control,onboarding_checklist_v1,2025-03-14
4472,treatment,onboarding_checklist_v1,2025-06-08
4473,treatment,onboarding_checklist_v1,2025-03-30
4474,treatment,onboarding_checklist_v1,2025-01-25
4475,control,onboarding_checklist_v1,2025-06-03
4476,control,onboarding_checklist_v1,2025-02-27
4477,control,onboarding_checklist_v1,2025-06-19
4478,control,onboarding_checklist_v1,2025-03-08
4479,control,onboarding_checklist_v1,2025-06-07
4480,treatment,onboarding_checklist_v1,2025-04-08
4481,treatment,onboarding_checklist_v1,2025-03-26
4482,control,onboarding_checklist_v1,2025-02-23
4483,treatment,onboarding_checklist_v1,2025-06-01
4484,treatment,onboarding_checklist_v1,2025-01-11
4485,control,onboarding_checklist_v1,2025-03-26
4486,treatment,onboarding_checklist_v1,2025-03-08
4487,control,onboarding_checklist_v1,2025-04-09
4488,control,onboarding_checklist_v1,2025-02-16
4489,treatment,onboarding_checklist_v1,2025-05-01
4490,treatment,onboarding_checklist_v1,2025-03-11
4491,control,onboarding_checklist_v1,2025-02-04
4492,control,onboarding_checklist_v1,2025-02-05
4493,treatment,onboarding_checklist_v1,2025-05-07
4494,control,onboarding_checklist_v1,2025-02-17
4495,treatment,onboarding_checklist_v1,2025-02-25
4496,treatment,onboarding_checklist_v1,2025-04-24
4497,control,onboarding_checklist_v1,2025-03-01
4498,treatment,onboarding_checklist_v1,2025-03-12
4499,treatment,onboarding_checklist_v1,2025-02-14
4500,treatment,onboarding_checklist_v1,2025-03-04
4501,control,onboarding_checklist_v1,2025-05-06
4502,control,onboarding_checklist_v1,2025-04-07
4503,control,onboarding_checklist_v1,2025-06-30
4504,treatment,onboarding_checklist_v1,2025-05-20
4505,treatment,onboarding_checklist_v1,2025-01-04
4506,treatment,onboarding_checklist_v1,2025-03-10
4507,treatment,onboarding_checklist_v1,2025-02-22
4508,control,onboarding_checklist_v1,2025-04-17
4509,control,onboarding_checklist_v1,2025-02-18
4510,treatment,onboarding_checklist_v1,2025-06-24
4511,treatment,onboarding_checklist_v1,2025-02-24
4512,treatment,onboarding_checklist_v1,2025-04-05
4513,control,onboarding_checklist_v1,2025-01-23
4514,control,onboarding_checklist_v1,2025-06-14
4515,treatment,onboarding_checklist_v1,2025-06-15
4516,control,onboarding_checklist_v1,2025-05-24
4517,control,onboarding_checklist_v1,2025-03-05
4518,treatment,onboarding_checklist_v1,2025-01-11
4519,treatment,onboarding_checklist_v1,2025-05-09
4520,treatment,onboarding_checklist_v1,2025-03-19
4521,treatment,onboarding_checklist_v1,2025-06-29
4522,treatment,onboarding_checklist_v1,2025-05-07
4523,control,onboarding_checklist_v1,2025-04-08
4524,control,onboarding_checklist_v1,2025-06-28
4525,treatment,onboarding_checklist_v1,2025-05-25
4526,control,onboarding_checklist_v1,2025-03-24
4527,treatment,onboarding_checklist_v1,2025-01-04
4528,treatment,onboarding_checklist_v1,2025-01-17
4529,control,onboarding_checklist_v1,2025-03-22
4530,treatment,onboarding_checklist_v1,2025-04-12
4531,treatment,onboarding_checklist_v1,2025-01-06
4532,control,onboarding_checklist_v1,2025-01-23
4533,control,onboarding_checklist_v1,2025-05-08
4534,treatment,onboarding_checklist_v1,2025-05-17
4535,control,onboarding_checklist_v1,2025-01-06
4536,control,onboarding_checklist_v1,2025-04-02
4537,treatment,onboarding_checklist_v1,2025-01-15
4538,treatment,onboarding_checklist_v1,2025-05-11
4539,treatment,onboarding_checklist_v1,2025-05-31
4540,treatment,onboarding_checklist_v1,2025-06-07
4541,treatment,onboarding_checklist_v1,2025-04-19
4542,control,onboarding_checklist_v1,2025-04-24
4543,control,onboarding_checklist_v1,2025-06-17
4544,treatment,onboarding_checklist_v1,2025-04-21
4545,control,onboarding_checklist_v1,2025-03-22
4546,treatment,onboarding_checklist_v1,2025-05-17
4547,treatment,onboarding_checklist_v1,2025-04-17
4548,control,onboarding_checklist_v1,2025-06-02
4549,treatment,onboarding_checklist_v1,2025-04-05
4550,treatment,onboarding_checklist_v1,2025-06-07
4551,treatment,onboarding_checklist_v1,2025-01-09
4552,control,onboarding_checklist_v1,2025-01-07
4553,treatment,onboarding_checklist_v1,2025-01-18
4554,control,onboarding_checklist_v1,2025-04-11
4555,treatment,onboarding_checklist_v1,2025-05-09
4556,treatment,onboarding_checklist_v1,2025-02-09
4557,control,onboarding_checklist_v1,2025-01-29
4558,control,onboarding_checklist_v1,2025-06-05
4559,treatment,onboarding_checklist_v1,2025-05-16
4560,treatment,onboarding_checklist_v1,2025-04-28
4561,control,onboarding_checklist_v1,2025-03-30
4562,treatment,onboarding_checklist_v1,2025-03-18
4563,treatment,onboarding_checklist_v1,2025-01-04
4564,control,onboarding_checklist_v1,2025-02-04
4565,treatment,onboarding_checklist_v1,2025-06-12
4566,control,onboarding_checklist_v1,2025-03-03
4567,control,onboarding_checklist_v1,2025-05-08
4568,treatment,onboarding_checklist_v1,2025-05-08
4569,control,onboarding_checklist_v1,2025-02-26
4570,treatment,onboarding_checklist_v1,2025-02-06
4571,treatment,onboarding_checklist_v1,2025-05-06
4572,treatment,onboarding_checklist_v1,2025-01-17
4573,control,onboarding_checklist_v1,2025-03-31
4574,control,onboarding_checklist_v1,2025-06-10
4575,treatment,onboarding_checklist_v1,2025-05-09
4576,treatment,onboarding_checklist_v1,2025-05-19
4577,treatment,onboarding_checklist_v1,2025-01-16
4578,control,onboarding_checklist_v1,2025-02-06
4579,control,onboarding_checklist_v1,2025-02-19
4580,control,onboarding_checklist_v1,2025-02-22
4581,treatment,onboarding_checklist_v1,2025-02-05
4582,control,onboarding_checklist_v1,2025-06-25
4583,treatment,onboarding_checklist_v1,2025-01-30
4584,control,onboarding_checklist_v1,2025-05-09
4585,control,onboarding_checklist_v1,2025-04-17
4586,treatment,onboarding_checklist_v1,2025-04-21
4587,treatment,onboarding_checklist_v1,2025-02-08
4588,treatment,onboarding_checklist_v1,2025-02-25
4589,control,onboarding_checklist_v1,2025-04-20
4590,treatment,onboarding_checklist_v1,2025-02-24
4591,control,onboarding_checklist_v1,2025-05-06
4592,treatment,onboarding_checklist_v1,2025-01-08
4593,treatment,onboarding_checklist_v1,2025-01-14
4594,control,onboarding_checklist_v1,2025-05-12
4595,treatment,onboarding_checklist_v1,2025-04-22
4596,control,onboarding_checklist_v1,2025-01-08
4597,control,onboarding_checklist_v1,2025-06-12
4598,control,onboarding_checklist_v1,2025-01-01
4599,control,onboarding_checklist_v1,2025-06-22
4600,treatment,onboarding_checklist_v1,2025-05-13
4601,treatment,onboarding_checklist_v1,2025-06-28
4602,treatment,onboarding_checklist_v1,2025-06-21
4603,treatment,onboarding_checklist_v1,2025-02-26
4604,treatment,onboarding_checklist_v1,2025-05-17
4605,control,onboarding_checklist_v1,2025-02-08
4606,control,onboarding_checklist_v1,2025-03-27
4607,control,onboarding_checklist_v1,2025-02-13
4608,treatment,onboarding_checklist_v1,2025-03-29
4609,treatment,onboarding_checklist_v1,2025-06-07
4610,treatment,onboarding_checklist_v1,2025-03-20
4611,control,onboarding_checklist_v1,2025-01-17
4612,control,onboarding_checklist_v1,2025-02-28
4613,treatment,onboarding_checklist_v1,2025-05-23
4614,control,onboarding_checklist_v1,2025-04-05
4615,treatment,onboarding_checklist_v1,2025-04-12
4616,control,onboarding_checklist_v1,2025-03-20
4617,control,onboarding_checklist_v1,2025-02-22
4618,treatment,onboarding_checklist_v1,2025-04-19
4619,treatment,onboarding_checklist_v1,2025-04-25
4620,treatment,onboarding_checklist_v1,2025-06-12
4621,control,onboarding_checklist_v1,2025-04-22
4622,control,onboarding_checklist_v1,2025-06-30
4623,treatment,onboarding_checklist_v1,2025-05-30
4624,treatment,onboarding_checklist_v1,2025-01-15
4625,control,onboarding_checklist_v1,2025-03-12
4626,treatment,onboarding_checklist_v1,2025-03-11
4627,control,onboarding_checklist_v1,2025-01-01
4628,control,onboarding_checklist_v1,2025-02-02
4629,treatment,onboarding_checklist_v1,2025-05-18
4630,treatment,onboarding_checklist_v1,2025-03-05
4631,control,onboarding_checklist_v1,2025-01-27
4632,control,onboarding_checklist_v1,2025-02-22
4633,treatment,onboarding_checklist_v1,2025-02-19
4634,treatment,onboarding_checklist_v1,2025-02-01
4635,treatment,onboarding_checklist_v1,2025-01-19
4636,control,onboarding_checklist_v1,2025-05-19
4637,treatment,onboarding_checklist_v1,2025-05-30
4638,treatment,onboarding_checklist_v1,2025-03-31
4639,treatment,onboarding_checklist_v1,2025-04-22
4640,control,onboarding_checklist_v1,2025-06-16
4641,treatment,onboarding_checklist_v1,2025-06-02
4642,treatment,onboarding_checklist_v1,2025-01-06
4643,treatment,onboarding_checklist_v1,2025-06-22
4644,treatment,onboarding_checklist_v1,2025-01-13
4645,treatment,onboarding_checklist_v1,2025-01-05
4646,control,onboarding_checklist_v1,2025-03-14
4647,control,onboarding_checklist_v1,2025-05-15
4648,treatment,onboarding_checklist_v1,2025-01-15
4649,control,onboarding_checklist_v1,2025-02-23
4650,control,onboarding_checklist_v1,2025-02-17
4651,treatment,onboarding_checklist_v1,2025-03-13
4652,control,onboarding_checklist_v1,2025-06-28
4653,treatment,onboarding_checklist_v1,2025-03-01
4654,control,onboarding_checklist_v1,2025-02-07
4655,control,onboarding_checklist_v1,2025-01-23
4656,control,onboarding_checklist_v1,2025-02-05
4657,treatment,onboarding_checklist_v1,2025-01-25
4658,treatment,onboarding_checklist_v1,2025-04-14
4659,control,onboarding_checklist_v1,2025-03-18
4660,control,onboarding_checklist_v1,2025-04-01
4661,control,onboarding_checklist_v1,2025-05-31
4662,treatment,onboarding_checklist_v1,2025-04-16
4663,treatment,onboarding_checklist_v1,2025-01-29
4664,treatment,onboarding_checklist_v1,2025-03-10
4665,control,onboarding_checklist_v1,2025-02-26
4666,treatment,onboarding_checklist_v1,2025-05-30
4667,control,onboarding_checklist_v1,2025-02-25
4668,control,onboarding_checklist_v1,2025-01-26
4669,control,onboarding_checklist_v1,2025-05-14
4670,control,onboarding_checklist_v1,2025-03-19
4671,control,onboarding_checklist_v1,2025-01-18
4672,treatment,onboarding_checklist_v1,2025-05-05
4673,control,onboarding_checklist_v1,2025-02-08
4674,treatment,onboarding_checklist_v1,2025-06-07
4675,treatment,onboarding_checklist_v1,2025-05-31
4676,treatment,onboarding_checklist_v1,2025-03-08
4677,control,onboarding_checklist_v1,2025-04-11
4678,treatment,onboarding_checklist_v1,2025-04-13
4679,control,onboarding_checklist_v1,2025-04-29
4680,control,onboarding_checklist_v1,2025-01-13
4681,control,onboarding_checklist_v1,2025-02-28
4682,treatment,onboarding_checklist_v1,2025-01-31
4683,treatment,onboarding_checklist_v1,2025-05-07
4684,treatment,onboarding_checklist_v1,2025-01-13
4685,treatment,onboarding_checklist_v1,2025-04-04
4686,treatment,onboarding_checklist_v1,2025-05-12
4687,treatment,onboarding_checklist_v1,2025-06-21
4688,treatment,onboarding_checklist_v1,2025-02-22
4689,control,onboarding_checklist_v1,2025-01-02
4690,treatment,onboarding_checklist_v1,2025-05-11
4691,treatment,onboarding_checklist_v1,2025-01-01
4692,treatment,onboarding_checklist_v1,2025-01-13
4693,control,onboarding_checklist_v1,2025-06-29
4694,control,onboarding_checklist_v1,2025-06-06
4695,treatment,onboarding_checklist_v1,2025-05-09
4696,control,onboarding_checklist_v1,2025-06-01
4697,control,onboarding_checklist_v1,2025-01-14
4698,treatment,onboarding_checklist_v1,2025-01-17
4699,treatment,onboarding_checklist_v1,2025-02-24
4700,treatment,onboarding_checklist_v1,2025-01-05
4701,treatment,onboarding_checklist_v1,2025-06-10
4702,control,onboarding_checklist_v1,2025-01-11
4703,control,onboarding_checklist_v1,2025-04-09
4704,treatment,onboarding_checklist_v1,2025-06-04
4705,control,onboarding_checklist_v1,2025-05-14
4706,treatment,onboarding_checklist_v1,2025-02-12
4707,treatment,onboarding_checklist_v1,2025-03-27
4708,treatment,onboarding_checklist_v1,2025-04-10
4709,treatment,onboarding_checklist_v1,2025-05-19
4710,treatment,onboarding_checklist_v1,2025-03-19
4711,treatment,onboarding_checklist_v1,2025-02-21
4712,control,onboarding_checklist_v1,2025-05-24
4713,control,onboarding_checklist_v1,2025-06-10
4714,control,onboarding_checklist_v1,2025-03-30
4715,treatment,onboarding_checklist_v1,2025-01-06
4716,control,onboarding_checklist_v1,2025-04-01
4717,treatment,onboarding_checklist_v1,2025-06-10
4718,treatment,onboarding_checklist_v1,2025-06-29
4719,control,onboarding_checklist_v1,2025-03-14
4720,treatment,onboarding_checklist_v1,2025-01-28
4721,control,onboarding_checklist_v1,2025-04-14
4722,control,onboarding_checklist_v1,2025-05-31
4723,control,onboarding_checklist_v1,2025-06-21
4724,control,onboarding_checklist_v1,2025-01-10
4725,treatment,onboarding_checklist_v1,2025-02-22
4726,treatment,onboarding_checklist_v1,2025-03-28
4727,treatment,onboarding_checklist_v1,2025-01-18
4728,treatment,onboarding_checklist_v1,2025-06-10
4729,treatment,onboarding_checklist_v1,2025-01-21
4730,treatment,onboarding_checklist_v1,2025-05-01
4731,treatment,onboarding_checklist_v1,2025-06-16
4732,control,onboarding_checklist_v1,2025-05-05
4733,treatment,onboarding_checklist_v1,2025-05-19
4734,treatment,onboarding_checklist_v1,2025-02-17
4735,control,onboarding_checklist_v1,2025-05-30
4736,control,onboarding_checklist_v1,2025-03-17
4737,control,onboarding_checklist_v1,2025-01-12
4738,control,onboarding_checklist_v1,2025-03-08
4739,treatment,onboarding_checklist_v1,2025-03-05
4740,control,onboarding_checklist_v1,2025-04-05
4741,treatment,onboarding_checklist_v1,2025-02-17
4742,treatment,onboarding_checklist_v1,2025-03-25
4743,control,onboarding_checklist_v1,2025-03-19
4744,treatment,onboarding_checklist_v1,2025-03-01
4745,treatment,onboarding_checklist_v1,2025-05-07
4746,treatment,onboarding_checklist_v1,2025-02-25
4747,control,onboarding_checklist_v1,2025-05-19
4748,treatment,onboarding_checklist_v1,2025-02-15
4749,control,onboarding_checklist_v1,2025-06-06
4750,control,onboarding_checklist_v1,2025-03-08
4751,control,onboarding_checklist_v1,2025-01-08
4752,control,onboarding_checklist_v1,2025-01-28
4753,treatment,onboarding_checklist_v1,2025-05-26
4754,control,onboarding_checklist_v1,2025-06-07
4755,treatment,onboarding_checklist_v1,2025-02-08
4756,control,onboarding_checklist_v1,2025-04-19
4757,treatment,onboarding_checklist_v1,2025-04-14
4758,control,onboarding_checklist_v1,2025-01-25
4759,treatment,onboarding_checklist_v1,2025-03-23
4760,treatment,onboarding_checklist_v1,2025-05-06
4761,control,onboarding_checklist_v1,2025-06-25
4762,treatment,onboarding_checklist_v1,2025-06-03
4763,control,onboarding_checklist_v1,2025-01-18
4764,treatment,onboarding_checklist_v1,2025-02-12
4765,treatment,onboarding_checklist_v1,2025-03-21
4766,control,onboarding_checklist_v1,2025-01-28
4767,control,onboarding_checklist_v1,2025-04-14
4768,control,onboarding_checklist_v1,2025-01-02
4769,treatment,onboarding_checklist_v1,2025-01-21
4770,treatment,onboarding_checklist_v1,2025-01-09
4771,control,onboarding_checklist_v1,2025-02-23
4772,control,onboarding_checklist_v1,2025-05-18
4773,control,onboarding_checklist_v1,2025-02-02
4774,treatment,onboarding_checklist_v1,2025-06-28
4775,control,onboarding_checklist_v1,2025-02-18
4776,control,onboarding_checklist_v1,2025-01-09
4777,treatment,onboarding_checklist_v1,2025-03-02
4778,control,onboarding_checklist_v1,2025-05-16
4779,treatment,onboarding_checklist_v1,2025-01-20
4780,control,onboarding_checklist_v1,2025-01-14
4781,control,onboarding_checklist_v1,2025-06-03
4782,treatment,onboarding_checklist_v1,2025-04-18
4783,control,onboarding_checklist_v1,2025-03-04
4784,control,onboarding_checklist_v1,2025-05-17
4785,treatment,onboarding_checklist_v1,2025-06-02
4786,treatment,onboarding_checklist_v1,2025-03-07
4787,treatment,onboarding_checklist_v1,2025-04-12
4788,control,onboarding_checklist_v1,2025-01-02
4789,control,onboarding_checklist_v1,2025-02-25
4790,control,onboarding_checklist_v1,2025-04-18
4791,treatment,onboarding_checklist_v1,2025-02-05
4792,treatment,onboarding_checklist_v1,2025-06-29
4793,treatment,onboarding_checklist_v1,2025-06-25
4794,treatment,onboarding_checklist_v1,2025-02-16
4795,control,onboarding_checklist_v1,2025-03-13
4796,treatment,onboarding_checklist_v1,2025-02-04
4797,control,onboarding_checklist_v1,2025-04-02
4798,control,onboarding_checklist_v1,2025-01-23
4799,treatment,onboarding_checklist_v1,2025-03-12
4800,treatment,onboarding_checklist_v1,2025-04-11
4801,control,onboarding_checklist_v1,2025-04-21
4802,control,onboarding_checklist_v1,2025-04-18
4803,treatment,onboarding_checklist_v1,2025-02-10
4804,control,onboarding_checklist_v1,2025-05-24
4805,treatment,onboarding_checklist_v1,2025-05-06
4806,treatment,onboarding_checklist_v1,2025-05-17
4807,control,onboarding_checklist_v1,2025-03-26
4808,control,onboarding_checklist_v1,2025-06-11
4809,control,onboarding_checklist_v1,2025-03-12
4810,treatment,onboarding_checklist_v1,2025-05-26
4811,control,onboarding_checklist_v1,2025-02-06
4812,treatment,onboarding_checklist_v1,2025-02-14
4813,control,onboarding_checklist_v1,2025-04-06
4814,treatment,onboarding_checklist_v1,2025-04-11
4815,control,onboarding_checklist_v1,2025-05-16
4816,control,onboarding_checklist_v1,2025-02-23
4817,treatment,onboarding_checklist_v1,2025-06-07
4818,treatment,onboarding_checklist_v1,2025-03-01
4819,control,onboarding_checklist_v1,2025-04-07
4820,control,onboarding_checklist_v1,2025-06-18
4821,treatment,onboarding_checklist_v1,2025-04-08
4822,control,onboarding_checklist_v1,2025-05-04
4823,control,onboarding_checklist_v1,2025-06-14
4824,control,onboarding_checklist_v1,2025-06-26
4825,control,onboarding_checklist_v1,2025-04-01
4826,treatment,onboarding_checklist_v1,2025-03-17
4827,treatment,onboarding_checklist_v1,2025-02-05
4828,treatment,onboarding_checklist_v1,2025-04-08
4829,treatment,onboarding_checklist_v1,2025-06-16
4830,control,onboarding_checklist_v1,2025-03-30
4831,treatment,onboarding_checklist_v1,2025-03-05
4832,control,onboarding_checklist_v1,2025-01-20
4833,control,onboarding_checklist_v1,2025-03-12
4834,treatment,onboarding_checklist_v1,2025-02-12
4835,control,onboarding_checklist_v1,2025-06-26
4836,control,onboarding_checklist_v1,2025-04-06
4837,control,onboarding_checklist_v1,2025-01-25
4838,treatment,onboarding_checklist_v1,2025-01-13
4839,control,onboarding_checklist_v1,2025-06-03
4840,treatment,onboarding_checklist_v1,2025-06-18
4841,treatment,onboarding_checklist_v1,2025-05-19
4842,treatment,onboarding_checklist_v1,2025-01-23
4843,control,onboarding_checklist_v1,2025-01-18
4844,treatment,onboarding_checklist_v1,2025-02-05
4845,control,onboarding_checklist_v1,2025-05-16
4846,treatment,onboarding_checklist_v1,2025-05-19
4847,treatment,onboarding_checklist_v1,2025-06-01
4848,control,onboarding_checklist_v1,2025-01-18
4849,treatment,onboarding_checklist_v1,2025-01-28
4850,treatment,onboarding_checklist_v1,2025-06-12
4851,control,onboarding_checklist_v1,2025-06-18
4852,control,onboarding_checklist_v1,2025-05-12
4853,treatment,onboarding_checklist_v1,2025-01-20
4854,treatment,onboarding_checklist_v1,2025-01-13
4855,treatment,onboarding_checklist_v1,2025-01-11
4856,control,onboarding_checklist_v1,2025-05-06
4857,treatment,onboarding_checklist_v1,2025-06-03
4858,treatment,onboarding_checklist_v1,2025-04-25
4859,treatment,onboarding_checklist_v1,2025-02-17
4860,control,onboarding_checklist_v1,2025-05-18
4861,control,onboarding_checklist_v1,2025-01-11
4862,treatment,onboarding_checklist_v1,2025-05-30
4863,control,onboarding_checklist_v1,2025-06-11
4864,control,onboarding_checklist_v1,2025-05-11
4865,treatment,onboarding_checklist_v1,2025-06-09
4866,control,onboarding_checklist_v1,2025-04-17
4867,control,onboarding_checklist_v1,2025-03-26
4868,control,onboarding_checklist_v1,2025-02-28
4869,treatment,onboarding_checklist_v1,2025-06-16
4870,treatment,onboarding_checklist_v1,2025-05-07
4871,control,onboarding_checklist_v1,2025-02-04
4872,control,onboarding_checklist_v1,2025-06-23
4873,treatment,onboarding_checklist_v1,2025-01-11
4874,control,onboarding_checklist_v1,2025-04-17
4875,treatment,onboarding_checklist_v1,2025-02-04
4876,treatment,onboarding_checklist_v1,2025-05-01
4877,control,onboarding_checklist_v1,2025-03-16
4878,control,onboarding_checklist_v1,2025-03-21
4879,control,onboarding_checklist_v1,2025-05-02
4880,treatment,onboarding_checklist_v1,2025-05-17
4881,control,onboarding_checklist_v1,2025-03-10
4882,treatment,onboarding_checklist_v1,2025-06-30
4883,treatment,onboarding_checklist_v1,2025-04-01
4884,treatment,onboarding_checklist_v1,2025-01-30
4885,treatment,onboarding_checklist_v1,2025-01-02
4886,control,onboarding_checklist_v1,2025-02-06
4887,treatment,onboarding_checklist_v1,2025-05-06
4888,treatment,onboarding_checklist_v1,2025-04-08
4889,control,onboarding_checklist_v1,2025-03-03
4890,control,onboarding_checklist_v1,2025-03-29
4891,control,onboarding_checklist_v1,2025-06-01
4892,control,onboarding_checklist_v1,2025-04-14
4893,treatment,onboarding_checklist_v1,2025-01-11
4894,control,onboarding_checklist_v1,2025-01-09
4895,treatment,onboarding_checklist_v1,2025-03-29
4896,treatment,onboarding_checklist_v1,2025-03-15
4897,control,onboarding_checklist_v1,2025-06-03
4898,treatment,onboarding_checklist_v1,2025-04-16
4899,control,onboarding_checklist_v1,2025-05-17
4900,control,onboarding_checklist_v1,2025-04-16
4901,control,onboarding_checklist_v1,2025-03-04
4902,control,onboarding_checklist_v1,2025-04-29
4903,control,onboarding_checklist_v1,2025-04-23
4904,control,onboarding_checklist_v1,2025-05-11
4905,control,onboarding_checklist_v1,2025-02-04
4906,control,onboarding_checklist_v1,2025-04-27
4907,treatment,onboarding_checklist_v1,2025-02-21
4908,control,onboarding_checklist_v1,2025-05-24
4909,treatment,onboarding_checklist_v1,2025-05-25
4910,treatment,onboarding_checklist_v1,2025-04-24
4911,treatment,onboarding_checklist_v1,2025-06-21
4912,treatment,onboarding_checklist_v1,2025-04-08
4913,treatment,onboarding_checklist_v1,2025-01-05
4914,treatment,onboarding_checklist_v1,2025-04-20
4915,treatment,onboarding_checklist_v1,2025-05-21
4916,treatment,onboarding_checklist_v1,2025-01-19
4917,control,onboarding_checklist_v1,2025-01-19
4918,treatment,onboarding_checklist_v1,2025-02-19
4919,treatment,onboarding_checklist_v1,2025-06-02
4920,control,onboarding_checklist_v1,2025-04-06
4921,treatment,onboarding_checklist_v1,2025-06-26
4922,treatment,onboarding_checklist_v1,2025-06-08
4923,treatment,onboarding_checklist_v1,2025-04-11
4924,control,onboarding_checklist_v1,2025-05-03
4925,control,onboarding_checklist_v1,2025-03-01
4926,control,onboarding_checklist_v1,2025-01-17
4927,treatment,onboarding_checklist_v1,2025-03-14
4928,treatment,onboarding_checklist_v1,2025-04-18
4929,treatment,onboarding_checklist_v1,2025-02-02
4930,control,onboarding_checklist_v1,2025-02-10
4931,control,onboarding_checklist_v1,2025-01-03
4932,treatment,onboarding_checklist_v1,2025-05-13
4933,treatment,onboarding_checklist_v1,2025-06-12
4934,treatment,onboarding_checklist_v1,2025-05-30
4935,control,onboarding_checklist_v1,2025-03-10
4936,control,onboarding_checklist_v1,2025-04-18
4937,treatment,onboarding_checklist_v1,2025-06-23
4938,treatment,onboarding_checklist_v1,2025-04-18
4939,control,onboarding_checklist_v1,2025-02-23
4940,treatment,onboarding_checklist_v1,2025-03-03
4941,treatment,onboarding_checklist_v1,2025-05-12
4942,treatment,onboarding_checklist_v1,2025-03-22
4943,control,onboarding_checklist_v1,2025-06-01
4944,control,onboarding_checklist_v1,2025-06-06
4945,treatment,onboarding_checklist_v1,2025-01-07
4946,treatment,onboarding_checklist_v1,2025-05-11
4947,treatment,onboarding_checklist_v1,2025-03-08
4948,treatment,onboarding_checklist_v1,2025-04-05
4949,control,onboarding_checklist_v1,2025-02-17
4950,control,onboarding_checklist_v1,2025-03-08
4951,control,onboarding_checklist_v1,2025-03-01
4952,treatment,onboarding_checklist_v1,2025-01-10
4953,control,onboarding_checklist_v1,2025-05-22
4954,treatment,onboarding_checklist_v1,2025-01-26
4955,treatment,onboarding_checklist_v1,2025-03-10
4956,treatment,onboarding_checklist_v1,2025-02-04
4957,treatment,onboarding_checklist_v1,2025-01-30
4958,treatment,onboarding_checklist_v1,2025-03-09
4959,control,onboarding_checklist_v1,2025-06-16
4960,treatment,onboarding_checklist_v1,2025-06-20
4961,control,onboarding_checklist_v1,2025-03-11
4962,control,onboarding_checklist_v1,2025-04-02
4963,treatment,onboarding_checklist_v1,2025-06-28
4964,treatment,onboarding_checklist_v1,2025-02-12
4965,treatment,onboarding_checklist_v1,2025-06-20
4966,control,onboarding_checklist_v1,2025-01-20
4967,treatment,onboarding_checklist_v1,2025-02-10
4968,treatment,onboarding_checklist_v1,2025-03-03
4969,treatment,onboarding_checklist_v1,2025-01-07
4970,control,onboarding_checklist_v1,2025-05-28
4971,treatment,onboarding_checklist_v1,2025-06-04
4972,treatment,onboarding_checklist_v1,2025-03-11
4973,treatment,onboarding_checklist_v1,2025-06-01
4974,control,onboarding_checklist_v1,2025-05-20
4975,treatment,onboarding_checklist_v1,2025-05-26
4976,control,onboarding_checklist_v1,2025-05-26
4977,control,onboarding_checklist_v1,2025-04-14
4978,control,onboarding_checklist_v1,2025-01-21
4979,treatment,onboarding_checklist_v1,2025-06-17
4980,treatment,onboarding_checklist_v1,2025-04-21
4981,control,onboarding_checklist_v1,2025-06-13
4982,control,onboarding_checklist_v1,2025-06-23
4983,control,onboarding_checklist_v1,2025-02-03
4984,control,onboarding_checklist_v1,2025-03-14
4985,treatment,onboarding_checklist_v1,2025-02-04
4986,control,onboarding_checklist_v1,2025-01-10
4987,control,onboarding_checklist_v1,2025-06-24
4988,treatment,onboarding_checklist_v1,2025-06-17
4989,control,onboarding_checklist_v1,2025-06-18
4990,treatment,onboarding_checklist_v1,2025-06-09
4991,treatment,onboarding_checklist_v1,2025-04-28
4992,treatment,onboarding_checklist_v1,2025-04-05
4993,treatment,onboarding_checklist_v1,2025-06-29
4994,control,onboarding_checklist_v1,2025-04-10
4995,treatment,onboarding_checklist_v1,2025-04-27
4996,treatment,onboarding_checklist_v1,2025-02-08
4997,control,onboarding_checklist_v1,2025-05-16
4998,treatment,onboarding_checklist_v1,2025-05-29
4999,treatment,onboarding_checklist_v1,2025-05-03
5000,treatment,onboarding_checklist_v1,2025-04-01
5001,treatment,onboarding_checklist_v1,2025-02-05
5002,control,onboarding_checklist_v1,2025-01-07
5003,treatment,onboarding_checklist_v1,2025-04-24
5004,treatment,onboarding_checklist_v1,2025-05-04
5005,treatment,onboarding_checklist_v1,2025-05-20
5006,control,onboarding_checklist_v1,2025-06-22
5007,treatment,onboarding_checklist_v1,2025-04-01
5008,treatment,onboarding_checklist_v1,2025-05-31
5009,control,onboarding_checklist_v1,2025-05-10
5010,treatment,onboarding_checklist_v1,2025-02-20
5011,treatment,onboarding_checklist_v1,2025-06-02
5012,treatment,onboarding_checklist_v1,2025-01-10
5013,treatment,onboarding_checklist_v1,2025-04-19
5014,control,onboarding_checklist_v1,2025-06-20
5015,treatment,onboarding_checklist_v1,2025-04-30
5016,treatment,onboarding_checklist_v1,2025-06-19
5017,treatment,onboarding_checklist_v1,2025-01-11
5018,control,onboarding_checklist_v1,2025-04-07
5019,control,onboarding_checklist_v1,2025-05-22
5020,treatment,onboarding_checklist_v1,2025-04-27
5021,control,onboarding_checklist_v1,2025-06-09
5022,treatment,onboarding_checklist_v1,2025-03-25
5023,treatment,onboarding_checklist_v1,2025-05-04
5024,treatment,onboarding_checklist_v1,2025-03-17
5025,control,onboarding_checklist_v1,2025-06-07
5026,treatment,onboarding_checklist_v1,2025-01-22
5027,control,onboarding_checklist_v1,2025-02-15
5028,treatment,onboarding_checklist_v1,2025-01-18
5029,control,onboarding_checklist_v1,2025-05-08
5030,treatment,onboarding_checklist_v1,2025-02-12
5031,control,onboarding_checklist_v1,2025-02-27
5032,control,onboarding_checklist_v1,2025-06-01
5033,treatment,onboarding_checklist_v1,2025-03-07
5034,treatment,onboarding_checklist_v1,2025-01-27
5035,treatment,onboarding_checklist_v1,2025-01-04
5036,treatment,onboarding_checklist_v1,2025-02-11
5037,treatment,onboarding_checklist_v1,2025-06-15
5038,control,onboarding_checklist_v1,2025-04-10
5039,treatment,onboarding_checklist_v1,2025-06-30
5040,treatment,onboarding_checklist_v1,2025-02-08
5041,treatment,onboarding_checklist_v1,2025-03-05
5042,control,onboarding_checklist_v1,2025-01-30
5043,treatment,onboarding_checklist_v1,2025-03-14
5044,control,onboarding_checklist_v1,2025-04-12
5045,treatment,onboarding_checklist_v1,2025-05-27
5046,treatment,onboarding_checklist_v1,2025-03-08
5047,treatment,onboarding_checklist_v1,2025-05-20
5048,control,onboarding_checklist_v1,2025-04-24
5049,control,onboarding_checklist_v1,2025-02-22
5050,control,onboarding_checklist_v1,2025-06-15
5051,control,onboarding_checklist_v1,2025-03-20
5052,control,onboarding_checklist_v1,2025-01-28
5053,treatment,onboarding_checklist_v1,2025-06-24
5054,control,onboarding_checklist_v1,2025-06-15
5055,control,onboarding_checklist_v1,2025-01-09
5056,treatment,onboarding_checklist_v1,2025-06-13
5057,control,onboarding_checklist_v1,2025-06-21
5058,control,onboarding_checklist_v1,2025-05-31
5059,treatment,onboarding_checklist_v1,2025-02-16
5060,control,onboarding_checklist_v1,2025-04-25
5061,control,onboarding_checklist_v1,2025-04-08
5062,treatment,onboarding_checklist_v1,2025-04-23
5063,control,onboarding_checklist_v1,2025-04-22
5064,control,onboarding_checklist_v1,2025-04-26
5065,control,onboarding_checklist_v1,2025-04-04
5066,control,onboarding_checklist_v1,2025-05-05
5067,treatment,onboarding_checklist_v1,2025-04-06
5068,control,onboarding_checklist_v1,2025-01-03
5069,control,onboarding_checklist_v1,2025-01-07
5070,control,onboarding_checklist_v1,2025-06-23
5071,treatment,onboarding_checklist_v1,2025-06-14
5072,control,onboarding_checklist_v1,2025-04-16
5073,treatment,onboarding_checklist_v1,2025-02-01
5074,control,onboarding_checklist_v1,2025-05-22
5075,treatment,onboarding_checklist_v1,2025-01-26
5076,control,onboarding_checklist_v1,2025-03-10
5077,control,onboarding_checklist_v1,2025-03-01
5078,treatment,onboarding_checklist_v1,2025-01-03
5079,control,onboarding_checklist_v1,2025-05-27
5080,treatment,onboarding_checklist_v1,2025-04-03
5081,treatment,onboarding_checklist_v1,2025-02-27
5082,treatment,onboarding_checklist_v1,2025-04-02
5083,control,onboarding_checklist_v1,2025-01-01
5084,treatment,onboarding_checklist_v1,2025-03-21
5085,control,onboarding_checklist_v1,2025-04-05
5086,treatment,onboarding_checklist_v1,2025-03-03
5087,treatment,onboarding_checklist_v1,2025-05-31
5088,treatment,onboarding_checklist_v1,2025-02-15
5089,treatment,onboarding_checklist_v1,2025-01-25
5090,treatment,onboarding_checklist_v1,2025-04-06
5091,treatment,onboarding_checklist_v1,2025-06-10
5092,control,onboarding_checklist_v1,2025-03-09
5093,treatment,onboarding_checklist_v1,2025-01-09
5094,control,onboarding_checklist_v1,2025-06-25
5095,control,onboarding_checklist_v1,2025-03-22
5096,treatment,onboarding_checklist_v1,2025-02-01
5097,control,onboarding_checklist_v1,2025-04-22
5098,treatment,onboarding_checklist_v1,2025-02-27
5099,control,onboarding_checklist_v1,2025-06-19
5100,control,onboarding_checklist_v1,2025-02-23
5101,treatment,onboarding_checklist_v1,2025-04-10
5102,control,onboarding_checklist_v1,2025-04-09
5103,treatment,onboarding_checklist_v1,2025-02-13
5104,treatment,onboarding_checklist_v1,2025-04-01
5105,treatment,onboarding_checklist_v1,2025-01-20
5106,control,onboarding_checklist_v1,2025-04-27
5107,treatment,onboarding_checklist_v1,2025-05-18
5108,control,onboarding_checklist_v1,2025-06-21
5109,control,onboarding_checklist_v1,2025-02-28
5110,control,onboarding_checklist_v1,2025-02-21
5111,control,onboarding_checklist_v1,2025-04-10
5112,treatment,onboarding_checklist_v1,2025-05-06
5113,control,onboarding_checklist_v1,2025-06-29
5114,control,onboarding_checklist_v1,2025-01-05
5115,treatment,onboarding_checklist_v1,2025-02-13
5116,control,onboarding_checklist_v1,2025-02-17
5117,control,onboarding_checklist_v1,2025-02-16
5118,control,onboarding_checklist_v1,2025-03-25
5119,control,onboarding_checklist_v1,2025-06-07
5120,treatment,onboarding_checklist_v1,2025-01-06
5121,treatment,onboarding_checklist_v1,2025-05-28
5122,treatment,onboarding_checklist_v1,2025-04-22
5123,treatment,onboarding_checklist_v1,2025-04-22
5124,control,onboarding_checklist_v1,2025-05-03
5125,treatment,onboarding_checklist_v1,2025-01-21
5126,control,onboarding_checklist_v1,2025-05-16
5127,control,onboarding_checklist_v1,2025-02-14
5128,control,onboarding_checklist_v1,2025-04-04
5129,control,onboarding_checklist_v1,2025-05-03
5130,treatment,onboarding_checklist_v1,2025-04-20
5131,control,onboarding_checklist_v1,2025-02-28
5132,control,onboarding_checklist_v1,2025-03-13
5133,control,onboarding_checklist_v1,2025-03-28
5134,treatment,onboarding_checklist_v1,2025-01-08
5135,treatment,onboarding_checklist_v1,2025-05-12
5136,treatment,onboarding_checklist_v1,2025-01-19
5137,treatment,onboarding_checklist_v1,2025-03-25
5138,treatment,onboarding_checklist_v1,2025-04-29
5139,control,onboarding_checklist_v1,2025-01-15
5140,control,onboarding_checklist_v1,2025-06-30
5141,control,onboarding_checklist_v1,2025-03-10
5142,control,onboarding_checklist_v1,2025-01-03
5143,treatment,onboarding_checklist_v1,2025-04-30
5144,control,onboarding_checklist_v1,2025-04-11
5145,control,onboarding_checklist_v1,2025-04-26
5146,treatment,onboarding_checklist_v1,2025-05-16
5147,control,onboarding_checklist_v1,2025-03-28
5148,control,onboarding_checklist_v1,2025-05-30
5149,control,onboarding_checklist_v1,2025-03-08
5150,treatment,onboarding_checklist_v1,2025-04-09
5151,control,onboarding_checklist_v1,2025-01-29
5152,control,onboarding_checklist_v1,2025-04-23
5153,control,onboarding_checklist_v1,2025-02-17
5154,treatment,onboarding_checklist_v1,2025-05-07
5155,control,onboarding_checklist_v1,2025-05-25
5156,control,onboarding_checklist_v1,2025-06-05
5157,treatment,onboarding_checklist_v1,2025-06-18
5158,treatment,onboarding_checklist_v1,2025-01-23
5159,control,onboarding_checklist_v1,2025-01-25
5160,control,onboarding_checklist_v1,2025-06-17
5161,control,onboarding_checklist_v1,2025-03-10
5162,treatment,onboarding_checklist_v1,2025-01-05
5163,control,onboarding_checklist_v1,2025-02-21
5164,treatment,onboarding_checklist_v1,2025-06-01
5165,treatment,onboarding_checklist_v1,2025-03-06
5166,treatment,onboarding_checklist_v1,2025-01-14
5167,control,onboarding_checklist_v1,2025-05-11
5168,treatment,onboarding_checklist_v1,2025-02-05
5169,treatment,onboarding_checklist_v1,2025-03-05
5170,treatment,onboarding_checklist_v1,2025-01-01
5171,control,onboarding_checklist_v1,2025-04-19
5172,treatment,onboarding_checklist_v1,2025-03-22
5173,treatment,onboarding_checklist_v1,2025-06-06
5174,treatment,onboarding_checklist_v1,2025-03-02
5175,treatment,onboarding_checklist_v1,2025-02-07
5176,treatment,onboarding_checklist_v1,2025-01-31
5177,control,onboarding_checklist_v1,2025-02-06
5178,treatment,onboarding_checklist_v1,2025-03-23
5179,treatment,onboarding_checklist_v1,2025-01-16
5180,treatment,onboarding_checklist_v1,2025-03-14
5181,control,onboarding_checklist_v1,2025-06-04
5182,control,onboarding_checklist_v1,2025-05-19
5183,treatment,onboarding_checklist_v1,2025-04-26
5184,treatment,onboarding_checklist_v1,2025-06-11
5185,control,onboarding_checklist_v1,2025-05-22
5186,control,onboarding_checklist_v1,2025-04-29
5187,treatment,onboarding_checklist_v1,2025-06-06
5188,treatment,onboarding_checklist_v1,2025-01-23
5189,control,onboarding_checklist_v1,2025-05-29
5190,control,onboarding_checklist_v1,2025-02-23
5191,control,onboarding_checklist_v1,2025-05-13
5192,control,onboarding_checklist_v1,2025-06-15
5193,treatment,onboarding_checklist_v1,2025-03-31
5194,treatment,onboarding_checklist_v1,2025-01-17
5195,treatment,onboarding_checklist_v1,2025-03-09
5196,treatment,onboarding_checklist_v1,2025-03-15
5197,control,onboarding_checklist_v1,2025-06-19
5198,control,onboarding_checklist_v1,2025-06-20
5199,control,onboarding_checklist_v1,2025-04-13
5200,control,onboarding_checklist_v1,2025-06-22
5201,treatment,onboarding_checklist_v1,2025-03-20
5202,control,onboarding_checklist_v1,2025-03-16
5203,treatment,onboarding_checklist_v1,2025-06-01
5204,control,onboarding_checklist_v1,2025-05-01
5205,control,onboarding_checklist_v1,2025-04-05
5206,control,onboarding_checklist_v1,2025-03-24
5207,treatment,onboarding_checklist_v1,2025-05-08
5208,treatment,onboarding_checklist_v1,2025-05-17
5209,treatment,onboarding_checklist_v1,2025-03-30
5210,control,onboarding_checklist_v1,2025-01-06
5211,treatment,onboarding_checklist_v1,2025-01-19
5212,treatment,onboarding_checklist_v1,2025-01-27
5213,control,onboarding_checklist_v1,2025-03-25
5214,control,onboarding_checklist_v1,2025-04-22
5215,control,onboarding_checklist_v1,2025-05-26
5216,control,onboarding_checklist_v1,2025-02-12
5217,treatment,onboarding_checklist_v1,2025-05-23
5218,control,onboarding_checklist_v1,2025-05-01
5219,treatment,onboarding_checklist_v1,2025-01-10
5220,treatment,onboarding_checklist_v1,2025-03-05
5221,control,onboarding_checklist_v1,2025-02-24
5222,treatment,onboarding_checklist_v1,2025-06-10
5223,control,onboarding_checklist_v1,2025-06-16
5224,control,onboarding_checklist_v1,2025-05-29
5225,control,onboarding_checklist_v1,2025-04-06
5226,control,onboarding_checklist_v1,2025-03-31
5227,control,onboarding_checklist_v1,2025-02-26
5228,treatment,onboarding_checklist_v1,2025-05-20
5229,treatment,onboarding_checklist_v1,2025-01-16
5230,treatment,onboarding_checklist_v1,2025-02-19
5231,control,onboarding_checklist_v1,2025-01-25
5232,treatment,onboarding_checklist_v1,2025-03-31
5233,control,onboarding_checklist_v1,2025-02-24
5234,treatment,onboarding_checklist_v1,2025-02-05
5235,treatment,onboarding_checklist_v1,2025-03-10
5236,treatment,onboarding_checklist_v1,2025-06-05
5237,control,onboarding_checklist_v1,2025-04-11
5238,treatment,onboarding_checklist_v1,2025-05-29
5239,treatment,onboarding_checklist_v1,2025-06-15
5240,control,onboarding_checklist_v1,2025-06-13
5241,treatment,onboarding_checklist_v1,2025-03-05
5242,control,onboarding_checklist_v1,2025-06-08
5243,treatment,onboarding_checklist_v1,2025-06-14
5244,treatment,onboarding_checklist_v1,2025-06-23
5245,treatment,onboarding_checklist_v1,2025-03-05
5246,control,onboarding_checklist_v1,2025-02-11
5247,control,onboarding_checklist_v1,2025-04-16
5248,control,onboarding_checklist_v1,2025-06-18
5249,control,onboarding_checklist_v1,2025-06-13
5250,treatment,onboarding_checklist_v1,2025-04-14
5251,control,onboarding_checklist_v1,2025-01-28
5252,treatment,onboarding_checklist_v1,2025-03-18
5253,control,onboarding_checklist_v1,2025-05-10
5254,control,onboarding_checklist_v1,2025-04-12
5255,control,onboarding_checklist_v1,2025-03-04
5256,control,onboarding_checklist_v1,2025-03-04
5257,control,onboarding_checklist_v1,2025-01-11
5258,control,onboarding_checklist_v1,2025-02-22
5259,control,onboarding_checklist_v1,2025-05-02
5260,control,onboarding_checklist_v1,2025-02-13
5261,treatment,onboarding_checklist_v1,2025-06-29
5262,treatment,onboarding_checklist_v1,2025-01-15
5263,treatment,onboarding_checklist_v1,2025-04-17
5264,control,onboarding_checklist_v1,2025-03-31
5265,control,onboarding_checklist_v1,2025-05-31
5266,control,onboarding_checklist_v1,2025-06-10
5267,treatment,onboarding_checklist_v1,2025-04-09
5268,treatment,onboarding_checklist_v1,2025-04-25
5269,control,onboarding_checklist_v1,2025-05-07
5270,control,onboarding_checklist_v1,2025-04-05
5271,control,onboarding_checklist_v1,2025-02-03
5272,control,onboarding_checklist_v1,2025-03-19
5273,treatment,onboarding_checklist_v1,2025-02-13
5274,control,onboarding_checklist_v1,2025-03-26
5275,control,onboarding_checklist_v1,2025-04-22
5276,control,onboarding_checklist_v1,2025-02-07
5277,control,onboarding_checklist_v1,2025-02-15
5278,control,onboarding_checklist_v1,2025-05-29
5279,control,onboarding_checklist_v1,2025-03-10
5280,control,onboarding_checklist_v1,2025-02-05
5281,control,onboarding_checklist_v1,2025-05-10
5282,treatment,onboarding_checklist_v1,2025-05-10
5283,treatment,onboarding_checklist_v1,2025-05-30
5284,control,onboarding_checklist_v1,2025-05-18
5285,treatment,onboarding_checklist_v1,2025-06-29
5286,control,onboarding_checklist_v1,2025-04-15
5287,treatment,onboarding_checklist_v1,2025-02-21
5288,treatment,onboarding_checklist_v1,2025-06-06
5289,control,onboarding_checklist_v1,2025-02-17
5290,control,onboarding_checklist_v1,2025-02-22
5291,treatment,onboarding_checklist_v1,2025-05-30
5292,control,onboarding_checklist_v1,2025-06-09
5293,control,onboarding_checklist_v1,2025-03-03
5294,treatment,onboarding_checklist_v1,2025-05-13
5295,control,onboarding_checklist_v1,2025-06-16
5296,treatment,onboarding_checklist_v1,2025-05-25
5297,treatment,onboarding_checklist_v1,2025-01-01
5298,treatment,onboarding_checklist_v1,2025-05-01
5299,treatment,onboarding_checklist_v1,2025-01-31
5300,treatment,onboarding_checklist_v1,2025-06-03
5301,treatment,onboarding_checklist_v1,2025-01-13
5302,treatment,onboarding_checklist_v1,2025-06-29
5303,treatment,onboarding_checklist_v1,2025-02-02
5304,treatment,onboarding_checklist_v1,2025-03-18
5305,treatment,onboarding_checklist_v1,2025-02-12
5306,treatment,onboarding_checklist_v1,2025-05-28
5307,control,onboarding_checklist_v1,2025-03-13
5308,treatment,onboarding_checklist_v1,2025-05-15
5309,control,onboarding_checklist_v1,2025-01-13
5310,control,onboarding_checklist_v1,2025-03-23
5311,control,onboarding_checklist_v1,2025-06-14
5312,treatment,onboarding_checklist_v1,2025-06-17
5313,treatment,onboarding_checklist_v1,2025-02-07
5314,control,onboarding_checklist_v1,2025-03-13
5315,control,onboarding_checklist_v1,2025-03-16
5316,control,onboarding_checklist_v1,2025-04-13
5317,control,onboarding_checklist_v1,2025-04-08
5318,control,onboarding_checklist_v1,2025-01-20
5319,treatment,onboarding_checklist_v1,2025-05-19
5320,control,onboarding_checklist_v1,2025-02-10
5321,control,onboarding_checklist_v1,2025-02-27
5322,control,onboarding_checklist_v1,2025-06-02
5323,treatment,onboarding_checklist_v1,2025-05-05
5324,treatment,onboarding_checklist_v1,2025-03-13
5325,control,onboarding_checklist_v1,2025-06-15
5326,control,onboarding_checklist_v1,2025-03-13
5327,treatment,onboarding_checklist_v1,2025-04-13
5328,control,onboarding_checklist_v1,2025-02-14
5329,treatment,onboarding_checklist_v1,2025-02-03
5330,treatment,onboarding_checklist_v1,2025-03-30
5331,treatment,onboarding_checklist_v1,2025-04-12
5332,treatment,onboarding_checklist_v1,2025-05-26
5333,control,onboarding_checklist_v1,2025-03-12
5334,control,onboarding_checklist_v1,2025-06-12
5335,control,onboarding_checklist_v1,2025-04-20
5336,control,onboarding_checklist_v1,2025-01-13
5337,control,onboarding_checklist_v1,2025-05-14
5338,control,onboarding_checklist_v1,2025-04-15
5339,treatment,onboarding_checklist_v1,2025-03-12
5340,control,onboarding_checklist_v1,2025-03-26
5341,treatment,onboarding_checklist_v1,2025-02-24
5342,control,onboarding_checklist_v1,2025-04-22
5343,control,onboarding_checklist_v1,2025-04-13
5344,control,onboarding_checklist_v1,2025-03-22
5345,treatment,onboarding_checklist_v1,2025-02-21
5346,treatment,onboarding_checklist_v1,2025-03-14
5347,treatment,onboarding_checklist_v1,2025-04-01
5348,control,onboarding_checklist_v1,2025-03-27
5349,control,onboarding_checklist_v1,2025-02-25
5350,treatment,onboarding_checklist_v1,2025-04-16
5351,control,onboarding_checklist_v1,2025-02-11
5352,control,onboarding_checklist_v1,2025-04-01
5353,control,onboarding_checklist_v1,2025-01-23
5354,control,onboarding_checklist_v1,2025-03-27
5355,control,onboarding_checklist_v1,2025-05-22
5356,control,onboarding_checklist_v1,2025-05-29
5357,treatment,onboarding_checklist_v1,2025-05-06
5358,treatment,onboarding_checklist_v1,2025-05-15
5359,control,onboarding_checklist_v1,2025-01-12
5360,control,onboarding_checklist_v1,2025-03-03
5361,treatment,onboarding_checklist_v1,2025-04-29
5362,control,onboarding_checklist_v1,2025-05-25
5363,treatment,onboarding_checklist_v1,2025-04-16
5364,control,onboarding_checklist_v1,2025-06-04
5365,treatment,onboarding_checklist_v1,2025-02-19
5366,treatment,onboarding_checklist_v1,2025-01-28
5367,control,onboarding_checklist_v1,2025-01-16
5368,treatment,onboarding_checklist_v1,2025-04-16
5369,treatment,onboarding_checklist_v1,2025-05-01
5370,treatment,onboarding_checklist_v1,2025-02-21
5371,control,onboarding_checklist_v1,2025-05-22
5372,control,onboarding_checklist_v1,2025-05-14
5373,control,onboarding_checklist_v1,2025-03-07
5374,treatment,onboarding_checklist_v1,2025-02-13
5375,control,onboarding_checklist_v1,2025-05-15
5376,control,onboarding_checklist_v1,2025-05-02
5377,treatment,onboarding_checklist_v1,2025-01-31
5378,control,onboarding_checklist_v1,2025-02-16
5379,treatment,onboarding_checklist_v1,2025-03-29
5380,control,onboarding_checklist_v1,2025-04-03
5381,treatment,onboarding_checklist_v1,2025-01-31
5382,control,onboarding_checklist_v1,2025-06-21
5383,control,onboarding_checklist_v1,2025-03-12
5384,treatment,onboarding_checklist_v1,2025-03-11
5385,control,onboarding_checklist_v1,2025-01-11
5386,control,onboarding_checklist_v1,2025-06-08
5387,control,onboarding_checklist_v1,2025-02-12
5388,treatment,onboarding_checklist_v1,2025-06-28
5389,control,onboarding_checklist_v1,2025-03-31
5390,control,onboarding_checklist_v1,2025-06-08
5391,control,onboarding_checklist_v1,2025-02-02
5392,control,onboarding_checklist_v1,2025-01-31
5393,treatment,onboarding_checklist_v1,2025-05-26
5394,control,onboarding_checklist_v1,2025-05-29
5395,treatment,onboarding_checklist_v1,2025-04-09
5396,treatment,onboarding_checklist_v1,2025-01-06
5397,treatment,onboarding_checklist_v1,2025-06-20
5398,treatment,onboarding_checklist_v1,2025-03-13
5399,control,onboarding_checklist_v1,2025-06-19
5400,treatment,onboarding_checklist_v1,2025-06-07
5401,treatment,onboarding_checklist_v1,2025-06-04
5402,treatment,onboarding_checklist_v1,2025-05-05
5403,control,onboarding_checklist_v1,2025-05-02
5404,control,onboarding_checklist_v1,2025-04-07
5405,treatment,onboarding_checklist_v1,2025-01-05
5406,control,onboarding_checklist_v1,2025-03-12
5407,treatment,onboarding_checklist_v1,2025-05-13
5408,control,onboarding_checklist_v1,2025-05-28
5409,treatment,onboarding_checklist_v1,2025-04-12
5410,control,onboarding_checklist_v1,2025-05-09
5411,control,onboarding_checklist_v1,2025-01-04
5412,control,onboarding_checklist_v1,2025-03-26
5413,treatment,onboarding_checklist_v1,2025-04-02
5414,treatment,onboarding_checklist_v1,2025-06-11
5415,treatment,onboarding_checklist_v1,2025-02-26
5416,treatment,onboarding_checklist_v1,2025-02-11
5417,treatment,onboarding_checklist_v1,2025-03-05
5418,treatment,onboarding_checklist_v1,2025-01-31
5419,treatment,onboarding_checklist_v1,2025-04-12
5420,treatment,onboarding_checklist_v1,2025-04-27
5421,treatment,onboarding_checklist_v1,2025-05-26
5422,control,onboarding_checklist_v1,2025-06-25
5423,treatment,onboarding_checklist_v1,2025-01-14
5424,control,onboarding_checklist_v1,2025-02-14
5425,control,onboarding_checklist_v1,2025-02-24
5426,treatment,onboarding_checklist_v1,2025-02-15
5427,treatment,onboarding_checklist_v1,2025-05-30
5428,control,onboarding_checklist_v1,2025-01-26
5429,control,onboarding_checklist_v1,2025-01-06
5430,treatment,onboarding_checklist_v1,2025-06-05
5431,control,onboarding_checklist_v1,2025-06-24
5432,control,onboarding_checklist_v1,2025-02-10
5433,treatment,onboarding_checklist_v1,2025-03-02
5434,treatment,onboarding_checklist_v1,2025-04-02
5435,treatment,onboarding_checklist_v1,2025-04-06
5436,treatment,onboarding_checklist_v1,2025-06-29
5437,control,onboarding_checklist_v1,2025-03-15
5438,control,onboarding_checklist_v1,2025-01-03
5439,treatment,onboarding_checklist_v1,2025-03-18
5440,treatment,onboarding_checklist_v1,2025-04-11
5441,control,onboarding_checklist_v1,2025-04-04
5442,control,onboarding_checklist_v1,2025-04-03
5443,control,onboarding_checklist_v1,2025-06-16
5444,control,onboarding_checklist_v1,2025-05-27
5445,control,onboarding_checklist_v1,2025-02-15
5446,control,onboarding_checklist_v1,2025-03-06
5447,treatment,onboarding_checklist_v1,2025-05-01
5448,control,onboarding_checklist_v1,2025-03-16
5449,treatment,onboarding_checklist_v1,2025-03-19
5450,treatment,onboarding_checklist_v1,2025-01-31
5451,treatment,onboarding_checklist_v1,2025-02-16
5452,treatment,onboarding_checklist_v1,2025-05-15
5453,control,onboarding_checklist_v1,2025-06-02
5454,control,onboarding_checklist_v1,2025-05-23
5455,treatment,onboarding_checklist_v1,2025-02-25
5456,control,onboarding_checklist_v1,2025-01-25
5457,control,onboarding_checklist_v1,2025-01-29
5458,control,onboarding_checklist_v1,2025-03-13
5459,treatment,onboarding_checklist_v1,2025-04-04
5460,control,onboarding_checklist_v1,2025-06-11
5461,control,onboarding_checklist_v1,2025-06-12
5462,control,onboarding_checklist_v1,2025-01-01
5463,treatment,onboarding_checklist_v1,2025-05-09
5464,control,onboarding_checklist_v1,2025-02-24
5465,treatment,onboarding_checklist_v1,2025-02-05
5466,treatment,onboarding_checklist_v1,2025-04-11
5467,control,onboarding_checklist_v1,2025-01-07
5468,control,onboarding_checklist_v1,2025-03-02
5469,treatment,onboarding_checklist_v1,2025-04-10
5470,treatment,onboarding_checklist_v1,2025-02-19
5471,control,onboarding_checklist_v1,2025-04-18
5472,control,onboarding_checklist_v1,2025-03-25
5473,control,onboarding_checklist_v1,2025-05-25
5474,control,onboarding_checklist_v1,2025-02-02
5475,control,onboarding_checklist_v1,2025-01-11
5476,control,onboarding_checklist_v1,2025-04-06
5477,control,onboarding_checklist_v1,2025-02-16
5478,treatment,onboarding_checklist_v1,2025-05-08
5479,treatment,onboarding_checklist_v1,2025-01-17
5480,treatment,onboarding_checklist_v1,2025-04-15
5481,treatment,onboarding_checklist_v1,2025-06-29
5482,treatment,onboarding_checklist_v1,2025-01-17
5483,control,onboarding_checklist_v1,2025-02-24
5484,treatment,onboarding_checklist_v1,2025-06-02
5485,control,onboarding_checklist_v1,2025-04-07
5486,treatment,onboarding_checklist_v1,2025-02-01
5487,treatment,onboarding_checklist_v1,2025-02-08
5488,treatment,onboarding_checklist_v1,2025-05-19
5489,control,onboarding_checklist_v1,2025-06-05
5490,treatment,onboarding_checklist_v1,2025-03-07
5491,control,onboarding_checklist_v1,2025-03-27
5492,control,onboarding_checklist_v1,2025-05-22
5493,control,onboarding_checklist_v1,2025-02-02
5494,control,onboarding_checklist_v1,2025-02-07
5495,treatment,onboarding_checklist_v1,2025-05-21
5496,control,onboarding_checklist_v1,2025-02-03
5497,control,onboarding_checklist_v1,2025-05-20
5498,treatment,onboarding_checklist_v1,2025-03-31
5499,treatment,onboarding_checklist_v1,2025-06-29
5500,control,onboarding_checklist_v1,2025-01-06
5501,treatment,onboarding_checklist_v1,2025-06-21
5502,treatment,onboarding_checklist_v1,2025-02-10
5503,control,onboarding_checklist_v1,2025-01-07
5504,treatment,onboarding_checklist_v1,2025-05-12
5505,treatment,onboarding_checklist_v1,2025-04-07
5506,control,onboarding_checklist_v1,2025-06-01
5507,control,onboarding_checklist_v1,2025-01-20
5508,control,onboarding_checklist_v1,2025-01-15
5509,treatment,onboarding_checklist_v1,2025-04-13
5510,control,onboarding_checklist_v1,2025-06-09
5511,control,onboarding_checklist_v1,2025-03-15
5512,treatment,onboarding_checklist_v1,2025-05-25
5513,treatment,onboarding_checklist_v1,2025-06-14
5514,control,onboarding_checklist_v1,2025-06-07
5515,control,onboarding_checklist_v1,2025-04-03
5516,control,onboarding_checklist_v1,2025-05-07
5517,treatment,onboarding_checklist_v1,2025-04-06
5518,control,onboarding_checklist_v1,2025-05-03
5519,control,onboarding_checklist_v1,2025-04-13
5520,treatment,onboarding_checklist_v1,2025-04-06
5521,control,onboarding_checklist_v1,2025-03-21
5522,control,onboarding_checklist_v1,2025-04-29
5523,treatment,onboarding_checklist_v1,2025-05-16
5524,control,onboarding_checklist_v1,2025-06-16
5525,treatment,onboarding_checklist_v1,2025-04-21
5526,treatment,onboarding_checklist_v1,2025-01-19
5527,control,onboarding_checklist_v1,2025-04-17
5528,treatment,onboarding_checklist_v1,2025-02-27
5529,treatment,onboarding_checklist_v1,2025-01-05
5530,treatment,onboarding_checklist_v1,2025-01-14
5531,treatment,onboarding_checklist_v1,2025-04-18
5532,control,onboarding_checklist_v1,2025-06-21
5533,control,onboarding_checklist_v1,2025-04-02
5534,treatment,onboarding_checklist_v1,2025-03-22
5535,control,onboarding_checklist_v1,2025-01-17
5536,control,onboarding_checklist_v1,2025-05-03
5537,control,onboarding_checklist_v1,2025-01-11
5538,control,onboarding_checklist_v1,2025-06-02
5539,treatment,onboarding_checklist_v1,2025-05-28
5540,treatment,onboarding_checklist_v1,2025-06-29
5541,treatment,onboarding_checklist_v1,2025-02-21
5542,control,onboarding_checklist_v1,2025-01-30
5543,control,onboarding_checklist_v1,2025-02-24
5544,treatment,onboarding_checklist_v1,2025-05-25
5545,control,onboarding_checklist_v1,2025-02-09
5546,treatment,onboarding_checklist_v1,2025-06-10
5547,treatment,onboarding_checklist_v1,2025-01-28
5548,control,onboarding_checklist_v1,2025-01-09
5549,control,onboarding_checklist_v1,2025-02-09
5550,treatment,onboarding_checklist_v1,2025-05-17
5551,control,onboarding_checklist_v1,2025-04-20
5552,treatment,onboarding_checklist_v1,2025-03-06
5553,treatment,onboarding_checklist_v1,2025-04-29
5554,control,onboarding_checklist_v1,2025-04-28
5555,treatment,onboarding_checklist_v1,2025-04-11
5556,control,onboarding_checklist_v1,2025-04-04
5557,control,onboarding_checklist_v1,2025-01-19
5558,treatment,onboarding_checklist_v1,2025-02-17
5559,treatment,onboarding_checklist_v1,2025-04-06
5560,treatment,onboarding_checklist_v1,2025-01-25
5561,treatment,onboarding_checklist_v1,2025-03-28
5562,treatment,onboarding_checklist_v1,2025-01-22
5563,control,onboarding_checklist_v1,2025-05-23
5564,control,onboarding_checklist_v1,2025-01-19
5565,control,onboarding_checklist_v1,2025-01-17
5566,control,onboarding_checklist_v1,2025-04-26
5567,control,onboarding_checklist_v1,2025-02-09
5568,treatment,onboarding_checklist_v1,2025-03-05
5569,control,onboarding_checklist_v1,2025-02-26
5570,treatment,onboarding_checklist_v1,2025-02-09
5571,treatment,onboarding_checklist_v1,2025-05-18
5572,treatment,onboarding_checklist_v1,2025-05-06
5573,control,onboarding_checklist_v1,2025-02-13
5574,treatment,onboarding_checklist_v1,2025-05-05
5575,treatment,onboarding_checklist_v1,2025-05-10
5576,control,onboarding_checklist_v1,2025-04-08
5577,control,onboarding_checklist_v1,2025-04-15
5578,control,onboarding_checklist_v1,2025-06-19
5579,treatment,onboarding_checklist_v1,2025-03-24
5580,treatment,onboarding_checklist_v1,2025-03-11
5581,control,onboarding_checklist_v1,2025-04-08
5582,treatment,onboarding_checklist_v1,2025-06-01
5583,control,onboarding_checklist_v1,2025-05-09
5584,control,onboarding_checklist_v1,2025-01-14
5585,treatment,onboarding_checklist_v1,2025-03-25
5586,treatment,onboarding_checklist_v1,2025-05-14
5587,treatment,onboarding_checklist_v1,2025-02-10
5588,control,onboarding_checklist_v1,2025-06-28
5589,control,onboarding_checklist_v1,2025-05-27
5590,control,onboarding_checklist_v1,2025-06-03
5591,control,onboarding_checklist_v1,2025-01-15
5592,control,onboarding_checklist_v1,2025-04-15
5593,treatment,onboarding_checklist_v1,2025-04-06
5594,treatment,onboarding_checklist_v1,2025-04-24
5595,control,onboarding_checklist_v1,2025-06-03
5596,control,onboarding_checklist_v1,2025-03-05
5597,control,onboarding_checklist_v1,2025-04-07
5598,control,onboarding_checklist_v1,2025-05-03
5599,treatment,onboarding_checklist_v1,2025-05-17
5600,control,onboarding_checklist_v1,2025-05-20
5601,treatment,onboarding_checklist_v1,2025-03-02
5602,control,onboarding_checklist_v1,2025-06-30
5603,control,onboarding_checklist_v1,2025-01-02
5604,treatment,onboarding_checklist_v1,2025-03-31
5605,control,onboarding_checklist_v1,2025-04-21
5606,control,onboarding_checklist_v1,2025-01-12
5607,treatment,onboarding_checklist_v1,2025-03-23
5608,control,onboarding_checklist_v1,2025-04-18
5609,control,onboarding_checklist_v1,2025-04-20
5610,control,onboarding_checklist_v1,2025-01-22
5611,control,onboarding_checklist_v1,2025-02-20
5612,treatment,onboarding_checklist_v1,2025-02-14
5613,control,onboarding_checklist_v1,2025-04-26
5614,treatment,onboarding_checklist_v1,2025-03-01
5615,treatment,onboarding_checklist_v1,2025-04-14
5616,control,onboarding_checklist_v1,2025-05-13
5617,control,onboarding_checklist_v1,2025-05-25
5618,control,onboarding_checklist_v1,2025-02-03
5619,control,onboarding_checklist_v1,2025-06-13
5620,control,onboarding_checklist_v1,2025-01-31
5621,treatment,onboarding_checklist_v1,2025-01-04
5622,control,onboarding_checklist_v1,2025-01-09
5623,control,onboarding_checklist_v1,2025-02-06
5624,treatment,onboarding_checklist_v1,2025-06-08
5625,treatment,onboarding_checklist_v1,2025-02-07
5626,control,onboarding_checklist_v1,2025-05-06
5627,control,onboarding_checklist_v1,2025-03-17
5628,treatment,onboarding_checklist_v1,2025-01-08
5629,control,onboarding_checklist_v1,2025-03-22
5630,treatment,onboarding_checklist_v1,2025-01-06
5631,treatment,onboarding_checklist_v1,2025-03-28
5632,treatment,onboarding_checklist_v1,2025-04-12
5633,control,onboarding_checklist_v1,2025-04-05
5634,control,onboarding_checklist_v1,2025-02-21
5635,control,onboarding_checklist_v1,2025-05-19
5636,treatment,onboarding_checklist_v1,2025-04-19
5637,treatment,onboarding_checklist_v1,2025-02-16
5638,treatment,onboarding_checklist_v1,2025-03-20
5639,treatment,onboarding_checklist_v1,2025-01-20
5640,treatment,onboarding_checklist_v1,2025-06-17
5641,treatment,onboarding_checklist_v1,2025-05-17
5642,control,onboarding_checklist_v1,2025-02-22
5643,control,onboarding_checklist_v1,2025-05-03
5644,treatment,onboarding_checklist_v1,2025-05-03
5645,treatment,onboarding_checklist_v1,2025-04-21
5646,control,onboarding_checklist_v1,2025-01-10
5647,treatment,onboarding_checklist_v1,2025-06-09
5648,control,onboarding_checklist_v1,2025-06-23
5649,control,onboarding_checklist_v1,2025-06-26
5650,treatment,onboarding_checklist_v1,2025-06-27
5651,control,onboarding_checklist_v1,2025-06-18
5652,treatment,onboarding_checklist_v1,2025-05-14
5653,treatment,onboarding_checklist_v1,2025-01-11
5654,treatment,onboarding_checklist_v1,2025-03-26
5655,control,onboarding_checklist_v1,2025-02-14
5656,treatment,onboarding_checklist_v1,2025-02-09
5657,control,onboarding_checklist_v1,2025-05-31
5658,treatment,onboarding_checklist_v1,2025-05-28
5659,control,onboarding_checklist_v1,2025-04-05
5660,treatment,onboarding_checklist_v1,2025-05-14
5661,treatment,onboarding_checklist_v1,2025-01-24
5662,control,onboarding_checklist_v1,2025-02-10
5663,control,onboarding_checklist_v1,2025-06-05
5664,control,onboarding_checklist_v1,2025-03-23
5665,treatment,onboarding_checklist_v1,2025-04-09
5666,treatment,onboarding_checklist_v1,2025-03-25
5667,treatment,onboarding_checklist_v1,2025-02-06
5668,treatment,onboarding_checklist_v1,2025-05-30
5669,control,onboarding_checklist_v1,2025-05-18
5670,treatment,onboarding_checklist_v1,2025-05-04
5671,control,onboarding_checklist_v1,2025-03-05
5672,treatment,onboarding_checklist_v1,2025-04-27
5673,control,onboarding_checklist_v1,2025-06-22
5674,treatment,onboarding_checklist_v1,2025-04-28
5675,control,onboarding_checklist_v1,2025-03-31
5676,control,onboarding_checklist_v1,2025-02-18
5677,control,onboarding_checklist_v1,2025-04-05
5678,treatment,onboarding_checklist_v1,2025-03-09
5679,treatment,onboarding_checklist_v1,2025-04-21
5680,control,onboarding_checklist_v1,2025-01-09
5681,control,onboarding_checklist_v1,2025-02-04
5682,control,onboarding_checklist_v1,2025-05-23
5683,treatment,onboarding_checklist_v1,2025-03-10
5684,treatment,onboarding_checklist_v1,2025-03-20
5685,treatment,onboarding_checklist_v1,2025-04-09
5686,treatment,onboarding_checklist_v1,2025-03-21
5687,control,onboarding_checklist_v1,2025-05-18
5688,control,onboarding_checklist_v1,2025-02-14
5689,treatment,onboarding_checklist_v1,2025-05-18
5690,treatment,onboarding_checklist_v1,2025-02-07
5691,control,onboarding_checklist_v1,2025-03-09
5692,treatment,onboarding_checklist_v1,2025-04-17
5693,control,onboarding_checklist_v1,2025-06-10
5694,control,onboarding_checklist_v1,2025-02-12
5695,control,onboarding_checklist_v1,2025-04-17
5696,treatment,onboarding_checklist_v1,2025-01-12
5697,treatment,onboarding_checklist_v1,2025-01-14
5698,treatment,onboarding_checklist_v1,2025-05-19
5699,treatment,onboarding_checklist_v1,2025-05-11
5700,treatment,onboarding_checklist_v1,2025-03-10
5701,control,onboarding_checklist_v1,2025-04-23
5702,treatment,onboarding_checklist_v1,2025-03-10
5703,control,onboarding_checklist_v1,2025-02-20
5704,treatment,onboarding_checklist_v1,2025-03-20
5705,control,onboarding_checklist_v1,2025-02-26
5706,control,onboarding_checklist_v1,2025-05-28
5707,treatment,onboarding_checklist_v1,2025-03-16
5708,control,onboarding_checklist_v1,2025-02-28
5709,control,onboarding_checklist_v1,2025-04-08
5710,treatment,onboarding_checklist_v1,2025-05-18
5711,treatment,onboarding_checklist_v1,2025-02-19
5712,control,onboarding_checklist_v1,2025-06-20
5713,control,onboarding_checklist_v1,2025-03-25
5714,control,onboarding_checklist_v1,2025-04-30
5715,treatment,onboarding_checklist_v1,2025-06-23
5716,treatment,onboarding_checklist_v1,2025-03-20
5717,control,onboarding_checklist_v1,2025-02-06
5718,treatment,onboarding_checklist_v1,2025-05-16
5719,treatment,onboarding_checklist_v1,2025-01-02
5720,treatment,onboarding_checklist_v1,2025-03-24
5721,control,onboarding_checklist_v1,2025-06-27
5722,treatment,onboarding_checklist_v1,2025-03-17
5723,treatment,onboarding_checklist_v1,2025-05-04
5724,control,onboarding_checklist_v1,2025-04-06
5725,control,onboarding_checklist_v1,2025-02-08
5726,control,onboarding_checklist_v1,2025-02-27
5727,control,onboarding_checklist_v1,2025-04-05
5728,treatment,onboarding_checklist_v1,2025-01-19
5729,treatment,onboarding_checklist_v1,2025-03-17
5730,control,onboarding_checklist_v1,2025-03-17
5731,treatment,onboarding_checklist_v1,2025-06-01
5732,control,onboarding_checklist_v1,2025-01-23
5733,treatment,onboarding_checklist_v1,2025-06-02
5734,control,onboarding_checklist_v1,2025-03-16
5735,treatment,onboarding_checklist_v1,2025-04-28
5736,treatment,onboarding_checklist_v1,2025-04-11
5737,treatment,onboarding_checklist_v1,2025-02-24
5738,treatment,onboarding_checklist_v1,2025-06-18
5739,control,onboarding_checklist_v1,2025-02-10
5740,treatment,onboarding_checklist_v1,2025-01-07
5741,treatment,onboarding_checklist_v1,2025-05-16
5742,control,onboarding_checklist_v1,2025-04-23
5743,treatment,onboarding_checklist_v1,2025-06-11
5744,control,onboarding_checklist_v1,2025-03-24
5745,control,onboarding_checklist_v1,2025-01-04
5746,treatment,onboarding_checklist_v1,2025-01-04
5747,control,onboarding_checklist_v1,2025-03-20
5748,control,onboarding_checklist_v1,2025-02-15
5749,control,onboarding_checklist_v1,2025-06-16
5750,treatment,onboarding_checklist_v1,2025-01-22
5751,treatment,onboarding_checklist_v1,2025-06-09
5752,control,onboarding_checklist_v1,2025-02-09
5753,treatment,onboarding_checklist_v1,2025-01-22
5754,treatment,onboarding_checklist_v1,2025-02-19
5755,treatment,onboarding_checklist_v1,2025-01-27
5756,treatment,onboarding_checklist_v1,2025-03-14
5757,treatment,onboarding_checklist_v1,2025-03-01
5758,control,onboarding_checklist_v1,2025-04-06
5759,control,onboarding_checklist_v1,2025-04-08
5760,treatment,onboarding_checklist_v1,2025-01-01
5761,control,onboarding_checklist_v1,2025-01-23
5762,control,onboarding_checklist_v1,2025-01-30
5763,control,onboarding_checklist_v1,2025-02-05
5764,control,onboarding_checklist_v1,2025-01-17
5765,treatment,onboarding_checklist_v1,2025-02-26
5766,control,onboarding_checklist_v1,2025-04-10
5767,treatment,onboarding_checklist_v1,2025-02-25
5768,treatment,onboarding_checklist_v1,2025-03-01
5769,control,onboarding_checklist_v1,2025-03-26
5770,control,onboarding_checklist_v1,2025-04-10
5771,control,onboarding_checklist_v1,2025-03-01
5772,treatment,onboarding_checklist_v1,2025-02-10
5773,control,onboarding_checklist_v1,2025-03-16
5774,treatment,onboarding_checklist_v1,2025-01-05
5775,control,onboarding_checklist_v1,2025-03-31
5776,control,onboarding_checklist_v1,2025-06-20
5777,control,onboarding_checklist_v1,2025-03-14
5778,control,onboarding_checklist_v1,2025-01-20
5779,control,onboarding_checklist_v1,2025-05-08
5780,treatment,onboarding_checklist_v1,2025-01-23
5781,control,onboarding_checklist_v1,2025-02-05
5782,treatment,onboarding_checklist_v1,2025-01-27
5783,treatment,onboarding_checklist_v1,2025-06-09
5784,treatment,onboarding_checklist_v1,2025-06-27
5785,treatment,onboarding_checklist_v1,2025-04-14
5786,control,onboarding_checklist_v1,2025-04-22
5787,treatment,onboarding_checklist_v1,2025-04-27
5788,control,onboarding_checklist_v1,2025-04-21
5789,treatment,onboarding_checklist_v1,2025-04-09
5790,control,onboarding_checklist_v1,2025-06-28
5791,treatment,onboarding_checklist_v1,2025-05-13
5792,treatment,onboarding_checklist_v1,2025-01-17
5793,treatment,onboarding_checklist_v1,2025-03-12
5794,control,onboarding_checklist_v1,2025-06-26
5795,treatment,onboarding_checklist_v1,2025-03-15
5796,treatment,onboarding_checklist_v1,2025-02-06
5797,control,onboarding_checklist_v1,2025-06-07
5798,control,onboarding_checklist_v1,2025-04-23
5799,control,onboarding_checklist_v1,2025-04-12
5800,control,onboarding_checklist_v1,2025-03-18
5801,treatment,onboarding_checklist_v1,2025-01-23
5802,control,onboarding_checklist_v1,2025-03-11
5803,treatment,onboarding_checklist_v1,2025-03-21
5804,treatment,onboarding_checklist_v1,2025-06-18
5805,treatment,onboarding_checklist_v1,2025-02-25
5806,treatment,onboarding_checklist_v1,2025-01-28
5807,treatment,onboarding_checklist_v1,2025-03-19
5808,treatment,onboarding_checklist_v1,2025-06-30
5809,control,onboarding_checklist_v1,2025-03-29
5810,treatment,onboarding_checklist_v1,2025-03-10
5811,treatment,onboarding_checklist_v1,2025-05-01
5812,control,onboarding_checklist_v1,2025-04-28
5813,treatment,onboarding_checklist_v1,2025-02-24
5814,treatment,onboarding_checklist_v1,2025-06-25
5815,control,onboarding_checklist_v1,2025-04-18
5816,treatment,onboarding_checklist_v1,2025-01-11
5817,treatment,onboarding_checklist_v1,2025-03-15
5818,control,onboarding_checklist_v1,2025-06-17
5819,control,onboarding_checklist_v1,2025-03-13
5820,control,onboarding_checklist_v1,2025-04-13
5821,treatment,onboarding_checklist_v1,2025-04-21
5822,control,onboarding_checklist_v1,2025-05-08
5823,treatment,onboarding_checklist_v1,2025-06-07
5824,treatment,onboarding_checklist_v1,2025-01-28
5825,treatment,onboarding_checklist_v1,2025-04-04
5826,control,onboarding_checklist_v1,2025-04-07
5827,control,onboarding_checklist_v1,2025-01-28
5828,control,onboarding_checklist_v1,2025-05-02
5829,control,onboarding_checklist_v1,2025-01-22
5830,control,onboarding_checklist_v1,2025-03-24
5831,control,onboarding_checklist_v1,2025-03-01
5832,control,onboarding_checklist_v1,2025-01-29
5833,treatment,onboarding_checklist_v1,2025-05-29
5834,control,onboarding_checklist_v1,2025-02-14
5835,control,onboarding_checklist_v1,2025-02-16
5836,treatment,onboarding_checklist_v1,2025-06-04
5837,treatment,onboarding_checklist_v1,2025-06-08
5838,treatment,onboarding_checklist_v1,2025-01-07
5839,treatment,onboarding_checklist_v1,2025-02-20
5840,control,onboarding_checklist_v1,2025-05-09
5841,treatment,onboarding_checklist_v1,2025-05-21
5842,treatment,onboarding_checklist_v1,2025-06-30
5843,treatment,onboarding_checklist_v1,2025-04-11
5844,treatment,onboarding_checklist_v1,2025-01-02
5845,control,onboarding_checklist_v1,2025-06-08
5846,control,onboarding_checklist_v1,2025-01-30
5847,treatment,onboarding_checklist_v1,2025-01-22
5848,treatment,onboarding_checklist_v1,2025-05-03
5849,control,onboarding_checklist_v1,2025-04-20
5850,control,onboarding_checklist_v1,2025-01-11
5851,control,onboarding_checklist_v1,2025-01-31
5852,control,onboarding_checklist_v1,2025-04-17
5853,control,onboarding_checklist_v1,2025-02-16
5854,treatment,onboarding_checklist_v1,2025-05-04
5855,control,onboarding_checklist_v1,2025-03-16
5856,control,onboarding_checklist_v1,2025-04-17
5857,control,onboarding_checklist_v1,2025-03-27
5858,treatment,onboarding_checklist_v1,2025-03-08
5859,treatment,onboarding_checklist_v1,2025-03-03
5860,treatment,onboarding_checklist_v1,2025-05-07
5861,treatment,onboarding_checklist_v1,2025-04-04
5862,treatment,onboarding_checklist_v1,2025-04-18
5863,treatment,onboarding_checklist_v1,2025-04-15
5864,treatment,onboarding_checklist_v1,2025-02-07
5865,control,onboarding_checklist_v1,2025-06-15
5866,treatment,onboarding_checklist_v1,2025-04-12
5867,control,onboarding_checklist_v1,2025-05-10
5868,treatment,onboarding_checklist_v1,2025-06-09
5869,control,onboarding_checklist_v1,2025-06-17
5870,control,onboarding_checklist_v1,2025-05-01
5871,control,onboarding_checklist_v1,2025-05-23
5872,treatment,onboarding_checklist_v1,2025-03-27
5873,treatment,onboarding_checklist_v1,2025-05-14
5874,control,onboarding_checklist_v1,2025-02-28
5875,treatment,onboarding_checklist_v1,2025-05-09
5876,control,onboarding_checklist_v1,2025-01-16
5877,treatment,onboarding_checklist_v1,2025-06-15
5878,control,onboarding_checklist_v1,2025-02-14
5879,control,onboarding_checklist_v1,2025-04-29
5880,treatment,onboarding_checklist_v1,2025-01-03
5881,treatment,onboarding_checklist_v1,2025-01-29
5882,treatment,onboarding_checklist_v1,2025-06-28
5883,treatment,onboarding_checklist_v1,2025-05-31
5884,treatment,onboarding_checklist_v1,2025-02-10
5885,control,onboarding_checklist_v1,2025-01-24
5886,control,onboarding_checklist_v1,2025-05-28
5887,treatment,onboarding_checklist_v1,2025-06-29
5888,control,onboarding_checklist_v1,2025-01-31
5889,treatment,onboarding_checklist_v1,2025-05-01
5890,control,onboarding_checklist_v1,2025-02-21
5891,control,onboarding_checklist_v1,2025-05-15
5892,control,onboarding_checklist_v1,2025-03-17
5893,treatment,onboarding_checklist_v1,2025-01-23
5894,treatment,onboarding_checklist_v1,2025-02-28
5895,control,onboarding_checklist_v1,2025-04-08
5896,control,onboarding_checklist_v1,2025-05-25
5897,control,onboarding_checklist_v1,2025-01-04
5898,control,onboarding_checklist_v1,2025-06-23
5899,control,onboarding_checklist_v1,2025-04-28
5900,treatment,onboarding_checklist_v1,2025-06-08
5901,control,onboarding_checklist_v1,2025-06-18
5902,control,onboarding_checklist_v1,2025-01-28
5903,control,onboarding_checklist_v1,2025-01-17
5904,control,onboarding_checklist_v1,2025-05-21
5905,control,onboarding_checklist_v1,2025-02-04
5906,treatment,onboarding_checklist_v1,2025-01-27
5907,treatment,onboarding_checklist_v1,2025-03-26
5908,treatment,onboarding_checklist_v1,2025-06-15
5909,control,onboarding_checklist_v1,2025-05-25
5910,treatment,onboarding_checklist_v1,2025-04-04
5911,treatment,onboarding_checklist_v1,2025-02-05
5912,treatment,onboarding_checklist_v1,2025-03-02
5913,treatment,onboarding_checklist_v1,2025-05-05
5914,control,onboarding_checklist_v1,2025-01-29
5915,treatment,onboarding_checklist_v1,2025-04-05
5916,treatment,onboarding_checklist_v1,2025-01-03
5917,treatment,onboarding_checklist_v1,2025-02-28
5918,treatment,onboarding_checklist_v1,2025-02-14
5919,treatment,onboarding_checklist_v1,2025-05-04
5920,control,onboarding_checklist_v1,2025-06-15
5921,treatment,onboarding_checklist_v1,2025-01-27
5922,treatment,onboarding_checklist_v1,2025-05-25
5923,treatment,onboarding_checklist_v1,2025-04-29
5924,treatment,onboarding_checklist_v1,2025-06-25
5925,control,onboarding_checklist_v1,2025-06-14
5926,control,onboarding_checklist_v1,2025-01-19
5927,control,onboarding_checklist_v1,2025-05-15
5928,treatment,onboarding_checklist_v1,2025-04-18
5929,treatment,onboarding_checklist_v1,2025-01-21
5930,treatment,onboarding_checklist_v1,2025-02-16
5931,treatment,onboarding_checklist_v1,2025-06-17
5932,treatment,onboarding_checklist_v1,2025-04-09
5933,control,onboarding_checklist_v1,2025-03-03
5934,treatment,onboarding_checklist_v1,2025-02-28
5935,treatment,onboarding_checklist_v1,2025-06-01
5936,treatment,onboarding_checklist_v1,2025-02-21
5937,treatment,onboarding_checklist_v1,2025-01-29
5938,treatment,onboarding_checklist_v1,2025-04-14
5939,control,onboarding_checklist_v1,2025-06-29
5940,treatment,onboarding_checklist_v1,2025-02-03
5941,treatment,onboarding_checklist_v1,2025-02-16
5942,control,onboarding_checklist_v1,2025-03-26
5943,control,onboarding_checklist_v1,2025-02-06
5944,control,onboarding_checklist_v1,2025-04-28
5945,control,onboarding_checklist_v1,2025-02-15
5946,treatment,onboarding_checklist_v1,2025-01-24
5947,control,onboarding_checklist_v1,2025-02-17
5948,control,onboarding_checklist_v1,2025-06-18
5949,treatment,onboarding_checklist_v1,2025-06-19
5950,control,onboarding_checklist_v1,2025-04-02
5951,treatment,onboarding_checklist_v1,2025-03-14
5952,control,onboarding_checklist_v1,2025-05-29
5953,control,onboarding_checklist_v1,2025-02-05
5954,treatment,onboarding_checklist_v1,2025-04-29
5955,treatment,onboarding_checklist_v1,2025-05-04
5956,treatment,onboarding_checklist_v1,2025-05-09
5957,treatment,onboarding_checklist_v1,2025-02-09
5958,control,onboarding_checklist_v1,2025-05-10
5959,treatment,onboarding_checklist_v1,2025-04-21
5960,control,onboarding_checklist_v1,2025-06-08
5961,control,onboarding_checklist_v1,2025-02-01
5962,control,onboarding_checklist_v1,2025-04-22
5963,treatment,onboarding_checklist_v1,2025-05-31
5964,control,onboarding_checklist_v1,2025-02-20
5965,control,onboarding_checklist_v1,2025-05-15
5966,control,onboarding_checklist_v1,2025-01-19
5967,treatment,onboarding_checklist_v1,2025-05-10
5968,control,onboarding_checklist_v1,2025-04-20
5969,treatment,onboarding_checklist_v1,2025-02-04
5970,control,onboarding_checklist_v1,2025-01-13
5971,treatment,onboarding_checklist_v1,2025-05-15
5972,control,onboarding_checklist_v1,2025-02-13
5973,treatment,onboarding_checklist_v1,2025-04-01
5974,control,onboarding_checklist_v1,2025-01-11
5975,control,onboarding_checklist_v1,2025-06-24
5976,control,onboarding_checklist_v1,2025-04-10
5977,control,onboarding_checklist_v1,2025-06-18
5978,control,onboarding_checklist_v1,2025-01-30
5979,control,onboarding_checklist_v1,2025-02-07
5980,treatment,onboarding_checklist_v1,2025-04-21
5981,treatment,onboarding_checklist_v1,2025-04-20
5982,control,onboarding_checklist_v1,2025-05-24
5983,control,onboarding_checklist_v1,2025-06-17
5984,control,onboarding_checklist_v1,2025-05-29
5985,control,onboarding_checklist_v1,2025-01-26
5986,control,onboarding_checklist_v1,2025-02-26
5987,control,onboarding_checklist_v1,2025-06-15
5988,control,onboarding_checklist_v1,2025-04-10
5989,treatment,onboarding_checklist_v1,2025-06-06
5990,treatment,onboarding_checklist_v1,2025-04-12
5991,treatment,onboarding_checklist_v1,2025-01-10
5992,control,onboarding_checklist_v1,2025-03-27
5993,treatment,onboarding_checklist_v1,2025-05-30
5994,control,onboarding_checklist_v1,2025-04-29
5995,control,onboarding_checklist_v1,2025-01-25
5996,treatment,onboarding_checklist_v1,2025-02-08
5997,control,onboarding_checklist_v1,2025-06-04
5998,control,onboarding_checklist_v1,2025-06-27
5999,treatment,onboarding_checklist_v1,2025-05-17
6000,treatment,onboarding_checklist_v1,2025-01-18
6001,treatment,onboarding_checklist_v1,2025-04-23
6002,control,onboarding_checklist_v1,2025-05-31
6003,control,onboarding_checklist_v1,2025-04-26
6004,treatment,onboarding_checklist_v1,2025-04-18
6005,control,onboarding_checklist_v1,2025-03-26
6006,control,onboarding_checklist_v1,2025-02-14
6007,control,onboarding_checklist_v1,2025-02-20
6008,treatment,onboarding_checklist_v1,2025-05-15
6009,treatment,onboarding_checklist_v1,2025-01-13
6010,control,onboarding_checklist_v1,2025-01-16
6011,treatment,onboarding_checklist_v1,2025-03-13
6012,control,onboarding_checklist_v1,2025-05-21
6013,treatment,onboarding_checklist_v1,2025-04-29
6014,control,onboarding_checklist_v1,2025-04-17
6015,control,onboarding_checklist_v1,2025-04-07
6016,control,onboarding_checklist_v1,2025-01-21
6017,treatment,onboarding_checklist_v1,2025-03-02
6018,treatment,onboarding_checklist_v1,2025-01-15
6019,treatment,onboarding_checklist_v1,2025-05-18
6020,control,onboarding_checklist_v1,2025-05-16
6021,control,onboarding_checklist_v1,2025-02-16
6022,control,onboarding_checklist_v1,2025-02-23
6023,control,onboarding_checklist_v1,2025-02-27
6024,control,onboarding_checklist_v1,2025-06-10
6025,treatment,onboarding_checklist_v1,2025-03-30
6026,treatment,onboarding_checklist_v1,2025-05-18
6027,treatment,onboarding_checklist_v1,2025-03-23
6028,control,onboarding_checklist_v1,2025-05-07
6029,control,onboarding_checklist_v1,2025-04-06
6030,treatment,onboarding_checklist_v1,2025-02-20
6031,control,onboarding_checklist_v1,2025-06-08
6032,treatment,onboarding_checklist_v1,2025-05-09
6033,treatment,onboarding_checklist_v1,2025-05-20
6034,control,onboarding_checklist_v1,2025-06-21
6035,control,onboarding_checklist_v1,2025-02-15
6036,treatment,onboarding_checklist_v1,2025-01-17
6037,treatment,onboarding_checklist_v1,2025-04-16
6038,treatment,onboarding_checklist_v1,2025-03-01
6039,treatment,onboarding_checklist_v1,2025-03-20
6040,treatment,onboarding_checklist_v1,2025-02-12
6041,control,onboarding_checklist_v1,2025-03-14
6042,treatment,onboarding_checklist_v1,2025-03-13
6043,treatment,onboarding_checklist_v1,2025-03-05
6044,control,onboarding_checklist_v1,2025-05-15
6045,control,onboarding_checklist_v1,2025-04-18
6046,treatment,onboarding_checklist_v1,2025-03-27
6047,treatment,onboarding_checklist_v1,2025-01-21
6048,control,onboarding_checklist_v1,2025-04-14
6049,treatment,onboarding_checklist_v1,2025-02-01
6050,treatment,onboarding_checklist_v1,2025-02-26
6051,treatment,onboarding_checklist_v1,2025-03-17
6052,control,onboarding_checklist_v1,2025-01-26
6053,control,onboarding_checklist_v1,2025-03-12
6054,control,onboarding_checklist_v1,2025-02-18
6055,treatment,onboarding_checklist_v1,2025-06-03
6056,treatment,onboarding_checklist_v1,2025-06-05
6057,control,onboarding_checklist_v1,2025-01-01
6058,treatment,onboarding_checklist_v1,2025-04-20
6059,control,onboarding_checklist_v1,2025-04-26
6060,treatment,onboarding_checklist_v1,2025-03-10
6061,control,onboarding_checklist_v1,2025-03-26
6062,treatment,onboarding_checklist_v1,2025-05-23
6063,treatment,onboarding_checklist_v1,2025-03-10
6064,treatment,onboarding_checklist_v1,2025-01-12
6065,control,onboarding_checklist_v1,2025-03-09
6066,control,onboarding_checklist_v1,2025-02-15
6067,control,onboarding_checklist_v1,2025-03-11
6068,treatment,onboarding_checklist_v1,2025-02-11
6069,control,onboarding_checklist_v1,2025-01-28
6070,treatment,onboarding_checklist_v1,2025-06-28
6071,treatment,onboarding_checklist_v1,2025-01-24
6072,control,onboarding_checklist_v1,2025-05-08
6073,control,onboarding_checklist_v1,2025-05-10
6074,control,onboarding_checklist_v1,2025-04-22
6075,treatment,onboarding_checklist_v1,2025-06-14
6076,treatment,onboarding_checklist_v1,2025-01-01
6077,control,onboarding_checklist_v1,2025-02-24
6078,treatment,onboarding_checklist_v1,2025-02-03
6079,control,onboarding_checklist_v1,2025-04-15
6080,control,onboarding_checklist_v1,2025-04-26
6081,treatment,onboarding_checklist_v1,2025-06-12
6082,treatment,onboarding_checklist_v1,2025-03-10
6083,control,onboarding_checklist_v1,2025-02-12
6084,treatment,onboarding_checklist_v1,2025-06-17
6085,treatment,onboarding_checklist_v1,2025-05-02
6086,treatment,onboarding_checklist_v1,2025-05-19
6087,treatment,onboarding_checklist_v1,2025-03-22
6088,control,onboarding_checklist_v1,2025-03-22
6089,control,onboarding_checklist_v1,2025-03-12
6090,treatment,onboarding_checklist_v1,2025-05-16
6091,treatment,onboarding_checklist_v1,2025-02-08
6092,control,onboarding_checklist_v1,2025-06-26
6093,control,onboarding_checklist_v1,2025-02-01
6094,control,onboarding_checklist_v1,2025-03-25
6095,control,onboarding_checklist_v1,2025-02-26
6096,control,onboarding_checklist_v1,2025-04-27
6097,control,onboarding_checklist_v1,2025-05-04
6098,control,onboarding_checklist_v1,2025-06-16
6099,treatment,onboarding_checklist_v1,2025-05-23
6100,treatment,onboarding_checklist_v1,2025-02-15
6101,control,onboarding_checklist_v1,2025-02-07
6102,control,onboarding_checklist_v1,2025-06-10
6103,control,onboarding_checklist_v1,2025-03-30
6104,treatment,onboarding_checklist_v1,2025-01-18
6105,treatment,onboarding_checklist_v1,2025-05-30
6106,treatment,onboarding_checklist_v1,2025-04-28
6107,treatment,onboarding_checklist_v1,2025-01-05
6108,control,onboarding_checklist_v1,2025-05-22
6109,control,onboarding_checklist_v1,2025-04-20
6110,control,onboarding_checklist_v1,2025-04-22
6111,control,onboarding_checklist_v1,2025-06-06
6112,control,onboarding_checklist_v1,2025-03-31
6113,treatment,onboarding_checklist_v1,2025-03-25
6114,control,onboarding_checklist_v1,2025-04-22
6115,treatment,onboarding_checklist_v1,2025-02-05
6116,control,onboarding_checklist_v1,2025-01-28
6117,control,onboarding_checklist_v1,2025-06-02
6118,treatment,onboarding_checklist_v1,2025-02-09
6119,control,onboarding_checklist_v1,2025-04-02
6120,control,onboarding_checklist_v1,2025-02-18
6121,control,onboarding_checklist_v1,2025-02-11
6122,treatment,onboarding_checklist_v1,2025-04-19
6123,control,onboarding_checklist_v1,2025-05-26
6124,treatment,onboarding_checklist_v1,2025-03-21
6125,treatment,onboarding_checklist_v1,2025-01-26
6126,treatment,onboarding_checklist_v1,2025-02-14
6127,control,onboarding_checklist_v1,2025-01-30
6128,treatment,onboarding_checklist_v1,2025-06-09
6129,control,onboarding_checklist_v1,2025-02-27
6130,treatment,onboarding_checklist_v1,2025-03-09
6131,treatment,onboarding_checklist_v1,2025-01-13
6132,control,onboarding_checklist_v1,2025-03-22
6133,control,onboarding_checklist_v1,2025-06-15
6134,treatment,onboarding_checklist_v1,2025-03-16
6135,treatment,onboarding_checklist_v1,2025-04-28
6136,treatment,onboarding_checklist_v1,2025-02-02
6137,control,onboarding_checklist_v1,2025-01-26
6138,treatment,onboarding_checklist_v1,2025-05-13
6139,treatment,onboarding_checklist_v1,2025-01-12
6140,treatment,onboarding_checklist_v1,2025-03-23
6141,control,onboarding_checklist_v1,2025-02-27
6142,treatment,onboarding_checklist_v1,2025-01-03
6143,treatment,onboarding_checklist_v1,2025-04-07
6144,control,onboarding_checklist_v1,2025-06-24
6145,control,onboarding_checklist_v1,2025-01-13
6146,control,onboarding_checklist_v1,2025-05-28
6147,control,onboarding_checklist_v1,2025-04-08
6148,treatment,onboarding_checklist_v1,2025-05-11
6149,control,onboarding_checklist_v1,2025-01-18
6150,treatment,onboarding_checklist_v1,2025-06-07
6151,control,onboarding_checklist_v1,2025-01-03
6152,treatment,onboarding_checklist_v1,2025-06-14
6153,treatment,onboarding_checklist_v1,2025-04-30
6154,treatment,onboarding_checklist_v1,2025-03-03
6155,treatment,onboarding_checklist_v1,2025-01-02
6156,control,onboarding_checklist_v1,2025-04-21
6157,treatment,onboarding_checklist_v1,2025-01-16
6158,treatment,onboarding_checklist_v1,2025-04-21
6159,control,onboarding_checklist_v1,2025-05-20
6160,treatment,onboarding_checklist_v1,2025-02-18
6161,control,onboarding_checklist_v1,2025-02-13
6162,treatment,onboarding_checklist_v1,2025-02-10
6163,control,onboarding_checklist_v1,2025-02-10
6164,treatment,onboarding_checklist_v1,2025-01-21
6165,control,onboarding_checklist_v1,2025-02-15
6166,control,onboarding_checklist_v1,2025-04-30
6167,control,onboarding_checklist_v1,2025-02-24
6168,treatment,onboarding_checklist_v1,2025-05-22
6169,control,onboarding_checklist_v1,2025-05-29
6170,treatment,onboarding_checklist_v1,2025-05-18
6171,treatment,onboarding_checklist_v1,2025-04-08
6172,treatment,onboarding_checklist_v1,2025-02-27
6173,control,onboarding_checklist_v1,2025-06-18
6174,treatment,onboarding_checklist_v1,2025-02-07
6175,treatment,onboarding_checklist_v1,2025-03-26
6176,control,onboarding_checklist_v1,2025-03-24
6177,control,onboarding_checklist_v1,2025-05-15
6178,treatment,onboarding_checklist_v1,2025-04-09
6179,control,onboarding_checklist_v1,2025-05-25
6180,control,onboarding_checklist_v1,2025-06-16
6181,control,onboarding_checklist_v1,2025-03-12
6182,treatment,onboarding_checklist_v1,2025-06-08
6183,treatment,onboarding_checklist_v1,2025-01-31
6184,treatment,onboarding_checklist_v1,2025-06-15
6185,treatment,onboarding_checklist_v1,2025-02-02
6186,control,onboarding_checklist_v1,2025-06-03
6187,control,onboarding_checklist_v1,2025-03-12
6188,control,onboarding_checklist_v1,2025-06-24
6189,control,onboarding_checklist_v1,2025-01-24
6190,control,onboarding_checklist_v1,2025-03-26
6191,treatment,onboarding_checklist_v1,2025-06-13
6192,control,onboarding_checklist_v1,2025-01-09
6193,control,onboarding_checklist_v1,2025-02-17
6194,control,onboarding_checklist_v1,2025-01-16
6195,control,onboarding_checklist_v1,2025-02-28
6196,control,onboarding_checklist_v1,2025-03-12
6197,control,onboarding_checklist_v1,2025-04-23
6198,control,onboarding_checklist_v1,2025-02-16
6199,treatment,onboarding_checklist_v1,2025-01-29
6200,treatment,onboarding_checklist_v1,2025-01-31
6201,treatment,onboarding_checklist_v1,2025-06-19
6202,treatment,onboarding_checklist_v1,2025-06-22
6203,treatment,onboarding_checklist_v1,2025-02-10
6204,treatment,onboarding_checklist_v1,2025-02-05
6205,treatment,onboarding_checklist_v1,2025-01-10
6206,treatment,onboarding_checklist_v1,2025-06-23
6207,control,onboarding_checklist_v1,2025-05-08
6208,control,onboarding_checklist_v1,2025-05-18
6209,control,onboarding_checklist_v1,2025-02-22
6210,control,onboarding_checklist_v1,2025-04-27
6211,treatment,onboarding_checklist_v1,2025-01-11
6212,control,onboarding_checklist_v1,2025-05-03
6213,treatment,onboarding_checklist_v1,2025-04-15
6214,treatment,onboarding_checklist_v1,2025-03-01
6215,control,onboarding_checklist_v1,2025-05-09
6216,control,onboarding_checklist_v1,2025-04-28
6217,control,onboarding_checklist_v1,2025-03-21
6218,control,onboarding_checklist_v1,2025-02-03
6219,treatment,onboarding_checklist_v1,2025-01-05
6220,treatment,onboarding_checklist_v1,2025-06-19
6221,treatment,onboarding_checklist_v1,2025-02-20
6222,treatment,onboarding_checklist_v1,2025-02-24
6223,treatment,onboarding_checklist_v1,2025-05-04
6224,treatment,onboarding_checklist_v1,2025-02-16
6225,control,onboarding_checklist_v1,2025-03-10
6226,control,onboarding_checklist_v1,2025-05-09
6227,control,onboarding_checklist_v1,2025-04-18
6228,treatment,onboarding_checklist_v1,2025-04-29
6229,treatment,onboarding_checklist_v1,2025-01-01
6230,treatment,onboarding_checklist_v1,2025-03-23
6231,treatment,onboarding_checklist_v1,2025-03-28
6232,treatment,onboarding_checklist_v1,2025-04-25
6233,control,onboarding_checklist_v1,2025-01-28
6234,control,onboarding_checklist_v1,2025-01-29
6235,treatment,onboarding_checklist_v1,2025-05-19
6236,treatment,onboarding_checklist_v1,2025-05-02
6237,treatment,onboarding_checklist_v1,2025-05-27
6238,control,onboarding_checklist_v1,2025-02-18
6239,treatment,onboarding_checklist_v1,2025-06-30
6240,treatment,onboarding_checklist_v1,2025-02-19
6241,treatment,onboarding_checklist_v1,2025-04-28
6242,control,onboarding_checklist_v1,2025-01-30
6243,treatment,onboarding_checklist_v1,2025-06-16
6244,treatment,onboarding_checklist_v1,2025-03-02
6245,treatment,onboarding_checklist_v1,2025-05-26
6246,treatment,onboarding_checklist_v1,2025-03-01
6247,treatment,onboarding_checklist_v1,2025-05-24
6248,treatment,onboarding_checklist_v1,2025-03-24
6249,treatment,onboarding_checklist_v1,2025-01-12
6250,control,onboarding_checklist_v1,2025-02-04
6251,control,onboarding_checklist_v1,2025-05-04
6252,control,onboarding_checklist_v1,2025-02-04
6253,treatment,onboarding_checklist_v1,2025-02-19
6254,control,onboarding_checklist_v1,2025-04-09
6255,control,onboarding_checklist_v1,2025-02-15
6256,treatment,onboarding_checklist_v1,2025-01-24
6257,treatment,onboarding_checklist_v1,2025-04-23
6258,control,onboarding_checklist_v1,2025-05-05
6259,control,onboarding_checklist_v1,2025-05-13
6260,treatment,onboarding_checklist_v1,2025-06-20
6261,control,onboarding_checklist_v1,2025-01-23
6262,control,onboarding_checklist_v1,2025-03-19
6263,control,onboarding_checklist_v1,2025-02-12
6264,control,onboarding_checklist_v1,2025-06-13
6265,treatment,onboarding_checklist_v1,2025-04-08
6266,control,onboarding_checklist_v1,2025-01-18
6267,treatment,onboarding_checklist_v1,2025-05-06
6268,control,onboarding_checklist_v1,2025-01-08
6269,control,onboarding_checklist_v1,2025-02-19
6270,control,onboarding_checklist_v1,2025-05-11
6271,treatment,onboarding_checklist_v1,2025-04-02
6272,control,onboarding_checklist_v1,2025-05-18
6273,control,onboarding_checklist_v1,2025-04-14
6274,control,onboarding_checklist_v1,2025-06-02
6275,treatment,onboarding_checklist_v1,2025-04-12
6276,control,onboarding_checklist_v1,2025-01-11
6277,treatment,onboarding_checklist_v1,2025-01-13
6278,treatment,onboarding_checklist_v1,2025-05-21
6279,treatment,onboarding_checklist_v1,2025-01-07
6280,treatment,onboarding_checklist_v1,2025-03-10
6281,control,onboarding_checklist_v1,2025-01-03
6282,treatment,onboarding_checklist_v1,2025-02-24
6283,treatment,onboarding_checklist_v1,2025-04-18
6284,control,onboarding_checklist_v1,2025-02-01
6285,treatment,onboarding_checklist_v1,2025-03-26
6286,control,onboarding_checklist_v1,2025-06-30
6287,treatment,onboarding_checklist_v1,2025-01-13
6288,treatment,onboarding_checklist_v1,2025-01-12
6289,treatment,onboarding_checklist_v1,2025-02-19
6290,control,onboarding_checklist_v1,2025-05-30
6291,treatment,onboarding_checklist_v1,2025-03-15
6292,treatment,onboarding_checklist_v1,2025-04-26
6293,control,onboarding_checklist_v1,2025-01-07
6294,treatment,onboarding_checklist_v1,2025-05-14
6295,treatment,onboarding_checklist_v1,2025-01-13
6296,treatment,onboarding_checklist_v1,2025-05-09
6297,treatment,onboarding_checklist_v1,2025-01-27
6298,control,onboarding_checklist_v1,2025-06-05
6299,control,onboarding_checklist_v1,2025-02-23
6300,control,onboarding_checklist_v1,2025-02-03
6301,control,onboarding_checklist_v1,2025-03-02
6302,control,onboarding_checklist_v1,2025-01-01
6303,treatment,onboarding_checklist_v1,2025-01-30
6304,control,onboarding_checklist_v1,2025-04-19
6305,treatment,onboarding_checklist_v1,2025-02-24
6306,control,onboarding_checklist_v1,2025-03-06
6307,control,onboarding_checklist_v1,2025-05-27
6308,treatment,onboarding_checklist_v1,2025-01-23
6309,treatment,onboarding_checklist_v1,2025-03-13
6310,control,onboarding_checklist_v1,2025-02-03
6311,treatment,onboarding_checklist_v1,2025-03-29
6312,control,onboarding_checklist_v1,2025-03-02
6313,control,onboarding_checklist_v1,2025-01-09
6314,control,onboarding_checklist_v1,2025-01-13
6315,treatment,onboarding_checklist_v1,2025-06-04
6316,control,onboarding_checklist_v1,2025-01-11
6317,treatment,onboarding_checklist_v1,2025-05-22
6318,treatment,onboarding_checklist_v1,2025-06-15
6319,control,onboarding_checklist_v1,2025-03-26
6320,treatment,onboarding_checklist_v1,2025-02-26
6321,control,onboarding_checklist_v1,2025-05-21
6322,control,onboarding_checklist_v1,2025-06-27
6323,control,onboarding_checklist_v1,2025-01-22
6324,control,onboarding_checklist_v1,2025-06-24
6325,control,onboarding_checklist_v1,2025-06-20
6326,control,onboarding_checklist_v1,2025-01-26
6327,treatment,onboarding_checklist_v1,2025-01-10
6328,control,onboarding_checklist_v1,2025-05-10
6329,control,onboarding_checklist_v1,2025-01-15
6330,treatment,onboarding_checklist_v1,2025-04-19
6331,control,onboarding_checklist_v1,2025-01-12
6332,treatment,onboarding_checklist_v1,2025-05-06
6333,treatment,onboarding_checklist_v1,2025-02-11
6334,control,onboarding_checklist_v1,2025-01-18
6335,control,onboarding_checklist_v1,2025-01-13
6336,control,onboarding_checklist_v1,2025-02-04
6337,control,onboarding_checklist_v1,2025-04-08
6338,treatment,onboarding_checklist_v1,2025-01-14
6339,treatment,onboarding_checklist_v1,2025-05-26
6340,treatment,onboarding_checklist_v1,2025-04-20
6341,control,onboarding_checklist_v1,2025-02-23
6342,treatment,onboarding_checklist_v1,2025-06-28
6343,control,onboarding_checklist_v1,2025-04-30
6344,treatment,onboarding_checklist_v1,2025-05-02
6345,treatment,onboarding_checklist_v1,2025-02-01
6346,control,onboarding_checklist_v1,2025-05-09
6347,control,onboarding_checklist_v1,2025-04-12
6348,control,onboarding_checklist_v1,2025-06-28
6349,treatment,onboarding_checklist_v1,2025-03-28
6350,control,onboarding_checklist_v1,2025-05-03
6351,treatment,onboarding_checklist_v1,2025-03-03
6352,treatment,onboarding_checklist_v1,2025-01-08
6353,control,onboarding_checklist_v1,2025-01-24
6354,treatment,onboarding_checklist_v1,2025-06-06
6355,control,onboarding_checklist_v1,2025-05-14
6356,control,onboarding_checklist_v1,2025-03-08
6357,treatment,onboarding_checklist_v1,2025-05-07
6358,control,onboarding_checklist_v1,2025-01-01
6359,treatment,onboarding_checklist_v1,2025-01-07
6360,treatment,onboarding_checklist_v1,2025-04-02
6361,control,onboarding_checklist_v1,2025-04-24
6362,treatment,onboarding_checklist_v1,2025-06-19
6363,control,onboarding_checklist_v1,2025-05-18
6364,treatment,onboarding_checklist_v1,2025-02-16
6365,treatment,onboarding_checklist_v1,2025-05-28
6366,treatment,onboarding_checklist_v1,2025-03-30
6367,treatment,onboarding_checklist_v1,2025-05-30
6368,control,onboarding_checklist_v1,2025-02-01
6369,treatment,onboarding_checklist_v1,2025-01-05
6370,control,onboarding_checklist_v1,2025-01-11
6371,treatment,onboarding_checklist_v1,2025-06-29
6372,control,onboarding_checklist_v1,2025-01-15
6373,control,onboarding_checklist_v1,2025-06-20
6374,control,onboarding_checklist_v1,2025-05-12
6375,control,onboarding_checklist_v1,2025-01-27
6376,control,onboarding_checklist_v1,2025-06-06
6377,control,onboarding_checklist_v1,2025-01-27
6378,treatment,onboarding_checklist_v1,2025-01-26
6379,treatment,onboarding_checklist_v1,2025-04-15
6380,control,onboarding_checklist_v1,2025-02-22
6381,treatment,onboarding_checklist_v1,2025-02-22
6382,control,onboarding_checklist_v1,2025-02-05
6383,treatment,onboarding_checklist_v1,2025-04-20
6384,control,onboarding_checklist_v1,2025-01-05
6385,treatment,onboarding_checklist_v1,2025-02-14
6386,control,onboarding_checklist_v1,2025-04-11
6387,control,onboarding_checklist_v1,2025-03-30
6388,treatment,onboarding_checklist_v1,2025-05-07
6389,treatment,onboarding_checklist_v1,2025-02-09
6390,treatment,onboarding_checklist_v1,2025-04-28
6391,control,onboarding_checklist_v1,2025-05-18
6392,treatment,onboarding_checklist_v1,2025-03-12
6393,treatment,onboarding_checklist_v1,2025-02-16
6394,control,onboarding_checklist_v1,2025-04-11
6395,control,onboarding_checklist_v1,2025-04-15
6396,control,onboarding_checklist_v1,2025-01-18
6397,control,onboarding_checklist_v1,2025-04-13
6398,control,onboarding_checklist_v1,2025-01-28
6399,control,onboarding_checklist_v1,2025-04-13
6400,treatment,onboarding_checklist_v1,2025-06-18
6401,treatment,onboarding_checklist_v1,2025-04-08
6402,treatment,onboarding_checklist_v1,2025-05-18
6403,treatment,onboarding_checklist_v1,2025-02-26
6404,control,onboarding_checklist_v1,2025-06-17
6405,treatment,onboarding_checklist_v1,2025-05-28
6406,treatment,onboarding_checklist_v1,2025-06-15
6407,treatment,onboarding_checklist_v1,2025-05-15
6408,control,onboarding_checklist_v1,2025-04-28
6409,treatment,onboarding_checklist_v1,2025-04-06
6410,treatment,onboarding_checklist_v1,2025-06-18
6411,treatment,onboarding_checklist_v1,2025-06-03
6412,treatment,onboarding_checklist_v1,2025-03-17
6413,treatment,onboarding_checklist_v1,2025-01-16
6414,treatment,onboarding_checklist_v1,2025-01-01
6415,treatment,onboarding_checklist_v1,2025-02-12
6416,treatment,onboarding_checklist_v1,2025-01-12
6417,treatment,onboarding_checklist_v1,2025-02-08
6418,control,onboarding_checklist_v1,2025-01-20
6419,treatment,onboarding_checklist_v1,2025-06-27
6420,control,onboarding_checklist_v1,2025-01-18
6421,control,onboarding_checklist_v1,2025-04-24
6422,control,onboarding_checklist_v1,2025-03-05
6423,control,onboarding_checklist_v1,2025-02-01
6424,control,onboarding_checklist_v1,2025-05-07
6425,control,onboarding_checklist_v1,2025-06-25
6426,control,onboarding_checklist_v1,2025-05-24
6427,treatment,onboarding_checklist_v1,2025-06-26
6428,treatment,onboarding_checklist_v1,2025-04-17
6429,treatment,onboarding_checklist_v1,2025-05-02
6430,control,onboarding_checklist_v1,2025-01-27
6431,control,onboarding_checklist_v1,2025-06-04
6432,treatment,onboarding_checklist_v1,2025-05-16
6433,control,onboarding_checklist_v1,2025-02-15
6434,treatment,onboarding_checklist_v1,2025-03-06
6435,treatment,onboarding_checklist_v1,2025-04-21
6436,treatment,onboarding_checklist_v1,2025-01-03
6437,control,onboarding_checklist_v1,2025-05-29
6438,control,onboarding_checklist_v1,2025-02-20
6439,treatment,onboarding_checklist_v1,2025-01-14
6440,control,onboarding_checklist_v1,2025-03-01
6441,treatment,onboarding_checklist_v1,2025-06-01
6442,treatment,onboarding_checklist_v1,2025-02-19
6443,control,onboarding_checklist_v1,2025-04-08
6444,control,onboarding_checklist_v1,2025-05-27
6445,control,onboarding_checklist_v1,2025-01-07
6446,control,onboarding_checklist_v1,2025-05-18
6447,treatment,onboarding_checklist_v1,2025-02-22
6448,treatment,onboarding_checklist_v1,2025-05-06
6449,treatment,onboarding_checklist_v1,2025-02-04
6450,control,onboarding_checklist_v1,2025-01-26
6451,control,onboarding_checklist_v1,2025-05-23
6452,treatment,onboarding_checklist_v1,2025-05-27
6453,treatment,onboarding_checklist_v1,2025-06-27
6454,treatment,onboarding_checklist_v1,2025-05-03
6455,treatment,onboarding_checklist_v1,2025-03-26
6456,treatment,onboarding_checklist_v1,2025-02-05
6457,control,onboarding_checklist_v1,2025-02-23
6458,control,onboarding_checklist_v1,2025-04-28
6459,treatment,onboarding_checklist_v1,2025-03-04
6460,control,onboarding_checklist_v1,2025-03-29
6461,treatment,onboarding_checklist_v1,2025-01-31
6462,control,onboarding_checklist_v1,2025-03-21
6463,control,onboarding_checklist_v1,2025-02-13
6464,control,onboarding_checklist_v1,2025-01-21
6465,treatment,onboarding_checklist_v1,2025-01-24
6466,treatment,onboarding_checklist_v1,2025-04-04
6467,control,onboarding_checklist_v1,2025-03-08
6468,control,onboarding_checklist_v1,2025-01-19
6469,control,onboarding_checklist_v1,2025-04-04
6470,control,onboarding_checklist_v1,2025-01-30
6471,treatment,onboarding_checklist_v1,2025-01-03
6472,control,onboarding_checklist_v1,2025-01-24
6473,control,onboarding_checklist_v1,2025-03-23
6474,control,onboarding_checklist_v1,2025-06-22
6475,treatment,onboarding_checklist_v1,2025-02-13
6476,treatment,onboarding_checklist_v1,2025-02-21
6477,treatment,onboarding_checklist_v1,2025-02-13
6478,treatment,onboarding_checklist_v1,2025-03-06
6479,treatment,onboarding_checklist_v1,2025-05-10
6480,control,onboarding_checklist_v1,2025-02-28
6481,treatment,onboarding_checklist_v1,2025-04-30
6482,treatment,onboarding_checklist_v1,2025-06-12
6483,control,onboarding_checklist_v1,2025-06-21
6484,treatment,onboarding_checklist_v1,2025-04-12
6485,treatment,onboarding_checklist_v1,2025-05-10
6486,treatment,onboarding_checklist_v1,2025-06-16
6487,control,onboarding_checklist_v1,2025-05-23
6488,control,onboarding_checklist_v1,2025-02-24
6489,treatment,onboarding_checklist_v1,2025-01-24
6490,control,onboarding_checklist_v1,2025-01-21
6491,control,onboarding_checklist_v1,2025-06-09
6492,control,onboarding_checklist_v1,2025-04-11
6493,control,onboarding_checklist_v1,2025-02-23
6494,treatment,onboarding_checklist_v1,2025-03-04
6495,treatment,onboarding_checklist_v1,2025-02-20
6496,treatment,onboarding_checklist_v1,2025-05-26
6497,control,onboarding_checklist_v1,2025-04-21
6498,control,onboarding_checklist_v1,2025-06-09
6499,control,onboarding_checklist_v1,2025-02-24
6500,control,onboarding_checklist_v1,2025-03-27
6501,treatment,onboarding_checklist_v1,2025-01-23
6502,control,onboarding_checklist_v1,2025-06-25
6503,control,onboarding_checklist_v1,2025-04-03
6504,treatment,onboarding_checklist_v1,2025-04-11
6505,treatment,onboarding_checklist_v1,2025-03-16
6506,control,onboarding_checklist_v1,2025-02-19
6507,treatment,onboarding_checklist_v1,2025-06-21
6508,treatment,onboarding_checklist_v1,2025-03-30
6509,treatment,onboarding_checklist_v1,2025-05-03
6510,treatment,onboarding_checklist_v1,2025-01-07
6511,control,onboarding_checklist_v1,2025-02-19
6512,control,onboarding_checklist_v1,2025-05-26
6513,control,onboarding_checklist_v1,2025-01-16
6514,treatment,onboarding_checklist_v1,2025-01-19
6515,treatment,onboarding_checklist_v1,2025-05-27
6516,treatment,onboarding_checklist_v1,2025-02-25
6517,treatment,onboarding_checklist_v1,2025-02-19
6518,control,onboarding_checklist_v1,2025-04-13
6519,control,onboarding_checklist_v1,2025-02-05
6520,control,onboarding_checklist_v1,2025-01-08
6521,control,onboarding_checklist_v1,2025-01-01
6522,treatment,onboarding_checklist_v1,2025-01-15
6523,treatment,onboarding_checklist_v1,2025-01-29
6524,control,onboarding_checklist_v1,2025-05-06
6525,treatment,onboarding_checklist_v1,2025-02-23
6526,control,onboarding_checklist_v1,2025-01-13
6527,treatment,onboarding_checklist_v1,2025-01-03
6528,control,onboarding_checklist_v1,2025-03-28
6529,treatment,onboarding_checklist_v1,2025-06-02
6530,control,onboarding_checklist_v1,2025-03-03
6531,control,onboarding_checklist_v1,2025-01-12
6532,treatment,onboarding_checklist_v1,2025-02-11
6533,control,onboarding_checklist_v1,2025-04-01
6534,control,onboarding_checklist_v1,2025-02-04
6535,control,onboarding_checklist_v1,2025-06-27
6536,treatment,onboarding_checklist_v1,2025-05-19
6537,control,onboarding_checklist_v1,2025-03-04
6538,treatment,onboarding_checklist_v1,2025-06-22
6539,treatment,onboarding_checklist_v1,2025-02-28
6540,treatment,onboarding_checklist_v1,2025-01-26
6541,control,onboarding_checklist_v1,2025-06-19
6542,treatment,onboarding_checklist_v1,2025-06-23
6543,control,onboarding_checklist_v1,2025-02-26
6544,treatment,onboarding_checklist_v1,2025-04-18
6545,control,onboarding_checklist_v1,2025-02-01
6546,treatment,onboarding_checklist_v1,2025-04-27
6547,treatment,onboarding_checklist_v1,2025-05-05
6548,control,onboarding_checklist_v1,2025-05-09
6549,control,onboarding_checklist_v1,2025-04-13
6550,control,onboarding_checklist_v1,2025-05-08
6551,treatment,onboarding_checklist_v1,2025-04-11
6552,control,onboarding_checklist_v1,2025-05-29
6553,treatment,onboarding_checklist_v1,2025-02-02
6554,treatment,onboarding_checklist_v1,2025-03-29
6555,treatment,onboarding_checklist_v1,2025-03-17
6556,control,onboarding_checklist_v1,2025-04-07
6557,control,onboarding_checklist_v1,2025-01-26
6558,control,onboarding_checklist_v1,2025-02-28
6559,treatment,onboarding_checklist_v1,2025-06-22
6560,control,onboarding_checklist_v1,2025-01-20
6561,control,onboarding_checklist_v1,2025-04-25
6562,control,onboarding_checklist_v1,2025-05-01
6563,treatment,onboarding_checklist_v1,2025-03-27
6564,treatment,onboarding_checklist_v1,2025-01-07
6565,control,onboarding_checklist_v1,2025-01-07
6566,control,onboarding_checklist_v1,2025-02-19
6567,control,onboarding_checklist_v1,2025-01-19
6568,control,onboarding_checklist_v1,2025-01-18
6569,treatment,onboarding_checklist_v1,2025-01-29
6570,control,onboarding_checklist_v1,2025-02-04
6571,treatment,onboarding_checklist_v1,2025-06-01
6572,treatment,onboarding_checklist_v1,2025-04-26
6573,treatment,onboarding_checklist_v1,2025-01-06
6574,control,onboarding_checklist_v1,2025-04-24
6575,treatment,onboarding_checklist_v1,2025-01-25
6576,control,onboarding_checklist_v1,2025-03-18
6577,control,onboarding_checklist_v1,2025-01-07
6578,treatment,onboarding_checklist_v1,2025-01-17
6579,control,onboarding_checklist_v1,2025-01-24
6580,control,onboarding_checklist_v1,2025-03-20
6581,control,onboarding_checklist_v1,2025-03-25
6582,control,onboarding_checklist_v1,2025-03-05
6583,treatment,onboarding_checklist_v1,2025-04-23
6584,treatment,onboarding_checklist_v1,2025-05-11
6585,treatment,onboarding_checklist_v1,2025-05-12
6586,control,onboarding_checklist_v1,2025-04-15
6587,control,onboarding_checklist_v1,2025-04-09
6588,control,onboarding_checklist_v1,2025-03-30
6589,treatment,onboarding_checklist_v1,2025-02-13
6590,treatment,onboarding_checklist_v1,2025-03-30
6591,treatment,onboarding_checklist_v1,2025-01-02
6592,treatment,onboarding_checklist_v1,2025-06-24
6593,treatment,onboarding_checklist_v1,2025-03-08
6594,control,onboarding_checklist_v1,2025-05-17
6595,treatment,onboarding_checklist_v1,2025-06-23
6596,treatment,onboarding_checklist_v1,2025-03-31
6597,treatment,onboarding_checklist_v1,2025-06-05
6598,control,onboarding_checklist_v1,2025-03-28
6599,treatment,onboarding_checklist_v1,2025-01-24
6600,control,onboarding_checklist_v1,2025-01-05
6601,treatment,onboarding_checklist_v1,2025-01-25
6602,treatment,onboarding_checklist_v1,2025-06-20
6603,treatment,onboarding_checklist_v1,2025-03-27
6604,control,onboarding_checklist_v1,2025-02-27
6605,control,onboarding_checklist_v1,2025-03-22
6606,treatment,onboarding_checklist_v1,2025-02-16
6607,treatment,onboarding_checklist_v1,2025-06-07
6608,treatment,onboarding_checklist_v1,2025-06-30
6609,control,onboarding_checklist_v1,2025-01-16
6610,treatment,onboarding_checklist_v1,2025-05-11
6611,treatment,onboarding_checklist_v1,2025-03-02
6612,control,onboarding_checklist_v1,2025-01-09
6613,control,onboarding_checklist_v1,2025-06-16
6614,treatment,onboarding_checklist_v1,2025-01-12
6615,control,onboarding_checklist_v1,2025-02-07
6616,treatment,onboarding_checklist_v1,2025-01-05
6617,treatment,onboarding_checklist_v1,2025-03-27
6618,control,onboarding_checklist_v1,2025-04-19
6619,control,onboarding_checklist_v1,2025-02-28
6620,treatment,onboarding_checklist_v1,2025-01-13
6621,treatment,onboarding_checklist_v1,2025-01-22
6622,treatment,onboarding_checklist_v1,2025-06-18
6623,treatment,onboarding_checklist_v1,2025-05-26
6624,treatment,onboarding_checklist_v1,2025-06-19
6625,treatment,onboarding_checklist_v1,2025-04-07
6626,treatment,onboarding_checklist_v1,2025-04-09
6627,treatment,onboarding_checklist_v1,2025-05-23
6628,control,onboarding_checklist_v1,2025-04-22
6629,control,onboarding_checklist_v1,2025-03-20
6630,treatment,onboarding_checklist_v1,2025-02-22
6631,control,onboarding_checklist_v1,2025-03-29
6632,treatment,onboarding_checklist_v1,2025-01-12
6633,treatment,onboarding_checklist_v1,2025-02-04
6634,control,onboarding_checklist_v1,2025-05-14
6635,control,onboarding_checklist_v1,2025-06-07
6636,treatment,onboarding_checklist_v1,2025-01-19
6637,control,onboarding_checklist_v1,2025-01-18
6638,treatment,onboarding_checklist_v1,2025-01-16
6639,treatment,onboarding_checklist_v1,2025-05-24
6640,control,onboarding_checklist_v1,2025-02-26
6641,treatment,onboarding_checklist_v1,2025-03-01
6642,treatment,onboarding_checklist_v1,2025-01-03
6643,control,onboarding_checklist_v1,2025-06-26
6644,control,onboarding_checklist_v1,2025-03-20
6645,control,onboarding_checklist_v1,2025-05-25
6646,treatment,onboarding_checklist_v1,2025-05-09
6647,control,onboarding_checklist_v1,2025-01-26
6648,control,onboarding_checklist_v1,2025-05-26
6649,control,onboarding_checklist_v1,2025-04-10
6650,control,onboarding_checklist_v1,2025-04-20
6651,control,onboarding_checklist_v1,2025-02-06
6652,treatment,onboarding_checklist_v1,2025-06-03
6653,control,onboarding_checklist_v1,2025-06-18
6654,treatment,onboarding_checklist_v1,2025-03-15
6655,control,onboarding_checklist_v1,2025-01-17
6656,control,onboarding_checklist_v1,2025-06-03
6657,control,onboarding_checklist_v1,2025-06-10
6658,treatment,onboarding_checklist_v1,2025-04-02
6659,treatment,onboarding_checklist_v1,2025-04-15
6660,control,onboarding_checklist_v1,2025-02-10
6661,treatment,onboarding_checklist_v1,2025-01-13
6662,control,onboarding_checklist_v1,2025-06-20
6663,treatment,onboarding_checklist_v1,2025-03-29
6664,treatment,onboarding_checklist_v1,2025-02-19
6665,control,onboarding_checklist_v1,2025-05-06
6666,control,onboarding_checklist_v1,2025-01-05
6667,control,onboarding_checklist_v1,2025-01-15
6668,treatment,onboarding_checklist_v1,2025-02-13
6669,control,onboarding_checklist_v1,2025-03-23
6670,treatment,onboarding_checklist_v1,2025-03-08
6671,control,onboarding_checklist_v1,2025-02-03
6672,treatment,onboarding_checklist_v1,2025-03-05
6673,control,onboarding_checklist_v1,2025-03-02
6674,treatment,onboarding_checklist_v1,2025-04-05
6675,control,onboarding_checklist_v1,2025-04-12
6676,control,onboarding_checklist_v1,2025-06-09
6677,control,onboarding_checklist_v1,2025-05-27
6678,treatment,onboarding_checklist_v1,2025-02-22
6679,control,onboarding_checklist_v1,2025-06-13
6680,treatment,onboarding_checklist_v1,2025-04-05
6681,treatment,onboarding_checklist_v1,2025-02-03
6682,control,onboarding_checklist_v1,2025-03-03
6683,control,onboarding_checklist_v1,2025-05-15
6684,control,onboarding_checklist_v1,2025-05-29
6685,control,onboarding_checklist_v1,2025-03-09
6686,control,onboarding_checklist_v1,2025-01-29
6687,treatment,onboarding_checklist_v1,2025-02-04
6688,control,onboarding_checklist_v1,2025-01-19
6689,control,onboarding_checklist_v1,2025-05-07
6690,treatment,onboarding_checklist_v1,2025-04-02
6691,control,onboarding_checklist_v1,2025-03-23
6692,treatment,onboarding_checklist_v1,2025-05-02
6693,treatment,onboarding_checklist_v1,2025-05-30
6694,control,onboarding_checklist_v1,2025-05-24
6695,treatment,onboarding_checklist_v1,2025-01-25
6696,treatment,onboarding_checklist_v1,2025-04-17
6697,treatment,onboarding_checklist_v1,2025-06-09
6698,treatment,onboarding_checklist_v1,2025-05-21
6699,treatment,onboarding_checklist_v1,2025-03-01
6700,treatment,onboarding_checklist_v1,2025-03-13
6701,treatment,onboarding_checklist_v1,2025-06-11
6702,treatment,onboarding_checklist_v1,2025-01-06
6703,treatment,onboarding_checklist_v1,2025-04-06
6704,treatment,onboarding_checklist_v1,2025-01-22
6705,control,onboarding_checklist_v1,2025-06-11
6706,treatment,onboarding_checklist_v1,2025-01-08
6707,control,onboarding_checklist_v1,2025-01-05
6708,control,onboarding_checklist_v1,2025-03-01
6709,control,onboarding_checklist_v1,2025-02-06
6710,control,onboarding_checklist_v1,2025-03-31
6711,treatment,onboarding_checklist_v1,2025-02-24
6712,control,onboarding_checklist_v1,2025-03-06
6713,treatment,onboarding_checklist_v1,2025-04-13
6714,treatment,onboarding_checklist_v1,2025-04-12
6715,control,onboarding_checklist_v1,2025-06-19
6716,control,onboarding_checklist_v1,2025-03-28
6717,treatment,onboarding_checklist_v1,2025-04-13
6718,treatment,onboarding_checklist_v1,2025-05-03
6719,control,onboarding_checklist_v1,2025-02-01
6720,control,onboarding_checklist_v1,2025-05-01
6721,control,onboarding_checklist_v1,2025-06-06
6722,control,onboarding_checklist_v1,2025-02-27
6723,control,onboarding_checklist_v1,2025-02-02
6724,treatment,onboarding_checklist_v1,2025-03-04
6725,control,onboarding_checklist_v1,2025-02-19
6726,control,onboarding_checklist_v1,2025-04-16
6727,treatment,onboarding_checklist_v1,2025-06-06
6728,treatment,onboarding_checklist_v1,2025-04-18
6729,control,onboarding_checklist_v1,2025-01-23
6730,treatment,onboarding_checklist_v1,2025-02-26
6731,treatment,onboarding_checklist_v1,2025-05-05
6732,control,onboarding_checklist_v1,2025-03-01
6733,control,onboarding_checklist_v1,2025-04-17
6734,treatment,onboarding_checklist_v1,2025-05-06
6735,treatment,onboarding_checklist_v1,2025-03-01
6736,treatment,onboarding_checklist_v1,2025-04-28
6737,control,onboarding_checklist_v1,2025-03-14
6738,treatment,onboarding_checklist_v1,2025-01-25
6739,control,onboarding_checklist_v1,2025-03-09
6740,treatment,onboarding_checklist_v1,2025-03-21
6741,treatment,onboarding_checklist_v1,2025-01-01
6742,control,onboarding_checklist_v1,2025-06-11
6743,control,onboarding_checklist_v1,2025-04-06
6744,treatment,onboarding_checklist_v1,2025-01-07
6745,treatment,onboarding_checklist_v1,2025-06-07
6746,control,onboarding_checklist_v1,2025-06-04
6747,treatment,onboarding_checklist_v1,2025-01-03
6748,control,onboarding_checklist_v1,2025-01-30
6749,control,onboarding_checklist_v1,2025-03-07
6750,control,onboarding_checklist_v1,2025-04-02
6751,treatment,onboarding_checklist_v1,2025-05-12
6752,control,onboarding_checklist_v1,2025-03-18
6753,treatment,onboarding_checklist_v1,2025-04-21
6754,control,onboarding_checklist_v1,2025-01-02
6755,treatment,onboarding_checklist_v1,2025-04-30
6756,treatment,onboarding_checklist_v1,2025-06-15
6757,control,onboarding_checklist_v1,2025-04-06
6758,control,onboarding_checklist_v1,2025-03-24
6759,control,onboarding_checklist_v1,2025-02-23
6760,control,onboarding_checklist_v1,2025-06-22
6761,treatment,onboarding_checklist_v1,2025-01-07
6762,treatment,onboarding_checklist_v1,2025-02-21
6763,control,onboarding_checklist_v1,2025-01-26
6764,treatment,onboarding_checklist_v1,2025-06-06
6765,control,onboarding_checklist_v1,2025-03-29
6766,control,onboarding_checklist_v1,2025-06-16
6767,control,onboarding_checklist_v1,2025-05-01
6768,control,onboarding_checklist_v1,2025-04-11
6769,treatment,onboarding_checklist_v1,2025-04-04
6770,control,onboarding_checklist_v1,2025-02-06
6771,treatment,onboarding_checklist_v1,2025-04-12
6772,control,onboarding_checklist_v1,2025-05-05
6773,treatment,onboarding_checklist_v1,2025-06-24
6774,control,onboarding_checklist_v1,2025-04-10
6775,control,onboarding_checklist_v1,2025-06-19
6776,control,onboarding_checklist_v1,2025-06-20
6777,control,onboarding_checklist_v1,2025-04-05
6778,control,onboarding_checklist_v1,2025-03-21
6779,control,onboarding_checklist_v1,2025-01-26
6780,treatment,onboarding_checklist_v1,2025-02-18
6781,control,onboarding_checklist_v1,2025-06-09
6782,treatment,onboarding_checklist_v1,2025-01-26
6783,treatment,onboarding_checklist_v1,2025-03-13
6784,treatment,onboarding_checklist_v1,2025-05-07
6785,treatment,onboarding_checklist_v1,2025-02-13
6786,control,onboarding_checklist_v1,2025-06-26
6787,treatment,onboarding_checklist_v1,2025-04-28
6788,treatment,onboarding_checklist_v1,2025-01-06
6789,treatment,onboarding_checklist_v1,2025-02-14
6790,control,onboarding_checklist_v1,2025-05-15
6791,treatment,onboarding_checklist_v1,2025-06-06
6792,control,onboarding_checklist_v1,2025-06-17
6793,control,onboarding_checklist_v1,2025-06-04
6794,control,onboarding_checklist_v1,2025-01-14
6795,control,onboarding_checklist_v1,2025-05-13
6796,treatment,onboarding_checklist_v1,2025-01-20
6797,treatment,onboarding_checklist_v1,2025-01-14
6798,control,onboarding_checklist_v1,2025-05-06
6799,treatment,onboarding_checklist_v1,2025-03-28
6800,treatment,onboarding_checklist_v1,2025-04-28
6801,treatment,onboarding_checklist_v1,2025-06-04
6802,treatment,onboarding_checklist_v1,2025-01-13
6803,control,onboarding_checklist_v1,2025-04-06
6804,control,onboarding_checklist_v1,2025-06-01
6805,treatment,onboarding_checklist_v1,2025-03-21
6806,control,onboarding_checklist_v1,2025-04-05
6807,treatment,onboarding_checklist_v1,2025-04-01
6808,treatment,onboarding_checklist_v1,2025-06-14
6809,treatment,onboarding_checklist_v1,2025-01-10
6810,control,onboarding_checklist_v1,2025-06-08
6811,treatment,onboarding_checklist_v1,2025-05-28
6812,treatment,onboarding_checklist_v1,2025-05-28
6813,control,onboarding_checklist_v1,2025-03-16
6814,control,onboarding_checklist_v1,2025-04-04
6815,control,onboarding_checklist_v1,2025-03-08
6816,control,onboarding_checklist_v1,2025-02-15
6817,treatment,onboarding_checklist_v1,2025-06-08
6818,treatment,onboarding_checklist_v1,2025-04-02
6819,control,onboarding_checklist_v1,2025-05-11
6820,treatment,onboarding_checklist_v1,2025-01-19
6821,control,onboarding_checklist_v1,2025-05-23
6822,control,onboarding_checklist_v1,2025-04-30
6823,control,onboarding_checklist_v1,2025-06-30
6824,treatment,onboarding_checklist_v1,2025-01-25
6825,treatment,onboarding_checklist_v1,2025-04-08
6826,treatment,onboarding_checklist_v1,2025-04-03
6827,treatment,onboarding_checklist_v1,2025-04-08
6828,control,onboarding_checklist_v1,2025-01-10
6829,treatment,onboarding_checklist_v1,2025-03-27
6830,control,onboarding_checklist_v1,2025-02-24
6831,control,onboarding_checklist_v1,2025-04-22
6832,treatment,onboarding_checklist_v1,2025-02-12
6833,control,onboarding_checklist_v1,2025-03-20
6834,control,onboarding_checklist_v1,2025-04-23
6835,control,onboarding_checklist_v1,2025-01-12
6836,control,onboarding_checklist_v1,2025-05-23
6837,treatment,onboarding_checklist_v1,2025-05-10
6838,control,onboarding_checklist_v1,2025-01-11
6839,treatment,onboarding_checklist_v1,2025-01-12
6840,treatment,onboarding_checklist_v1,2025-06-03
6841,treatment,onboarding_checklist_v1,2025-02-21
6842,control,onboarding_checklist_v1,2025-06-05
6843,treatment,onboarding_checklist_v1,2025-04-01
6844,control,onboarding_checklist_v1,2025-03-03
6845,control,onboarding_checklist_v1,2025-02-19
6846,treatment,onboarding_checklist_v1,2025-04-30
6847,control,onboarding_checklist_v1,2025-01-20
6848,treatment,onboarding_checklist_v1,2025-03-14
6849,control,onboarding_checklist_v1,2025-03-04
6850,treatment,onboarding_checklist_v1,2025-01-28
6851,treatment,onboarding_checklist_v1,2025-03-05
6852,treatment,onboarding_checklist_v1,2025-04-06
6853,control,onboarding_checklist_v1,2025-05-03
6854,control,onboarding_checklist_v1,2025-01-16
6855,treatment,onboarding_checklist_v1,2025-06-07
6856,treatment,onboarding_checklist_v1,2025-06-09
6857,control,onboarding_checklist_v1,2025-05-06
6858,control,onboarding_checklist_v1,2025-06-17
6859,treatment,onboarding_checklist_v1,2025-03-19
6860,treatment,onboarding_checklist_v1,2025-05-29
6861,treatment,onboarding_checklist_v1,2025-05-12
6862,treatment,onboarding_checklist_v1,2025-04-12
6863,control,onboarding_checklist_v1,2025-02-02
6864,control,onboarding_checklist_v1,2025-04-11
6865,treatment,onboarding_checklist_v1,2025-06-13
6866,treatment,onboarding_checklist_v1,2025-06-28
6867,control,onboarding_checklist_v1,2025-03-23
6868,treatment,onboarding_checklist_v1,2025-02-14
6869,control,onboarding_checklist_v1,2025-05-16
6870,control,onboarding_checklist_v1,2025-01-14
6871,treatment,onboarding_checklist_v1,2025-01-28
6872,control,onboarding_checklist_v1,2025-04-12
6873,control,onboarding_checklist_v1,2025-06-29
6874,treatment,onboarding_checklist_v1,2025-03-01
6875,control,onboarding_checklist_v1,2025-03-22
6876,control,onboarding_checklist_v1,2025-02-28
6877,treatment,onboarding_checklist_v1,2025-03-21
6878,control,onboarding_checklist_v1,2025-01-02
6879,treatment,onboarding_checklist_v1,2025-04-18
6880,control,onboarding_checklist_v1,2025-04-18
6881,control,onboarding_checklist_v1,2025-02-27
6882,treatment,onboarding_checklist_v1,2025-02-17
6883,control,onboarding_checklist_v1,2025-05-18
6884,treatment,onboarding_checklist_v1,2025-02-04
6885,treatment,onboarding_checklist_v1,2025-01-09
6886,treatment,onboarding_checklist_v1,2025-01-08
6887,control,onboarding_checklist_v1,2025-06-09
6888,control,onboarding_checklist_v1,2025-03-07
6889,treatment,onboarding_checklist_v1,2025-01-19
6890,control,onboarding_checklist_v1,2025-06-09
6891,treatment,onboarding_checklist_v1,2025-01-27
6892,treatment,onboarding_checklist_v1,2025-03-02
6893,control,onboarding_checklist_v1,2025-01-04
6894,control,onboarding_checklist_v1,2025-05-03
6895,treatment,onboarding_checklist_v1,2025-05-07
6896,treatment,onboarding_checklist_v1,2025-05-17
6897,control,onboarding_checklist_v1,2025-02-17
6898,treatment,onboarding_checklist_v1,2025-03-01
6899,treatment,onboarding_checklist_v1,2025-06-19
6900,control,onboarding_checklist_v1,2025-05-29
6901,control,onboarding_checklist_v1,2025-01-07
6902,treatment,onboarding_checklist_v1,2025-05-06
6903,treatment,onboarding_checklist_v1,2025-05-28
6904,treatment,onboarding_checklist_v1,2025-04-12
6905,control,onboarding_checklist_v1,2025-04-26
6906,treatment,onboarding_checklist_v1,2025-01-01
6907,treatment,onboarding_checklist_v1,2025-01-06
6908,treatment,onboarding_checklist_v1,2025-01-07
6909,control,onboarding_checklist_v1,2025-01-29
6910,control,onboarding_checklist_v1,2025-06-29
6911,treatment,onboarding_checklist_v1,2025-04-25
6912,control,onboarding_checklist_v1,2025-05-22
6913,control,onboarding_checklist_v1,2025-02-23
6914,treatment,onboarding_checklist_v1,2025-06-19
6915,control,onboarding_checklist_v1,2025-02-06
6916,treatment,onboarding_checklist_v1,2025-06-13
6917,treatment,onboarding_checklist_v1,2025-01-06
6918,treatment,onboarding_checklist_v1,2025-01-04
6919,control,onboarding_checklist_v1,2025-01-15
6920,treatment,onboarding_checklist_v1,2025-05-24
6921,treatment,onboarding_checklist_v1,2025-02-16
6922,treatment,onboarding_checklist_v1,2025-03-23
6923,control,onboarding_checklist_v1,2025-03-27
6924,control,onboarding_checklist_v1,2025-05-23
6925,treatment,onboarding_checklist_v1,2025-03-05
6926,control,onboarding_checklist_v1,2025-01-02
6927,treatment,onboarding_checklist_v1,2025-03-11
6928,control,onboarding_checklist_v1,2025-02-22
6929,control,onboarding_checklist_v1,2025-05-13
6930,treatment,onboarding_checklist_v1,2025-05-16
6931,treatment,onboarding_checklist_v1,2025-01-17
6932,treatment,onboarding_checklist_v1,2025-05-24
6933,control,onboarding_checklist_v1,2025-01-13
6934,treatment,onboarding_checklist_v1,2025-04-23
6935,treatment,onboarding_checklist_v1,2025-03-12
6936,control,onboarding_checklist_v1,2025-02-24
6937,control,onboarding_checklist_v1,2025-03-29
6938,control,onboarding_checklist_v1,2025-02-26
6939,treatment,onboarding_checklist_v1,2025-05-24
6940,control,onboarding_checklist_v1,2025-06-24
6941,treatment,onboarding_checklist_v1,2025-05-28
6942,control,onboarding_checklist_v1,2025-03-21
6943,treatment,onboarding_checklist_v1,2025-04-02
6944,treatment,onboarding_checklist_v1,2025-03-22
6945,treatment,onboarding_checklist_v1,2025-05-24
6946,control,onboarding_checklist_v1,2025-04-10
6947,control,onboarding_checklist_v1,2025-03-26
6948,treatment,onboarding_checklist_v1,2025-03-16
6949,control,onboarding_checklist_v1,2025-03-09
6950,treatment,onboarding_checklist_v1,2025-04-11
6951,control,onboarding_checklist_v1,2025-05-05
6952,control,onboarding_checklist_v1,2025-03-20
6953,control,onboarding_checklist_v1,2025-05-27
6954,treatment,onboarding_checklist_v1,2025-05-30
6955,treatment,onboarding_checklist_v1,2025-03-19
6956,control,onboarding_checklist_v1,2025-06-14
6957,control,onboarding_checklist_v1,2025-02-01
6958,control,onboarding_checklist_v1,2025-06-18
6959,treatment,onboarding_checklist_v1,2025-02-23
6960,treatment,onboarding_checklist_v1,2025-04-13
6961,control,onboarding_checklist_v1,2025-02-21
6962,treatment,onboarding_checklist_v1,2025-03-22
6963,treatment,onboarding_checklist_v1,2025-03-03
6964,treatment,onboarding_checklist_v1,2025-05-08
6965,control,onboarding_checklist_v1,2025-01-15
6966,treatment,onboarding_checklist_v1,2025-06-01
6967,treatment,onboarding_checklist_v1,2025-06-13
6968,control,onboarding_checklist_v1,2025-04-12
6969,control,onboarding_checklist_v1,2025-04-10
6970,control,onboarding_checklist_v1,2025-05-07
6971,control,onboarding_checklist_v1,2025-02-06
6972,control,onboarding_checklist_v1,2025-05-16
6973,treatment,onboarding_checklist_v1,2025-02-09
6974,treatment,onboarding_checklist_v1,2025-05-03
6975,control,onboarding_checklist_v1,2025-02-25
6976,control,onboarding_checklist_v1,2025-05-16
6977,treatment,onboarding_checklist_v1,2025-05-24
6978,control,onboarding_checklist_v1,2025-02-07
6979,control,onboarding_checklist_v1,2025-04-22
6980,treatment,onboarding_checklist_v1,2025-04-01
6981,control,onboarding_checklist_v1,2025-02-23
6982,control,onboarding_checklist_v1,2025-04-17
6983,treatment,onboarding_checklist_v1,2025-06-29
6984,treatment,onboarding_checklist_v1,2025-01-01
6985,control,onboarding_checklist_v1,2025-06-23
6986,treatment,onboarding_checklist_v1,2025-06-04
6987,treatment,onboarding_checklist_v1,2025-04-06
6988,control,onboarding_checklist_v1,2025-04-21
6989,treatment,onboarding_checklist_v1,2025-03-08
6990,control,onboarding_checklist_v1,2025-01-24
6991,control,onboarding_checklist_v1,2025-04-14
6992,control,onboarding_checklist_v1,2025-05-28
6993,control,onboarding_checklist_v1,2025-02-11
6994,control,onboarding_checklist_v1,2025-05-10
6995,treatment,onboarding_checklist_v1,2025-05-16
6996,control,onboarding_checklist_v1,2025-05-18
6997,treatment,onboarding_checklist_v1,2025-03-03
6998,control,onboarding_checklist_v1,2025-03-12
6999,treatment,onboarding_checklist_v1,2025-03-17
7000,treatment,onboarding_checklist_v1,2025-06-04
7001,control,onboarding_checklist_v1,2025-06-12
7002,treatment,onboarding_checklist_v1,2025-03-16
7003,treatment,onboarding_checklist_v1,2025-06-25
7004,control,onboarding_checklist_v1,2025-04-14
7005,control,onboarding_checklist_v1,2025-03-11
7006,treatment,onboarding_checklist_v1,2025-01-01
7007,treatment,onboarding_checklist_v1,2025-04-21
7008,control,onboarding_checklist_v1,2025-04-27
7009,treatment,onboarding_checklist_v1,2025-06-25
7010,control,onboarding_checklist_v1,2025-05-10
7011,control,onboarding_checklist_v1,2025-01-06
7012,treatment,onboarding_checklist_v1,2025-04-13
7013,treatment,onboarding_checklist_v1,2025-05-15
7014,control,onboarding_checklist_v1,2025-03-31
7015,control,onboarding_checklist_v1,2025-03-19
7016,control,onboarding_checklist_v1,2025-05-27
7017,treatment,onboarding_checklist_v1,2025-04-21
7018,control,onboarding_checklist_v1,2025-05-04
7019,control,onboarding_checklist_v1,2025-03-26
7020,control,onboarding_checklist_v1,2025-02-20
7021,treatment,onboarding_checklist_v1,2025-04-04
7022,control,onboarding_checklist_v1,2025-06-23
7023,treatment,onboarding_checklist_v1,2025-04-20
7024,control,onboarding_checklist_v1,2025-05-09
7025,control,onboarding_checklist_v1,2025-01-23
7026,control,onboarding_checklist_v1,2025-06-28
7027,control,onboarding_checklist_v1,2025-02-14
7028,control,onboarding_checklist_v1,2025-06-25
7029,control,onboarding_checklist_v1,2025-03-22
7030,control,onboarding_checklist_v1,2025-06-16
7031,control,onboarding_checklist_v1,2025-06-11
7032,control,onboarding_checklist_v1,2025-05-17
7033,control,onboarding_checklist_v1,2025-06-15
7034,control,onboarding_checklist_v1,2025-04-21
7035,control,onboarding_checklist_v1,2025-06-03
7036,treatment,onboarding_checklist_v1,2025-02-01
7037,treatment,onboarding_checklist_v1,2025-01-13
7038,treatment,onboarding_checklist_v1,2025-04-09
7039,control,onboarding_checklist_v1,2025-05-27
7040,treatment,onboarding_checklist_v1,2025-05-19
7041,treatment,onboarding_checklist_v1,2025-04-06
7042,control,onboarding_checklist_v1,2025-04-05
7043,control,onboarding_checklist_v1,2025-04-21
7044,treatment,onboarding_checklist_v1,2025-06-07
7045,treatment,onboarding_checklist_v1,2025-06-02
7046,treatment,onboarding_checklist_v1,2025-01-20
7047,treatment,onboarding_checklist_v1,2025-04-18
7048,treatment,onboarding_checklist_v1,2025-03-10
7049,treatment,onboarding_checklist_v1,2025-05-25
7050,control,onboarding_checklist_v1,2025-04-02
7051,control,onboarding_checklist_v1,2025-06-29
7052,treatment,onboarding_checklist_v1,2025-03-20
7053,control,onboarding_checklist_v1,2025-05-03
7054,control,onboarding_checklist_v1,2025-01-20
7055,control,onboarding_checklist_v1,2025-06-18
7056,control,onboarding_checklist_v1,2025-01-28
7057,control,onboarding_checklist_v1,2025-03-10
7058,treatment,onboarding_checklist_v1,2025-06-01
7059,control,onboarding_checklist_v1,2025-06-25
7060,treatment,onboarding_checklist_v1,2025-03-29
7061,control,onboarding_checklist_v1,2025-03-29
7062,treatment,onboarding_checklist_v1,2025-01-09
7063,treatment,onboarding_checklist_v1,2025-06-27
7064,treatment,onboarding_checklist_v1,2025-01-03
7065,control,onboarding_checklist_v1,2025-01-05
7066,control,onboarding_checklist_v1,2025-03-27
7067,treatment,onboarding_checklist_v1,2025-01-01
7068,treatment,onboarding_checklist_v1,2025-01-30
7069,control,onboarding_checklist_v1,2025-04-24
7070,treatment,onboarding_checklist_v1,2025-05-08
7071,treatment,onboarding_checklist_v1,2025-02-23
7072,control,onboarding_checklist_v1,2025-05-24
7073,treatment,onboarding_checklist_v1,2025-04-20
7074,control,onboarding_checklist_v1,2025-02-11
7075,control,onboarding_checklist_v1,2025-05-09
7076,treatment,onboarding_checklist_v1,2025-04-18
7077,control,onboarding_checklist_v1,2025-05-27
7078,treatment,onboarding_checklist_v1,2025-01-28
7079,treatment,onboarding_checklist_v1,2025-02-11
7080,treatment,onboarding_checklist_v1,2025-02-24
7081,control,onboarding_checklist_v1,2025-03-03
7082,control,onboarding_checklist_v1,2025-06-10
7083,control,onboarding_checklist_v1,2025-05-13
7084,treatment,onboarding_checklist_v1,2025-04-09
7085,control,onboarding_checklist_v1,2025-04-08
7086,treatment,onboarding_checklist_v1,2025-06-10
7087,control,onboarding_checklist_v1,2025-03-22
7088,control,onboarding_checklist_v1,2025-02-10
7089,treatment,onboarding_checklist_v1,2025-01-25
7090,treatment,onboarding_checklist_v1,2025-03-01
7091,control,onboarding_checklist_v1,2025-04-29
7092,treatment,onboarding_checklist_v1,2025-03-27
7093,control,onboarding_checklist_v1,2025-03-18
7094,treatment,onboarding_checklist_v1,2025-03-28
7095,control,onboarding_checklist_v1,2025-06-26
7096,treatment,onboarding_checklist_v1,2025-06-30
7097,control,onboarding_checklist_v1,2025-01-30
7098,control,onboarding_checklist_v1,2025-01-21
7099,treatment,onboarding_checklist_v1,2025-02-14
7100,control,onboarding_checklist_v1,2025-06-04
7101,control,onboarding_checklist_v1,2025-03-25
7102,control,onboarding_checklist_v1,2025-06-06
7103,control,onboarding_checklist_v1,2025-04-28
7104,treatment,onboarding_checklist_v1,2025-04-11
7105,control,onboarding_checklist_v1,2025-02-20
7106,treatment,onboarding_checklist_v1,2025-03-04
7107,treatment,onboarding_checklist_v1,2025-01-27
7108,control,onboarding_checklist_v1,2025-04-04
7109,treatment,onboarding_checklist_v1,2025-02-20
7110,control,onboarding_checklist_v1,2025-02-22
7111,control,onboarding_checklist_v1,2025-01-08
7112,control,onboarding_checklist_v1,2025-05-25
7113,control,onboarding_checklist_v1,2025-06-20
7114,control,onboarding_checklist_v1,2025-04-01
7115,control,onboarding_checklist_v1,2025-04-08
7116,treatment,onboarding_checklist_v1,2025-06-17
7117,treatment,onboarding_checklist_v1,2025-04-03
7118,treatment,onboarding_checklist_v1,2025-04-23
7119,treatment,onboarding_checklist_v1,2025-03-19
7120,treatment,onboarding_checklist_v1,2025-04-04
7121,control,onboarding_checklist_v1,2025-04-05
7122,treatment,onboarding_checklist_v1,2025-05-09
7123,control,onboarding_checklist_v1,2025-04-20
7124,treatment,onboarding_checklist_v1,2025-04-02
7125,treatment,onboarding_checklist_v1,2025-01-14
7126,control,onboarding_checklist_v1,2025-06-13
7127,treatment,onboarding_checklist_v1,2025-06-10
7128,treatment,onboarding_checklist_v1,2025-02-03
7129,treatment,onboarding_checklist_v1,2025-02-23
7130,control,onboarding_checklist_v1,2025-06-26
7131,treatment,onboarding_checklist_v1,2025-02-28
7132,treatment,onboarding_checklist_v1,2025-05-28
7133,control,onboarding_checklist_v1,2025-05-23
7134,treatment,onboarding_checklist_v1,2025-06-05
7135,control,onboarding_checklist_v1,2025-01-03
7136,treatment,onboarding_checklist_v1,2025-03-29
7137,control,onboarding_checklist_v1,2025-04-13
7138,control,onboarding_checklist_v1,2025-06-01
7139,control,onboarding_checklist_v1,2025-02-10
7140,treatment,onboarding_checklist_v1,2025-02-25
7141,treatment,onboarding_checklist_v1,2025-02-02
7142,control,onboarding_checklist_v1,2025-05-18
7143,control,onboarding_checklist_v1,2025-06-30
7144,treatment,onboarding_checklist_v1,2025-01-26
7145,control,onboarding_checklist_v1,2025-02-12
7146,control,onboarding_checklist_v1,2025-02-25
7147,treatment,onboarding_checklist_v1,2025-06-10
7148,control,onboarding_checklist_v1,2025-03-22
7149,treatment,onboarding_checklist_v1,2025-02-21
7150,control,onboarding_checklist_v1,2025-02-28
7151,treatment,onboarding_checklist_v1,2025-04-19
7152,treatment,onboarding_checklist_v1,2025-03-12
7153,control,onboarding_checklist_v1,2025-01-26
7154,treatment,onboarding_checklist_v1,2025-05-29
7155,treatment,onboarding_checklist_v1,2025-03-18
7156,treatment,onboarding_checklist_v1,2025-02-16
7157,control,onboarding_checklist_v1,2025-05-12
7158,control,onboarding_checklist_v1,2025-05-15
7159,treatment,onboarding_checklist_v1,2025-01-29
7160,control,onboarding_checklist_v1,2025-01-14
7161,control,onboarding_checklist_v1,2025-01-09
7162,control,onboarding_checklist_v1,2025-05-19
7163,treatment,onboarding_checklist_v1,2025-04-24
7164,control,onboarding_checklist_v1,2025-05-24
7165,control,onboarding_checklist_v1,2025-04-24
7166,treatment,onboarding_checklist_v1,2025-03-14
7167,control,onboarding_checklist_v1,2025-04-17
7168,control,onboarding_checklist_v1,2025-05-11
7169,control,onboarding_checklist_v1,2025-03-14
7170,control,onboarding_checklist_v1,2025-06-15
7171,treatment,onboarding_checklist_v1,2025-06-12
7172,control,onboarding_checklist_v1,2025-05-25
7173,treatment,onboarding_checklist_v1,2025-06-29
7174,control,onboarding_checklist_v1,2025-03-12
7175,control,onboarding_checklist_v1,2025-01-21
7176,control,onboarding_checklist_v1,2025-03-29
7177,treatment,onboarding_checklist_v1,2025-05-16
7178,control,onboarding_checklist_v1,2025-05-22
7179,control,onboarding_checklist_v1,2025-03-12
7180,treatment,onboarding_checklist_v1,2025-02-22
7181,control,onboarding_checklist_v1,2025-03-22
7182,treatment,onboarding_checklist_v1,2025-05-26
7183,control,onboarding_checklist_v1,2025-01-11
7184,control,onboarding_checklist_v1,2025-03-01
7185,treatment,onboarding_checklist_v1,2025-02-11
7186,control,onboarding_checklist_v1,2025-05-26
7187,control,onboarding_checklist_v1,2025-03-27
7188,control,onboarding_checklist_v1,2025-01-16
7189,control,onboarding_checklist_v1,2025-02-17
7190,treatment,onboarding_checklist_v1,2025-01-09
7191,control,onboarding_checklist_v1,2025-03-28
7192,treatment,onboarding_checklist_v1,2025-06-30
7193,control,onboarding_checklist_v1,2025-04-13
7194,control,onboarding_checklist_v1,2025-06-07
7195,control,onboarding_checklist_v1,2025-05-15
7196,treatment,onboarding_checklist_v1,2025-06-09
7197,treatment,onboarding_checklist_v1,2025-02-26
7198,treatment,onboarding_checklist_v1,2025-06-22
7199,control,onboarding_checklist_v1,2025-02-13
7200,control,onboarding_checklist_v1,2025-03-21
7201,treatment,onboarding_checklist_v1,2025-05-04
7202,control,onboarding_checklist_v1,2025-02-21
7203,treatment,onboarding_checklist_v1,2025-02-17
7204,control,onboarding_checklist_v1,2025-01-24
7205,control,onboarding_checklist_v1,2025-01-01
7206,control,onboarding_checklist_v1,2025-04-01
7207,control,onboarding_checklist_v1,2025-06-28
7208,treatment,onboarding_checklist_v1,2025-02-09
7209,treatment,onboarding_checklist_v1,2025-03-21
7210,treatment,onboarding_checklist_v1,2025-06-19
7211,treatment,onboarding_checklist_v1,2025-05-20
7212,control,onboarding_checklist_v1,2025-01-01
7213,control,onboarding_checklist_v1,2025-04-01
7214,control,onboarding_checklist_v1,2025-01-26
7215,treatment,onboarding_checklist_v1,2025-02-14
7216,control,onboarding_checklist_v1,2025-02-14
7217,treatment,onboarding_checklist_v1,2025-04-21
7218,treatment,onboarding_checklist_v1,2025-02-06
7219,treatment,onboarding_checklist_v1,2025-02-15
7220,treatment,onboarding_checklist_v1,2025-02-10
7221,treatment,onboarding_checklist_v1,2025-03-06
7222,treatment,onboarding_checklist_v1,2025-04-29
7223,treatment,onboarding_checklist_v1,2025-03-14
7224,control,onboarding_checklist_v1,2025-03-01
7225,treatment,onboarding_checklist_v1,2025-04-04
7226,control,onboarding_checklist_v1,2025-04-22
7227,treatment,onboarding_checklist_v1,2025-01-03
7228,treatment,onboarding_checklist_v1,2025-06-11
7229,control,onboarding_checklist_v1,2025-06-15
7230,treatment,onboarding_checklist_v1,2025-04-20
7231,control,onboarding_checklist_v1,2025-04-15
7232,treatment,onboarding_checklist_v1,2025-05-06
7233,treatment,onboarding_checklist_v1,2025-03-21
7234,treatment,onboarding_checklist_v1,2025-03-08
7235,treatment,onboarding_checklist_v1,2025-03-05
7236,control,onboarding_checklist_v1,2025-01-29
7237,control,onboarding_checklist_v1,2025-06-02
7238,treatment,onboarding_checklist_v1,2025-02-28
7239,control,onboarding_checklist_v1,2025-02-21
7240,control,onboarding_checklist_v1,2025-06-24
7241,control,onboarding_checklist_v1,2025-04-02
7242,control,onboarding_checklist_v1,2025-04-23
7243,treatment,onboarding_checklist_v1,2025-02-14
7244,control,onboarding_checklist_v1,2025-02-20
7245,control,onboarding_checklist_v1,2025-05-12
7246,treatment,onboarding_checklist_v1,2025-03-23
7247,treatment,onboarding_checklist_v1,2025-01-27
7248,control,onboarding_checklist_v1,2025-06-01
7249,treatment,onboarding_checklist_v1,2025-03-14
7250,control,onboarding_checklist_v1,2025-05-01
7251,treatment,onboarding_checklist_v1,2025-03-03
7252,control,onboarding_checklist_v1,2025-04-12
7253,control,onboarding_checklist_v1,2025-05-21
7254,control,onboarding_checklist_v1,2025-06-10
7255,treatment,onboarding_checklist_v1,2025-02-07
7256,control,onboarding_checklist_v1,2025-05-02
7257,control,onboarding_checklist_v1,2025-06-15
7258,treatment,onboarding_checklist_v1,2025-04-27
7259,control,onboarding_checklist_v1,2025-01-26
7260,treatment,onboarding_checklist_v1,2025-02-04
7261,control,onboarding_checklist_v1,2025-02-06
7262,control,onboarding_checklist_v1,2025-01-20
7263,control,onboarding_checklist_v1,2025-05-17
7264,control,onboarding_checklist_v1,2025-06-24
7265,control,onboarding_checklist_v1,2025-04-04
7266,treatment,onboarding_checklist_v1,2025-04-19
7267,treatment,onboarding_checklist_v1,2025-05-21
7268,control,onboarding_checklist_v1,2025-03-17
7269,control,onboarding_checklist_v1,2025-03-27
7270,treatment,onboarding_checklist_v1,2025-04-17
7271,control,onboarding_checklist_v1,2025-02-25
7272,treatment,onboarding_checklist_v1,2025-01-12
7273,treatment,onboarding_checklist_v1,2025-04-13
7274,control,onboarding_checklist_v1,2025-05-29
7275,treatment,onboarding_checklist_v1,2025-01-14
7276,treatment,onboarding_checklist_v1,2025-02-09
7277,treatment,onboarding_checklist_v1,2025-02-17
7278,treatment,onboarding_checklist_v1,2025-05-26
7279,control,onboarding_checklist_v1,2025-04-02
7280,treatment,onboarding_checklist_v1,2025-04-07
7281,control,onboarding_checklist_v1,2025-04-27
7282,control,onboarding_checklist_v1,2025-02-20
7283,treatment,onboarding_checklist_v1,2025-05-10
7284,control,onboarding_checklist_v1,2025-01-06
7285,treatment,onboarding_checklist_v1,2025-01-21
7286,treatment,onboarding_checklist_v1,2025-05-28
7287,treatment,onboarding_checklist_v1,2025-04-30
7288,treatment,onboarding_checklist_v1,2025-02-01
7289,treatment,onboarding_checklist_v1,2025-03-21
7290,treatment,onboarding_checklist_v1,2025-01-10
7291,treatment,onboarding_checklist_v1,2025-05-02
7292,treatment,onboarding_checklist_v1,2025-05-17
7293,treatment,onboarding_checklist_v1,2025-02-20
7294,control,onboarding_checklist_v1,2025-03-05
7295,control,onboarding_checklist_v1,2025-02-12
7296,control,onboarding_checklist_v1,2025-03-12
7297,control,onboarding_checklist_v1,2025-02-19
7298,control,onboarding_checklist_v1,2025-02-14
7299,treatment,onboarding_checklist_v1,2025-03-19
7300,treatment,onboarding_checklist_v1,2025-06-05
7301,treatment,onboarding_checklist_v1,2025-05-19
7302,treatment,onboarding_checklist_v1,2025-02-23
7303,treatment,onboarding_checklist_v1,2025-06-20
7304,treatment,onboarding_checklist_v1,2025-02-08
7305,treatment,onboarding_checklist_v1,2025-06-14
7306,control,onboarding_checklist_v1,2025-02-25
7307,treatment,onboarding_checklist_v1,2025-04-08
7308,control,onboarding_checklist_v1,2025-02-06
7309,control,onboarding_checklist_v1,2025-05-18
7310,control,onboarding_checklist_v1,2025-02-27
7311,treatment,onboarding_checklist_v1,2025-06-07
7312,treatment,onboarding_checklist_v1,2025-01-16
7313,control,onboarding_checklist_v1,2025-04-01
7314,treatment,onboarding_checklist_v1,2025-01-29
7315,control,onboarding_checklist_v1,2025-06-10
7316,control,onboarding_checklist_v1,2025-03-17
7317,control,onboarding_checklist_v1,2025-05-03
7318,control,onboarding_checklist_v1,2025-06-09
7319,treatment,onboarding_checklist_v1,2025-04-07
7320,control,onboarding_checklist_v1,2025-01-11
7321,control,onboarding_checklist_v1,2025-02-09
7322,control,onboarding_checklist_v1,2025-02-08
7323,treatment,onboarding_checklist_v1,2025-06-15
7324,treatment,onboarding_checklist_v1,2025-06-14
7325,treatment,onboarding_checklist_v1,2025-03-28
7326,treatment,onboarding_checklist_v1,2025-06-11
7327,treatment,onboarding_checklist_v1,2025-02-14
7328,control,onboarding_checklist_v1,2025-05-03
7329,control,onboarding_checklist_v1,2025-03-12
7330,treatment,onboarding_checklist_v1,2025-02-13
7331,control,onboarding_checklist_v1,2025-02-15
7332,control,onboarding_checklist_v1,2025-03-17
7333,control,onboarding_checklist_v1,2025-03-03
7334,control,onboarding_checklist_v1,2025-02-08
7335,control,onboarding_checklist_v1,2025-03-02
7336,control,onboarding_checklist_v1,2025-01-24
7337,control,onboarding_checklist_v1,2025-06-25
7338,treatment,onboarding_checklist_v1,2025-03-10
7339,treatment,onboarding_checklist_v1,2025-01-20
7340,control,onboarding_checklist_v1,2025-04-15
7341,control,onboarding_checklist_v1,2025-06-09
7342,control,onboarding_checklist_v1,2025-03-07
7343,control,onboarding_checklist_v1,2025-06-02
7344,control,onboarding_checklist_v1,2025-04-21
7345,control,onboarding_checklist_v1,2025-05-14
7346,treatment,onboarding_checklist_v1,2025-02-23
7347,treatment,onboarding_checklist_v1,2025-01-07
7348,treatment,onboarding_checklist_v1,2025-03-04
7349,treatment,onboarding_checklist_v1,2025-06-17
7350,treatment,onboarding_checklist_v1,2025-05-24
7351,treatment,onboarding_checklist_v1,2025-05-22
7352,treatment,onboarding_checklist_v1,2025-06-08
7353,treatment,onboarding_checklist_v1,2025-03-09
7354,treatment,onboarding_checklist_v1,2025-02-28
7355,treatment,onboarding_checklist_v1,2025-06-17
7356,treatment,onboarding_checklist_v1,2025-04-14
7357,control,onboarding_checklist_v1,2025-02-23
7358,control,onboarding_checklist_v1,2025-02-20
7359,control,onboarding_checklist_v1,2025-06-08
7360,control,onboarding_checklist_v1,2025-01-10
7361,control,onboarding_checklist_v1,2025-01-12
7362,control,onboarding_checklist_v1,2025-05-14
7363,control,onboarding_checklist_v1,2025-01-01
7364,treatment,onboarding_checklist_v1,2025-01-31
7365,control,onboarding_checklist_v1,2025-06-29
7366,control,onboarding_checklist_v1,2025-03-19
7367,control,onboarding_checklist_v1,2025-05-12
7368,control,onboarding_checklist_v1,2025-03-30
7369,treatment,onboarding_checklist_v1,2025-01-17
7370,treatment,onboarding_checklist_v1,2025-02-03
7371,control,onboarding_checklist_v1,2025-05-18
7372,treatment,onboarding_checklist_v1,2025-01-18
7373,control,onboarding_checklist_v1,2025-04-18
7374,treatment,onboarding_checklist_v1,2025-03-04
7375,treatment,onboarding_checklist_v1,2025-03-09
7376,treatment,onboarding_checklist_v1,2025-06-22
7377,control,onboarding_checklist_v1,2025-04-20
7378,treatment,onboarding_checklist_v1,2025-04-22
7379,treatment,onboarding_checklist_v1,2025-03-05
7380,treatment,onboarding_checklist_v1,2025-03-11
7381,control,onboarding_checklist_v1,2025-05-05
7382,control,onboarding_checklist_v1,2025-01-08
7383,control,onboarding_checklist_v1,2025-02-12
7384,control,onboarding_checklist_v1,2025-04-19
7385,treatment,onboarding_checklist_v1,2025-04-23
7386,control,onboarding_checklist_v1,2025-01-17
7387,control,onboarding_checklist_v1,2025-05-23
7388,treatment,onboarding_checklist_v1,2025-04-09
7389,control,onboarding_checklist_v1,2025-02-13
7390,treatment,onboarding_checklist_v1,2025-05-17
7391,treatment,onboarding_checklist_v1,2025-06-29
7392,treatment,onboarding_checklist_v1,2025-03-18
7393,treatment,onboarding_checklist_v1,2025-02-21
7394,control,onboarding_checklist_v1,2025-02-24
7395,control,onboarding_checklist_v1,2025-04-18
7396,treatment,onboarding_checklist_v1,2025-01-09
7397,control,onboarding_checklist_v1,2025-03-29
7398,control,onboarding_checklist_v1,2025-01-05
7399,treatment,onboarding_checklist_v1,2025-01-07
7400,control,onboarding_checklist_v1,2025-03-19
7401,control,onboarding_checklist_v1,2025-05-15
7402,control,onboarding_checklist_v1,2025-06-09
7403,control,onboarding_checklist_v1,2025-01-16
7404,treatment,onboarding_checklist_v1,2025-02-14
7405,control,onboarding_checklist_v1,2025-03-18
7406,control,onboarding_checklist_v1,2025-04-14
7407,control,onboarding_checklist_v1,2025-06-28
7408,treatment,onboarding_checklist_v1,2025-05-04
7409,control,onboarding_checklist_v1,2025-04-08
7410,control,onboarding_checklist_v1,2025-01-12
7411,treatment,onboarding_checklist_v1,2025-01-15
7412,control,onboarding_checklist_v1,2025-01-28
7413,treatment,onboarding_checklist_v1,2025-04-30
7414,control,onboarding_checklist_v1,2025-03-01
7415,control,onboarding_checklist_v1,2025-02-13
7416,control,onboarding_checklist_v1,2025-05-02
7417,treatment,onboarding_checklist_v1,2025-05-28
7418,control,onboarding_checklist_v1,2025-03-21
7419,control,onboarding_checklist_v1,2025-06-09
7420,treatment,onboarding_checklist_v1,2025-05-13
7421,control,onboarding_checklist_v1,2025-05-10
7422,treatment,onboarding_checklist_v1,2025-06-07
7423,treatment,onboarding_checklist_v1,2025-02-03
7424,treatment,onboarding_checklist_v1,2025-05-18
7425,control,onboarding_checklist_v1,2025-06-23
7426,control,onboarding_checklist_v1,2025-06-29
7427,treatment,onboarding_checklist_v1,2025-04-15
7428,control,onboarding_checklist_v1,2025-05-17
7429,control,onboarding_checklist_v1,2025-06-10
7430,treatment,onboarding_checklist_v1,2025-06-04
7431,treatment,onboarding_checklist_v1,2025-06-12
7432,control,onboarding_checklist_v1,2025-05-31
7433,control,onboarding_checklist_v1,2025-03-11
7434,treatment,onboarding_checklist_v1,2025-05-13
7435,treatment,onboarding_checklist_v1,2025-03-16
7436,control,onboarding_checklist_v1,2025-05-26
7437,control,onboarding_checklist_v1,2025-05-27
7438,control,onboarding_checklist_v1,2025-06-19
7439,control,onboarding_checklist_v1,2025-04-17
7440,control,onboarding_checklist_v1,2025-03-28
7441,treatment,onboarding_checklist_v1,2025-01-30
7442,control,onboarding_checklist_v1,2025-04-26
7443,control,onboarding_checklist_v1,2025-04-13
7444,treatment,onboarding_checklist_v1,2025-04-04
7445,control,onboarding_checklist_v1,2025-05-03
7446,control,onboarding_checklist_v1,2025-06-04
7447,treatment,onboarding_checklist_v1,2025-01-27
7448,control,onboarding_checklist_v1,2025-03-20
7449,treatment,onboarding_checklist_v1,2025-05-11
7450,control,onboarding_checklist_v1,2025-05-29
7451,control,onboarding_checklist_v1,2025-05-21
7452,treatment,onboarding_checklist_v1,2025-05-25
7453,control,onboarding_checklist_v1,2025-06-04
7454,treatment,onboarding_checklist_v1,2025-06-24
7455,control,onboarding_checklist_v1,2025-04-21
7456,treatment,onboarding_checklist_v1,2025-02-15
7457,control,onboarding_checklist_v1,2025-04-13
7458,treatment,onboarding_checklist_v1,2025-05-09
7459,treatment,onboarding_checklist_v1,2025-01-19
7460,control,onboarding_checklist_v1,2025-05-18
7461,control,onboarding_checklist_v1,2025-04-09
7462,control,onboarding_checklist_v1,2025-06-19
7463,treatment,onboarding_checklist_v1,2025-02-08
7464,control,onboarding_checklist_v1,2025-06-14
7465,treatment,onboarding_checklist_v1,2025-03-23
7466,control,onboarding_checklist_v1,2025-04-14
7467,control,onboarding_checklist_v1,2025-04-30
7468,treatment,onboarding_checklist_v1,2025-04-15
7469,control,onboarding_checklist_v1,2025-06-13
7470,control,onboarding_checklist_v1,2025-01-31
7471,treatment,onboarding_checklist_v1,2025-05-13
7472,treatment,onboarding_checklist_v1,2025-06-26
7473,control,onboarding_checklist_v1,2025-02-09
7474,control,onboarding_checklist_v1,2025-02-16
7475,control,onboarding_checklist_v1,2025-03-27
7476,treatment,onboarding_checklist_v1,2025-05-12
7477,control,onboarding_checklist_v1,2025-06-23
7478,treatment,onboarding_checklist_v1,2025-05-25
7479,treatment,onboarding_checklist_v1,2025-05-24
7480,treatment,onboarding_checklist_v1,2025-03-21
7481,control,onboarding_checklist_v1,2025-04-27
7482,control,onboarding_checklist_v1,2025-02-08
7483,control,onboarding_checklist_v1,2025-03-25
7484,control,onboarding_checklist_v1,2025-02-04
7485,control,onboarding_checklist_v1,2025-01-05
7486,treatment,onboarding_checklist_v1,2025-06-05
7487,control,onboarding_checklist_v1,2025-05-26
7488,control,onboarding_checklist_v1,2025-04-03
7489,treatment,onboarding_checklist_v1,2025-01-03
7490,treatment,onboarding_checklist_v1,2025-01-17
7491,control,onboarding_checklist_v1,2025-01-21
7492,treatment,onboarding_checklist_v1,2025-05-10
7493,treatment,onboarding_checklist_v1,2025-02-06
7494,control,onboarding_checklist_v1,2025-02-15
7495,treatment,onboarding_checklist_v1,2025-06-05
7496,control,onboarding_checklist_v1,2025-06-08
7497,control,onboarding_checklist_v1,2025-05-19
7498,control,onboarding_checklist_v1,2025-02-26
7499,control,onboarding_checklist_v1,2025-04-15
7500,treatment,onboarding_checklist_v1,2025-02-06
7501,treatment,onboarding_checklist_v1,2025-06-05
7502,control,onboarding_checklist_v1,2025-01-16
7503,treatment,onboarding_checklist_v1,2025-05-15
7504,control,onboarding_checklist_v1,2025-04-03
7505,control,onboarding_checklist_v1,2025-05-18
7506,treatment,onboarding_checklist_v1,2025-03-23
7507,control,onboarding_checklist_v1,2025-01-29
7508,treatment,onboarding_checklist_v1,2025-05-16
7509,control,onboarding_checklist_v1,2025-04-25
7510,treatment,onboarding_checklist_v1,2025-03-26
7511,control,onboarding_checklist_v1,2025-03-09
7512,control,onboarding_checklist_v1,2025-03-04
7513,treatment,onboarding_checklist_v1,2025-03-29
7514,treatment,onboarding_checklist_v1,2025-02-17
7515,control,onboarding_checklist_v1,2025-02-21
7516,treatment,onboarding_checklist_v1,2025-02-20
7517,control,onboarding_checklist_v1,2025-01-03
7518,control,onboarding_checklist_v1,2025-06-17
7519,control,onboarding_checklist_v1,2025-02-12
7520,treatment,onboarding_checklist_v1,2025-01-30
7521,treatment,onboarding_checklist_v1,2025-01-28
7522,treatment,onboarding_checklist_v1,2025-06-28
7523,treatment,onboarding_checklist_v1,2025-03-28
7524,control,onboarding_checklist_v1,2025-03-01
7525,control,onboarding_checklist_v1,2025-03-15
7526,control,onboarding_checklist_v1,2025-01-16
7527,treatment,onboarding_checklist_v1,2025-02-26
7528,control,onboarding_checklist_v1,2025-02-15
7529,treatment,onboarding_checklist_v1,2025-05-26
7530,treatment,onboarding_checklist_v1,2025-01-11
7531,treatment,onboarding_checklist_v1,2025-03-19
7532,control,onboarding_checklist_v1,2025-05-23
7533,control,onboarding_checklist_v1,2025-05-31
7534,treatment,onboarding_checklist_v1,2025-04-03
7535,treatment,onboarding_checklist_v1,2025-02-10
7536,control,onboarding_checklist_v1,2025-03-02
7537,treatment,onboarding_checklist_v1,2025-02-10
7538,treatment,onboarding_checklist_v1,2025-04-30
7539,control,onboarding_checklist_v1,2025-02-22
7540,treatment,onboarding_checklist_v1,2025-04-25
7541,control,onboarding_checklist_v1,2025-04-29
7542,treatment,onboarding_checklist_v1,2025-06-20
7543,control,onboarding_checklist_v1,2025-03-09
7544,control,onboarding_checklist_v1,2025-06-23
7545,control,onboarding_checklist_v1,2025-03-14
7546,treatment,onboarding_checklist_v1,2025-05-04
7547,treatment,onboarding_checklist_v1,2025-04-30
7548,control,onboarding_checklist_v1,2025-05-29
7549,control,onboarding_checklist_v1,2025-03-26
7550,control,onboarding_checklist_v1,2025-05-24
7551,control,onboarding_checklist_v1,2025-03-06
7552,treatment,onboarding_checklist_v1,2025-03-30
7553,control,onboarding_checklist_v1,2025-04-01
7554,treatment,onboarding_checklist_v1,2025-05-08
7555,treatment,onboarding_checklist_v1,2025-04-22
7556,control,onboarding_checklist_v1,2025-01-15
7557,treatment,onboarding_checklist_v1,2025-05-27
7558,treatment,onboarding_checklist_v1,2025-05-18
7559,treatment,onboarding_checklist_v1,2025-01-19
7560,treatment,onboarding_checklist_v1,2025-06-24
7561,control,onboarding_checklist_v1,2025-04-30
7562,control,onboarding_checklist_v1,2025-01-16
7563,treatment,onboarding_checklist_v1,2025-03-30
7564,control,onboarding_checklist_v1,2025-06-01
7565,treatment,onboarding_checklist_v1,2025-02-20
7566,treatment,onboarding_checklist_v1,2025-06-18
7567,control,onboarding_checklist_v1,2025-03-17
7568,control,onboarding_checklist_v1,2025-02-10
7569,control,onboarding_checklist_v1,2025-03-06
7570,treatment,onboarding_checklist_v1,2025-04-05
7571,control,onboarding_checklist_v1,2025-05-05
7572,control,onboarding_checklist_v1,2025-06-17
7573,treatment,onboarding_checklist_v1,2025-02-05
7574,treatment,onboarding_checklist_v1,2025-06-23
7575,treatment,onboarding_checklist_v1,2025-04-06
7576,treatment,onboarding_checklist_v1,2025-01-24
7577,control,onboarding_checklist_v1,2025-06-17
7578,treatment,onboarding_checklist_v1,2025-03-05
7579,treatment,onboarding_checklist_v1,2025-04-23
7580,control,onboarding_checklist_v1,2025-05-07
7581,control,onboarding_checklist_v1,2025-01-03
7582,control,onboarding_checklist_v1,2025-02-10
7583,treatment,onboarding_checklist_v1,2025-05-05
7584,treatment,onboarding_checklist_v1,2025-02-28
7585,treatment,onboarding_checklist_v1,2025-01-02
7586,treatment,onboarding_checklist_v1,2025-01-05
7587,control,onboarding_checklist_v1,2025-05-30
7588,treatment,onboarding_checklist_v1,2025-01-28
7589,treatment,onboarding_checklist_v1,2025-01-19
7590,treatment,onboarding_checklist_v1,2025-04-12
7591,control,onboarding_checklist_v1,2025-01-22
7592,treatment,onboarding_checklist_v1,2025-04-29
7593,treatment,onboarding_checklist_v1,2025-04-09
7594,control,onboarding_checklist_v1,2025-04-28
7595,treatment,onboarding_checklist_v1,2025-03-30
7596,control,onboarding_checklist_v1,2025-05-21
7597,control,onboarding_checklist_v1,2025-04-27
7598,treatment,onboarding_checklist_v1,2025-03-17
7599,control,onboarding_checklist_v1,2025-01-03
7600,treatment,onboarding_checklist_v1,2025-02-19
7601,treatment,onboarding_checklist_v1,2025-01-24
7602,control,onboarding_checklist_v1,2025-01-03
7603,control,onboarding_checklist_v1,2025-02-19
7604,control,onboarding_checklist_v1,2025-02-07
7605,control,onboarding_checklist_v1,2025-01-14
7606,treatment,onboarding_checklist_v1,2025-02-26
7607,control,onboarding_checklist_v1,2025-04-02
7608,treatment,onboarding_checklist_v1,2025-02-02
7609,control,onboarding_checklist_v1,2025-02-19
7610,control,onboarding_checklist_v1,2025-01-04
7611,treatment,onboarding_checklist_v1,2025-01-10
7612,control,onboarding_checklist_v1,2025-01-29
7613,treatment,onboarding_checklist_v1,2025-03-23
7614,treatment,onboarding_checklist_v1,2025-05-01
7615,treatment,onboarding_checklist_v1,2025-05-23
7616,control,onboarding_checklist_v1,2025-04-24
7617,control,onboarding_checklist_v1,2025-04-22
7618,treatment,onboarding_checklist_v1,2025-06-19
7619,control,onboarding_checklist_v1,2025-02-16
7620,treatment,onboarding_checklist_v1,2025-05-25
7621,treatment,onboarding_checklist_v1,2025-06-19
7622,treatment,onboarding_checklist_v1,2025-04-13
7623,treatment,onboarding_checklist_v1,2025-06-02
7624,treatment,onboarding_checklist_v1,2025-01-25
7625,control,onboarding_checklist_v1,2025-06-09
7626,treatment,onboarding_checklist_v1,2025-04-13
7627,treatment,onboarding_checklist_v1,2025-02-10
7628,control,onboarding_checklist_v1,2025-01-12
7629,treatment,onboarding_checklist_v1,2025-05-11
7630,control,onboarding_checklist_v1,2025-03-19
7631,control,onboarding_checklist_v1,2025-02-26
7632,treatment,onboarding_checklist_v1,2025-03-12
7633,treatment,onboarding_checklist_v1,2025-06-29
7634,control,onboarding_checklist_v1,2025-03-19
7635,treatment,onboarding_checklist_v1,2025-01-15
7636,control,onboarding_checklist_v1,2025-02-20
7637,control,onboarding_checklist_v1,2025-01-27
7638,control,onboarding_checklist_v1,2025-05-05
7639,treatment,onboarding_checklist_v1,2025-05-25
7640,control,onboarding_checklist_v1,2025-06-02
7641,control,onboarding_checklist_v1,2025-04-25
7642,treatment,onboarding_checklist_v1,2025-05-20
7643,control,onboarding_checklist_v1,2025-03-17
7644,control,onboarding_checklist_v1,2025-04-24
7645,control,onboarding_checklist_v1,2025-01-20
7646,treatment,onboarding_checklist_v1,2025-04-08
7647,treatment,onboarding_checklist_v1,2025-04-11
7648,treatment,onboarding_checklist_v1,2025-01-06
7649,control,onboarding_checklist_v1,2025-04-10
7650,control,onboarding_checklist_v1,2025-05-11
7651,treatment,onboarding_checklist_v1,2025-03-08
7652,control,onboarding_checklist_v1,2025-04-09
7653,control,onboarding_checklist_v1,2025-02-21
7654,control,onboarding_checklist_v1,2025-02-19
7655,control,onboarding_checklist_v1,2025-01-24
7656,control,onboarding_checklist_v1,2025-03-01
7657,treatment,onboarding_checklist_v1,2025-05-26
7658,control,onboarding_checklist_v1,2025-06-19
7659,treatment,onboarding_checklist_v1,2025-04-26
7660,control,onboarding_checklist_v1,2025-04-24
7661,treatment,onboarding_checklist_v1,2025-04-22
7662,treatment,onboarding_checklist_v1,2025-03-28
7663,treatment,onboarding_checklist_v1,2025-03-18
7664,control,onboarding_checklist_v1,2025-04-23
7665,treatment,onboarding_checklist_v1,2025-05-22
7666,control,onboarding_checklist_v1,2025-03-16
7667,treatment,onboarding_checklist_v1,2025-04-13
7668,treatment,onboarding_checklist_v1,2025-03-27
7669,treatment,onboarding_checklist_v1,2025-02-21
7670,treatment,onboarding_checklist_v1,2025-02-22
7671,treatment,onboarding_checklist_v1,2025-01-15
7672,treatment,onboarding_checklist_v1,2025-03-21
7673,control,onboarding_checklist_v1,2025-05-09
7674,control,onboarding_checklist_v1,2025-05-05
7675,treatment,onboarding_checklist_v1,2025-06-28
7676,treatment,onboarding_checklist_v1,2025-01-08
7677,control,onboarding_checklist_v1,2025-05-18
7678,control,onboarding_checklist_v1,2025-05-24
7679,treatment,onboarding_checklist_v1,2025-03-20
7680,control,onboarding_checklist_v1,2025-02-21
7681,control,onboarding_checklist_v1,2025-03-06
7682,control,onboarding_checklist_v1,2025-05-04
7683,control,onboarding_checklist_v1,2025-06-06
7684,treatment,onboarding_checklist_v1,2025-04-27
7685,control,onboarding_checklist_v1,2025-04-04
7686,control,onboarding_checklist_v1,2025-04-29
7687,treatment,onboarding_checklist_v1,2025-01-13
7688,control,onboarding_checklist_v1,2025-04-21
7689,control,onboarding_checklist_v1,2025-01-08
7690,control,onboarding_checklist_v1,2025-06-23
7691,control,onboarding_checklist_v1,2025-06-10
7692,treatment,onboarding_checklist_v1,2025-04-03
7693,control,onboarding_checklist_v1,2025-03-09
7694,control,onboarding_checklist_v1,2025-05-13
7695,control,onboarding_checklist_v1,2025-04-26
7696,control,onboarding_checklist_v1,2025-05-08
7697,control,onboarding_checklist_v1,2025-04-04
7698,control,onboarding_checklist_v1,2025-02-12
7699,control,onboarding_checklist_v1,2025-01-14
7700,control,onboarding_checklist_v1,2025-02-21
7701,treatment,onboarding_checklist_v1,2025-04-06
7702,control,onboarding_checklist_v1,2025-03-18
7703,control,onboarding_checklist_v1,2025-04-02
7704,treatment,onboarding_checklist_v1,2025-02-20
7705,control,onboarding_checklist_v1,2025-06-19
7706,treatment,onboarding_checklist_v1,2025-03-08
7707,control,onboarding_checklist_v1,2025-06-03
7708,control,onboarding_checklist_v1,2025-03-12
7709,treatment,onboarding_checklist_v1,2025-03-22
7710,control,onboarding_checklist_v1,2025-04-20
7711,control,onboarding_checklist_v1,2025-02-17
7712,treatment,onboarding_checklist_v1,2025-02-09
7713,treatment,onboarding_checklist_v1,2025-03-10
7714,control,onboarding_checklist_v1,2025-05-26
7715,treatment,onboarding_checklist_v1,2025-01-27
7716,control,onboarding_checklist_v1,2025-03-21
7717,treatment,onboarding_checklist_v1,2025-05-02
7718,control,onboarding_checklist_v1,2025-05-08
7719,treatment,onboarding_checklist_v1,2025-03-20
7720,control,onboarding_checklist_v1,2025-01-15
7721,treatment,onboarding_checklist_v1,2025-01-03
7722,control,onboarding_checklist_v1,2025-03-27
7723,treatment,onboarding_checklist_v1,2025-05-27
7724,treatment,onboarding_checklist_v1,2025-01-06
7725,treatment,onboarding_checklist_v1,2025-06-10
7726,treatment,onboarding_checklist_v1,2025-05-03
7727,control,onboarding_checklist_v1,2025-01-02
7728,treatment,onboarding_checklist_v1,2025-03-04
7729,control,onboarding_checklist_v1,2025-02-09
7730,treatment,onboarding_checklist_v1,2025-06-21
7731,treatment,onboarding_checklist_v1,2025-04-11
7732,control,onboarding_checklist_v1,2025-02-28
7733,control,onboarding_checklist_v1,2025-02-20
7734,treatment,onboarding_checklist_v1,2025-04-13
7735,treatment,onboarding_checklist_v1,2025-01-01
7736,treatment,onboarding_checklist_v1,2025-02-16
7737,treatment,onboarding_checklist_v1,2025-01-30
7738,control,onboarding_checklist_v1,2025-04-23
7739,treatment,onboarding_checklist_v1,2025-05-02
7740,treatment,onboarding_checklist_v1,2025-03-26
7741,treatment,onboarding_checklist_v1,2025-01-26
7742,treatment,onboarding_checklist_v1,2025-03-09
7743,treatment,onboarding_checklist_v1,2025-06-02
7744,treatment,onboarding_checklist_v1,2025-02-06
7745,treatment,onboarding_checklist_v1,2025-01-30
7746,treatment,onboarding_checklist_v1,2025-01-21
7747,treatment,onboarding_checklist_v1,2025-05-28
7748,control,onboarding_checklist_v1,2025-01-22
7749,control,onboarding_checklist_v1,2025-04-16
7750,treatment,onboarding_checklist_v1,2025-06-30
7751,treatment,onboarding_checklist_v1,2025-04-27
7752,treatment,onboarding_checklist_v1,2025-03-16
7753,treatment,onboarding_checklist_v1,2025-02-07
7754,control,onboarding_checklist_v1,2025-01-01
7755,control,onboarding_checklist_v1,2025-01-29
7756,treatment,onboarding_checklist_v1,2025-06-22
7757,treatment,onboarding_checklist_v1,2025-01-26
7758,control,onboarding_checklist_v1,2025-01-04
7759,control,onboarding_checklist_v1,2025-05-28
7760,control,onboarding_checklist_v1,2025-03-17
7761,control,onboarding_checklist_v1,2025-03-06
7762,treatment,onboarding_checklist_v1,2025-05-10
7763,control,onboarding_checklist_v1,2025-04-05
7764,control,onboarding_checklist_v1,2025-06-15
7765,treatment,onboarding_checklist_v1,2025-03-26
7766,treatment,onboarding_checklist_v1,2025-05-10
7767,treatment,onboarding_checklist_v1,2025-06-09
7768,control,onboarding_checklist_v1,2025-03-25
7769,control,onboarding_checklist_v1,2025-02-21
7770,control,onboarding_checklist_v1,2025-06-26
7771,treatment,onboarding_checklist_v1,2025-02-11
7772,control,onboarding_checklist_v1,2025-01-08
7773,treatment,onboarding_checklist_v1,2025-04-15
7774,treatment,onboarding_checklist_v1,2025-06-28
7775,treatment,onboarding_checklist_v1,2025-01-16
7776,control,onboarding_checklist_v1,2025-06-03
7777,control,onboarding_checklist_v1,2025-05-31
7778,treatment,onboarding_checklist_v1,2025-06-18
7779,control,onboarding_checklist_v1,2025-03-18
7780,treatment,onboarding_checklist_v1,2025-02-16
7781,control,onboarding_checklist_v1,2025-04-03
7782,treatment,onboarding_checklist_v1,2025-01-26
7783,treatment,onboarding_checklist_v1,2025-06-02
7784,control,onboarding_checklist_v1,2025-05-01
7785,treatment,onboarding_checklist_v1,2025-03-29
7786,treatment,onboarding_checklist_v1,2025-04-04
7787,treatment,onboarding_checklist_v1,2025-05-09
7788,control,onboarding_checklist_v1,2025-04-05
7789,control,onboarding_checklist_v1,2025-06-02
7790,treatment,onboarding_checklist_v1,2025-06-17
7791,control,onboarding_checklist_v1,2025-06-21
7792,treatment,onboarding_checklist_v1,2025-04-23
7793,control,onboarding_checklist_v1,2025-05-15
7794,treatment,onboarding_checklist_v1,2025-02-26
7795,control,onboarding_checklist_v1,2025-01-07
7796,treatment,onboarding_checklist_v1,2025-03-14
7797,control,onboarding_checklist_v1,2025-06-07
7798,control,onboarding_checklist_v1,2025-01-25
7799,control,onboarding_checklist_v1,2025-04-09
7800,treatment,onboarding_checklist_v1,2025-02-04
7801,control,onboarding_checklist_v1,2025-03-19
7802,treatment,onboarding_checklist_v1,2025-01-26
7803,control,onboarding_checklist_v1,2025-05-13
7804,treatment,onboarding_checklist_v1,2025-05-27
7805,treatment,onboarding_checklist_v1,2025-05-18
7806,control,onboarding_checklist_v1,2025-05-08
7807,control,onboarding_checklist_v1,2025-02-12
7808,control,onboarding_checklist_v1,2025-04-06
7809,treatment,onboarding_checklist_v1,2025-01-19
7810,treatment,onboarding_checklist_v1,2025-03-09
7811,control,onboarding_checklist_v1,2025-04-02
7812,treatment,onboarding_checklist_v1,2025-05-01
7813,treatment,onboarding_checklist_v1,2025-01-18
7814,treatment,onboarding_checklist_v1,2025-05-28
7815,treatment,onboarding_checklist_v1,2025-03-25
7816,treatment,onboarding_checklist_v1,2025-06-09
7817,treatment,onboarding_checklist_v1,2025-04-06
7818,treatment,onboarding_checklist_v1,2025-04-10
7819,control,onboarding_checklist_v1,2025-05-06
7820,treatment,onboarding_checklist_v1,2025-05-29
7821,treatment,onboarding_checklist_v1,2025-01-29
7822,treatment,onboarding_checklist_v1,2025-04-03
7823,control,onboarding_checklist_v1,2025-01-06
7824,treatment,onboarding_checklist_v1,2025-03-27
7825,control,onboarding_checklist_v1,2025-05-28
7826,treatment,onboarding_checklist_v1,2025-06-06
7827,control,onboarding_checklist_v1,2025-02-21
7828,treatment,onboarding_checklist_v1,2025-03-11
7829,control,onboarding_checklist_v1,2025-04-10
7830,control,onboarding_checklist_v1,2025-03-13
7831,control,onboarding_checklist_v1,2025-02-02
7832,control,onboarding_checklist_v1,2025-02-25
7833,control,onboarding_checklist_v1,2025-03-15
7834,treatment,onboarding_checklist_v1,2025-04-04
7835,treatment,onboarding_checklist_v1,2025-06-16
7836,treatment,onboarding_checklist_v1,2025-04-09
7837,treatment,onboarding_checklist_v1,2025-03-12
7838,control,onboarding_checklist_v1,2025-04-30
7839,treatment,onboarding_checklist_v1,2025-05-20
7840,treatment,onboarding_checklist_v1,2025-03-19
7841,control,onboarding_checklist_v1,2025-03-30
7842,treatment,onboarding_checklist_v1,2025-02-09
7843,treatment,onboarding_checklist_v1,2025-06-06
7844,treatment,onboarding_checklist_v1,2025-06-06
7845,treatment,onboarding_checklist_v1,2025-02-01
7846,control,onboarding_checklist_v1,2025-03-04
7847,treatment,onboarding_checklist_v1,2025-02-19
7848,control,onboarding_checklist_v1,2025-06-17
7849,treatment,onboarding_checklist_v1,2025-01-12
7850,control,onboarding_checklist_v1,2025-02-07
7851,control,onboarding_checklist_v1,2025-02-26
7852,control,onboarding_checklist_v1,2025-04-12
7853,control,onboarding_checklist_v1,2025-02-15
7854,control,onboarding_checklist_v1,2025-04-08
7855,control,onboarding_checklist_v1,2025-05-16
7856,treatment,onboarding_checklist_v1,2025-05-30
7857,treatment,onboarding_checklist_v1,2025-01-18
7858,control,onboarding_checklist_v1,2025-01-26
7859,treatment,onboarding_checklist_v1,2025-01-18
7860,treatment,onboarding_checklist_v1,2025-06-14
7861,control,onboarding_checklist_v1,2025-04-29
7862,treatment,onboarding_checklist_v1,2025-04-07
7863,control,onboarding_checklist_v1,2025-05-24
7864,control,onboarding_checklist_v1,2025-04-17
7865,control,onboarding_checklist_v1,2025-02-12
7866,control,onboarding_checklist_v1,2025-04-03
7867,treatment,onboarding_checklist_v1,2025-05-08
7868,treatment,onboarding_checklist_v1,2025-01-07
7869,control,onboarding_checklist_v1,2025-04-20
7870,treatment,onboarding_checklist_v1,2025-03-31
7871,control,onboarding_checklist_v1,2025-01-13
7872,control,onboarding_checklist_v1,2025-02-17
7873,treatment,onboarding_checklist_v1,2025-03-23
7874,treatment,onboarding_checklist_v1,2025-03-04
7875,treatment,onboarding_checklist_v1,2025-02-22
7876,control,onboarding_checklist_v1,2025-04-28
7877,control,onboarding_checklist_v1,2025-03-15
7878,control,onboarding_checklist_v1,2025-04-01
7879,treatment,onboarding_checklist_v1,2025-05-25
7880,control,onboarding_checklist_v1,2025-01-17
7881,treatment,onboarding_checklist_v1,2025-03-07
7882,control,onboarding_checklist_v1,2025-01-14
7883,control,onboarding_checklist_v1,2025-06-17
7884,control,onboarding_checklist_v1,2025-02-03
7885,treatment,onboarding_checklist_v1,2025-05-29
7886,treatment,onboarding_checklist_v1,2025-02-04
7887,treatment,onboarding_checklist_v1,2025-02-28
7888,treatment,onboarding_checklist_v1,2025-04-21
7889,treatment,onboarding_checklist_v1,2025-05-31
7890,control,onboarding_checklist_v1,2025-02-02
7891,treatment,onboarding_checklist_v1,2025-02-08
7892,treatment,onboarding_checklist_v1,2025-06-09
7893,treatment,onboarding_checklist_v1,2025-02-28
7894,control,onboarding_checklist_v1,2025-02-07
7895,control,onboarding_checklist_v1,2025-05-15
7896,treatment,onboarding_checklist_v1,2025-01-17
7897,control,onboarding_checklist_v1,2025-06-06
7898,control,onboarding_checklist_v1,2025-06-08
7899,control,onboarding_checklist_v1,2025-06-05
7900,treatment,onboarding_checklist_v1,2025-02-23
7901,control,onboarding_checklist_v1,2025-01-21
7902,treatment,onboarding_checklist_v1,2025-03-19
7903,treatment,onboarding_checklist_v1,2025-03-02
7904,treatment,onboarding_checklist_v1,2025-06-23
7905,control,onboarding_checklist_v1,2025-04-25
7906,treatment,onboarding_checklist_v1,2025-06-20
7907,control,onboarding_checklist_v1,2025-05-16
7908,control,onboarding_checklist_v1,2025-05-10
7909,control,onboarding_checklist_v1,2025-01-21
7910,control,onboarding_checklist_v1,2025-01-13
7911,treatment,onboarding_checklist_v1,2025-01-09
7912,control,onboarding_checklist_v1,2025-04-18
7913,treatment,onboarding_checklist_v1,2025-02-06
7914,control,onboarding_checklist_v1,2025-06-29
7915,treatment,onboarding_checklist_v1,2025-01-25
7916,treatment,onboarding_checklist_v1,2025-06-21
7917,control,onboarding_checklist_v1,2025-05-01
7918,treatment,onboarding_checklist_v1,2025-01-20
7919,control,onboarding_checklist_v1,2025-01-11
7920,treatment,onboarding_checklist_v1,2025-03-13
7921,treatment,onboarding_checklist_v1,2025-03-03
7922,treatment,onboarding_checklist_v1,2025-02-27
7923,control,onboarding_checklist_v1,2025-04-06
7924,treatment,onboarding_checklist_v1,2025-01-24
7925,treatment,onboarding_checklist_v1,2025-01-24
7926,treatment,onboarding_checklist_v1,2025-05-06
7927,control,onboarding_checklist_v1,2025-06-29
7928,control,onboarding_checklist_v1,2025-02-19
7929,treatment,onboarding_checklist_v1,2025-06-18
7930,treatment,onboarding_checklist_v1,2025-03-04
7931,treatment,onboarding_checklist_v1,2025-03-02
7932,treatment,onboarding_checklist_v1,2025-01-17
7933,treatment,onboarding_checklist_v1,2025-03-18
7934,control,onboarding_checklist_v1,2025-04-01
7935,treatment,onboarding_checklist_v1,2025-05-01
7936,control,onboarding_checklist_v1,2025-01-29
7937,treatment,onboarding_checklist_v1,2025-02-04
7938,control,onboarding_checklist_v1,2025-03-20
7939,treatment,onboarding_checklist_v1,2025-01-13
7940,treatment,onboarding_checklist_v1,2025-01-26
7941,treatment,onboarding_checklist_v1,2025-04-24
7942,control,onboarding_checklist_v1,2025-06-22
7943,treatment,onboarding_checklist_v1,2025-04-14
7944,control,onboarding_checklist_v1,2025-01-27
7945,control,onboarding_checklist_v1,2025-06-29
7946,treatment,onboarding_checklist_v1,2025-04-05
7947,treatment,onboarding_checklist_v1,2025-05-10
7948,control,onboarding_checklist_v1,2025-02-05
7949,treatment,onboarding_checklist_v1,2025-04-15
7950,control,onboarding_checklist_v1,2025-01-14
7951,treatment,onboarding_checklist_v1,2025-04-24
7952,treatment,onboarding_checklist_v1,2025-02-06
7953,treatment,onboarding_checklist_v1,2025-06-14
7954,treatment,onboarding_checklist_v1,2025-01-10
7955,treatment,onboarding_checklist_v1,2025-04-29
7956,treatment,onboarding_checklist_v1,2025-01-26
7957,control,onboarding_checklist_v1,2025-05-05
7958,control,onboarding_checklist_v1,2025-03-31
7959,treatment,onboarding_checklist_v1,2025-06-25
7960,control,onboarding_checklist_v1,2025-04-28
7961,treatment,onboarding_checklist_v1,2025-03-09
7962,control,onboarding_checklist_v1,2025-01-16
7963,treatment,onboarding_checklist_v1,2025-04-18
7964,control,onboarding_checklist_v1,2025-03-21
7965,treatment,onboarding_checklist_v1,2025-01-10
7966,treatment,onboarding_checklist_v1,2025-04-16
7967,control,onboarding_checklist_v1,2025-02-08
7968,treatment,onboarding_checklist_v1,2025-02-12
7969,control,onboarding_checklist_v1,2025-01-02
7970,treatment,onboarding_checklist_v1,2025-03-09
7971,treatment,onboarding_checklist_v1,2025-02-09
7972,control,onboarding_checklist_v1,2025-01-14
7973,control,onboarding_checklist_v1,2025-03-20
7974,control,onboarding_checklist_v1,2025-02-09
7975,control,onboarding_checklist_v1,2025-01-25
7976,treatment,onboarding_checklist_v1,2025-03-26
7977,control,onboarding_checklist_v1,2025-01-12
7978,treatment,onboarding_checklist_v1,2025-06-29
7979,treatment,onboarding_checklist_v1,2025-03-27
7980,treatment,onboarding_checklist_v1,2025-06-30
7981,treatment,onboarding_checklist_v1,2025-06-09
7982,control,onboarding_checklist_v1,2025-06-27
7983,treatment,onboarding_checklist_v1,2025-04-09
7984,treatment,onboarding_checklist_v1,2025-03-18
7985,treatment,onboarding_checklist_v1,2025-05-11
7986,control,onboarding_checklist_v1,2025-01-15
7987,control,onboarding_checklist_v1,2025-06-02
7988,treatment,onboarding_checklist_v1,2025-02-28
7989,treatment,onboarding_checklist_v1,2025-01-02
7990,control,onboarding_checklist_v1,2025-02-13
7991,treatment,onboarding_checklist_v1,2025-02-13
7992,control,onboarding_checklist_v1,2025-01-03
7993,treatment,onboarding_checklist_v1,2025-05-02
7994,control,onboarding_checklist_v1,2025-01-18
7995,control,onboarding_checklist_v1,2025-06-03
7996,control,onboarding_checklist_v1,2025-03-24
7997,control,onboarding_checklist_v1,2025-05-11
7998,control,onboarding_checklist_v1,2025-03-03
7999,control,onboarding_checklist_v1,2025-01-24
8000,control,onboarding_checklist_v1,2025-02-02
8001,treatment,onboarding_checklist_v1,2025-04-27
8002,treatment,onboarding_checklist_v1,2025-05-10
8003,treatment,onboarding_checklist_v1,2025-02-18
8004,control,onboarding_checklist_v1,2025-03-06
8005,control,onboarding_checklist_v1,2025-06-21
8006,treatment,onboarding_checklist_v1,2025-06-04
8007,treatment,onboarding_checklist_v1,2025-03-16
8008,treatment,onboarding_checklist_v1,2025-02-13
8009,treatment,onboarding_checklist_v1,2025-02-24
8010,treatment,onboarding_checklist_v1,2025-04-08
8011,treatment,onboarding_checklist_v1,2025-04-13
8012,control,onboarding_checklist_v1,2025-02-03
8013,treatment,onboarding_checklist_v1,2025-01-12
8014,treatment,onboarding_checklist_v1,2025-03-31
8015,treatment,onboarding_checklist_v1,2025-05-25
8016,control,onboarding_checklist_v1,2025-01-28
8017,control,onboarding_checklist_v1,2025-03-15
8018,control,onboarding_checklist_v1,2025-01-30
8019,control,onboarding_checklist_v1,2025-02-13
8020,treatment,onboarding_checklist_v1,2025-04-21
8021,treatment,onboarding_checklist_v1,2025-02-21
8022,control,onboarding_checklist_v1,2025-02-17
8023,treatment,onboarding_checklist_v1,2025-06-30
8024,control,onboarding_checklist_v1,2025-02-01
8025,treatment,onboarding_checklist_v1,2025-02-04
8026,control,onboarding_checklist_v1,2025-06-18
8027,treatment,onboarding_checklist_v1,2025-04-10
8028,treatment,onboarding_checklist_v1,2025-01-08
8029,treatment,onboarding_checklist_v1,2025-03-18
8030,treatment,onboarding_checklist_v1,2025-04-13
8031,control,onboarding_checklist_v1,2025-02-15
8032,treatment,onboarding_checklist_v1,2025-04-10
8033,control,onboarding_checklist_v1,2025-04-28
8034,control,onboarding_checklist_v1,2025-02-15
8035,treatment,onboarding_checklist_v1,2025-05-28
8036,treatment,onboarding_checklist_v1,2025-03-23
8037,treatment,onboarding_checklist_v1,2025-06-24
8038,control,onboarding_checklist_v1,2025-01-16
8039,treatment,onboarding_checklist_v1,2025-02-28
8040,control,onboarding_checklist_v1,2025-05-11
8041,treatment,onboarding_checklist_v1,2025-06-11
8042,treatment,onboarding_checklist_v1,2025-02-10
8043,treatment,onboarding_checklist_v1,2025-06-27
8044,treatment,onboarding_checklist_v1,2025-02-05
8045,treatment,onboarding_checklist_v1,2025-03-17
8046,control,onboarding_checklist_v1,2025-02-26
8047,treatment,onboarding_checklist_v1,2025-03-18
8048,treatment,onboarding_checklist_v1,2025-06-13
8049,control,onboarding_checklist_v1,2025-05-13
8050,control,onboarding_checklist_v1,2025-05-25
8051,control,onboarding_checklist_v1,2025-02-15
8052,treatment,onboarding_checklist_v1,2025-06-21
8053,treatment,onboarding_checklist_v1,2025-03-20
8054,treatment,onboarding_checklist_v1,2025-04-29
8055,control,onboarding_checklist_v1,2025-05-07
8056,control,onboarding_checklist_v1,2025-04-30
8057,treatment,onboarding_checklist_v1,2025-04-19
8058,control,onboarding_checklist_v1,2025-03-28
8059,control,onboarding_checklist_v1,2025-04-28
8060,control,onboarding_checklist_v1,2025-06-13
8061,control,onboarding_checklist_v1,2025-03-12
8062,control,onboarding_checklist_v1,2025-04-03
8063,treatment,onboarding_checklist_v1,2025-02-02
8064,control,onboarding_checklist_v1,2025-03-06
8065,control,onboarding_checklist_v1,2025-05-20
8066,treatment,onboarding_checklist_v1,2025-04-26
8067,treatment,onboarding_checklist_v1,2025-02-08
8068,treatment,onboarding_checklist_v1,2025-04-09
8069,treatment,onboarding_checklist_v1,2025-05-27
8070,treatment,onboarding_checklist_v1,2025-01-23
8071,treatment,onboarding_checklist_v1,2025-01-12
8072,treatment,onboarding_checklist_v1,2025-03-13
8073,control,onboarding_checklist_v1,2025-04-29
8074,treatment,onboarding_checklist_v1,2025-02-26
8075,control,onboarding_checklist_v1,2025-05-29
8076,control,onboarding_checklist_v1,2025-06-03
8077,control,onboarding_checklist_v1,2025-04-07
8078,control,onboarding_checklist_v1,2025-03-10
8079,control,onboarding_checklist_v1,2025-01-08
8080,treatment,onboarding_checklist_v1,2025-05-29
8081,control,onboarding_checklist_v1,2025-06-12
8082,control,onboarding_checklist_v1,2025-03-22
8083,control,onboarding_checklist_v1,2025-04-04
8084,control,onboarding_checklist_v1,2025-05-17
8085,treatment,onboarding_checklist_v1,2025-05-06
8086,control,onboarding_checklist_v1,2025-01-25
8087,control,onboarding_checklist_v1,2025-05-02
8088,control,onboarding_checklist_v1,2025-06-17
8089,control,onboarding_checklist_v1,2025-05-16
8090,control,onboarding_checklist_v1,2025-03-28
8091,control,onboarding_checklist_v1,2025-04-05
8092,treatment,onboarding_checklist_v1,2025-02-17
8093,treatment,onboarding_checklist_v1,2025-04-30
8094,treatment,onboarding_checklist_v1,2025-02-13
8095,control,onboarding_checklist_v1,2025-03-03
8096,control,onboarding_checklist_v1,2025-02-17
8097,treatment,onboarding_checklist_v1,2025-03-02
8098,control,onboarding_checklist_v1,2025-03-08
8099,treatment,onboarding_checklist_v1,2025-01-16
8100,treatment,onboarding_checklist_v1,2025-05-10
8101,control,onboarding_checklist_v1,2025-03-21
8102,control,onboarding_checklist_v1,2025-06-21
8103,treatment,onboarding_checklist_v1,2025-02-02
8104,treatment,onboarding_checklist_v1,2025-05-02
8105,treatment,onboarding_checklist_v1,2025-02-02
8106,control,onboarding_checklist_v1,2025-04-10
8107,treatment,onboarding_checklist_v1,2025-03-30
8108,control,onboarding_checklist_v1,2025-03-23
8109,control,onboarding_checklist_v1,2025-04-29
8110,treatment,onboarding_checklist_v1,2025-05-30
8111,treatment,onboarding_checklist_v1,2025-02-27
8112,control,onboarding_checklist_v1,2025-06-03
8113,control,onboarding_checklist_v1,2025-02-03
8114,control,onboarding_checklist_v1,2025-02-23
8115,control,onboarding_checklist_v1,2025-02-26
8116,control,onboarding_checklist_v1,2025-06-22
8117,treatment,onboarding_checklist_v1,2025-01-22
8118,control,onboarding_checklist_v1,2025-03-13
8119,treatment,onboarding_checklist_v1,2025-03-18
8120,control,onboarding_checklist_v1,2025-05-25
8121,control,onboarding_checklist_v1,2025-03-29
8122,control,onboarding_checklist_v1,2025-06-24
8123,control,onboarding_checklist_v1,2025-05-14
8124,treatment,onboarding_checklist_v1,2025-05-08
8125,treatment,onboarding_checklist_v1,2025-05-17
8126,treatment,onboarding_checklist_v1,2025-01-30
8127,control,onboarding_checklist_v1,2025-03-23
8128,treatment,onboarding_checklist_v1,2025-04-17
8129,treatment,onboarding_checklist_v1,2025-02-07
8130,control,onboarding_checklist_v1,2025-01-22
8131,treatment,onboarding_checklist_v1,2025-01-25
8132,treatment,onboarding_checklist_v1,2025-05-23
8133,treatment,onboarding_checklist_v1,2025-04-29
8134,treatment,onboarding_checklist_v1,2025-02-20
8135,treatment,onboarding_checklist_v1,2025-05-14
8136,control,onboarding_checklist_v1,2025-05-06
8137,treatment,onboarding_checklist_v1,2025-05-28
8138,treatment,onboarding_checklist_v1,2025-06-14
8139,control,onboarding_checklist_v1,2025-06-09
8140,treatment,onboarding_checklist_v1,2025-02-02
8141,treatment,onboarding_checklist_v1,2025-05-20
8142,control,onboarding_checklist_v1,2025-03-13
8143,treatment,onboarding_checklist_v1,2025-03-14
8144,treatment,onboarding_checklist_v1,2025-04-28
8145,treatment,onboarding_checklist_v1,2025-04-19
8146,treatment,onboarding_checklist_v1,2025-03-17
8147,control,onboarding_checklist_v1,2025-06-30
8148,treatment,onboarding_checklist_v1,2025-02-01
8149,treatment,onboarding_checklist_v1,2025-01-18
8150,treatment,onboarding_checklist_v1,2025-01-06
8151,control,onboarding_checklist_v1,2025-05-28
8152,control,onboarding_checklist_v1,2025-03-15
8153,treatment,onboarding_checklist_v1,2025-03-21
8154,control,onboarding_checklist_v1,2025-04-28
8155,control,onboarding_checklist_v1,2025-03-20
8156,treatment,onboarding_checklist_v1,2025-04-14
8157,treatment,onboarding_checklist_v1,2025-01-11
8158,treatment,onboarding_checklist_v1,2025-01-29
8159,treatment,onboarding_checklist_v1,2025-06-18
8160,treatment,onboarding_checklist_v1,2025-03-23
8161,control,onboarding_checklist_v1,2025-01-31
8162,treatment,onboarding_checklist_v1,2025-03-08
8163,treatment,onboarding_checklist_v1,2025-03-02
8164,treatment,onboarding_checklist_v1,2025-02-19
8165,control,onboarding_checklist_v1,2025-02-23
8166,control,onboarding_checklist_v1,2025-05-12
8167,treatment,onboarding_checklist_v1,2025-01-20
8168,treatment,onboarding_checklist_v1,2025-02-26
8169,treatment,onboarding_checklist_v1,2025-03-26
8170,treatment,onboarding_checklist_v1,2025-04-08
8171,treatment,onboarding_checklist_v1,2025-06-09
8172,control,onboarding_checklist_v1,2025-06-17
8173,treatment,onboarding_checklist_v1,2025-02-23
8174,treatment,onboarding_checklist_v1,2025-04-08
8175,control,onboarding_checklist_v1,2025-01-05
8176,control,onboarding_checklist_v1,2025-04-22
8177,treatment,onboarding_checklist_v1,2025-01-28
8178,treatment,onboarding_checklist_v1,2025-01-14
8179,control,onboarding_checklist_v1,2025-05-02
8180,control,onboarding_checklist_v1,2025-02-02
8181,control,onboarding_checklist_v1,2025-03-28
8182,treatment,onboarding_checklist_v1,2025-01-19
8183,treatment,onboarding_checklist_v1,2025-05-15
8184,control,onboarding_checklist_v1,2025-05-19
8185,treatment,onboarding_checklist_v1,2025-04-15
8186,control,onboarding_checklist_v1,2025-06-01
8187,control,onboarding_checklist_v1,2025-03-21
8188,control,onboarding_checklist_v1,2025-02-03
8189,treatment,onboarding_checklist_v1,2025-01-28
8190,treatment,onboarding_checklist_v1,2025-02-09
8191,control,onboarding_checklist_v1,2025-02-06
8192,treatment,onboarding_checklist_v1,2025-02-28
8193,treatment,onboarding_checklist_v1,2025-02-08
8194,treatment,onboarding_checklist_v1,2025-04-17
8195,treatment,onboarding_checklist_v1,2025-01-27
8196,treatment,onboarding_checklist_v1,2025-04-23
8197,control,onboarding_checklist_v1,2025-03-02
8198,control,onboarding_checklist_v1,2025-05-05
8199,treatment,onboarding_checklist_v1,2025-04-03
8200,treatment,onboarding_checklist_v1,2025-06-13
8201,treatment,onboarding_checklist_v1,2025-03-21
8202,treatment,onboarding_checklist_v1,2025-02-23
8203,treatment,onboarding_checklist_v1,2025-04-17
8204,treatment,onboarding_checklist_v1,2025-04-30
8205,treatment,onboarding_checklist_v1,2025-03-21
8206,control,onboarding_checklist_v1,2025-04-12
8207,treatment,onboarding_checklist_v1,2025-03-27
8208,treatment,onboarding_checklist_v1,2025-02-25
8209,control,onboarding_checklist_v1,2025-02-26
8210,control,onboarding_checklist_v1,2025-06-14
8211,treatment,onboarding_checklist_v1,2025-05-03
8212,treatment,onboarding_checklist_v1,2025-01-18
8213,control,onboarding_checklist_v1,2025-06-24
8214,control,onboarding_checklist_v1,2025-05-09
8215,control,onboarding_checklist_v1,2025-01-10
8216,control,onboarding_checklist_v1,2025-05-12
8217,treatment,onboarding_checklist_v1,2025-04-17
8218,treatment,onboarding_checklist_v1,2025-06-15
8219,treatment,onboarding_checklist_v1,2025-03-30
8220,control,onboarding_checklist_v1,2025-04-04
8221,control,onboarding_checklist_v1,2025-02-26
8222,control,onboarding_checklist_v1,2025-02-28
8223,treatment,onboarding_checklist_v1,2025-04-22
8224,treatment,onboarding_checklist_v1,2025-05-30
8225,control,onboarding_checklist_v1,2025-06-11
8226,treatment,onboarding_checklist_v1,2025-05-20
8227,control,onboarding_checklist_v1,2025-04-21
8228,control,onboarding_checklist_v1,2025-04-01
8229,treatment,onboarding_checklist_v1,2025-03-03
8230,control,onboarding_checklist_v1,2025-05-19
8231,treatment,onboarding_checklist_v1,2025-02-27
8232,control,onboarding_checklist_v1,2025-02-18
8233,treatment,onboarding_checklist_v1,2025-06-07
8234,control,onboarding_checklist_v1,2025-04-17
8235,control,onboarding_checklist_v1,2025-03-06
8236,control,onboarding_checklist_v1,2025-06-06
8237,treatment,onboarding_checklist_v1,2025-06-24
8238,treatment,onboarding_checklist_v1,2025-02-27
8239,treatment,onboarding_checklist_v1,2025-04-05
8240,control,onboarding_checklist_v1,2025-03-29
8241,control,onboarding_checklist_v1,2025-05-07
8242,control,onboarding_checklist_v1,2025-06-22
8243,treatment,onboarding_checklist_v1,2025-04-10
8244,control,onboarding_checklist_v1,2025-05-25
8245,control,onboarding_checklist_v1,2025-04-18
8246,treatment,onboarding_checklist_v1,2025-06-10
8247,treatment,onboarding_checklist_v1,2025-03-15
8248,control,onboarding_checklist_v1,2025-03-11
8249,control,onboarding_checklist_v1,2025-03-18
8250,control,onboarding_checklist_v1,2025-06-30
8251,treatment,onboarding_checklist_v1,2025-04-21
8252,control,onboarding_checklist_v1,2025-01-28
8253,treatment,onboarding_checklist_v1,2025-01-08
8254,control,onboarding_checklist_v1,2025-04-04
8255,treatment,onboarding_checklist_v1,2025-05-26
8256,treatment,onboarding_checklist_v1,2025-03-28
8257,control,onboarding_checklist_v1,2025-04-12
8258,control,onboarding_checklist_v1,2025-05-25
8259,control,onboarding_checklist_v1,2025-04-04
8260,treatment,onboarding_checklist_v1,2025-06-14
8261,treatment,onboarding_checklist_v1,2025-04-26
8262,treatment,onboarding_checklist_v1,2025-05-13
8263,control,onboarding_checklist_v1,2025-05-22
8264,control,onboarding_checklist_v1,2025-04-24
8265,treatment,onboarding_checklist_v1,2025-01-10
8266,treatment,onboarding_checklist_v1,2025-03-19
8267,treatment,onboarding_checklist_v1,2025-01-26
8268,treatment,onboarding_checklist_v1,2025-04-03
8269,treatment,onboarding_checklist_v1,2025-01-26
8270,treatment,onboarding_checklist_v1,2025-04-03
8271,treatment,onboarding_checklist_v1,2025-03-04
8272,treatment,onboarding_checklist_v1,2025-01-04
8273,treatment,onboarding_checklist_v1,2025-01-23
8274,treatment,onboarding_checklist_v1,2025-04-02
8275,control,onboarding_checklist_v1,2025-01-15
8276,treatment,onboarding_checklist_v1,2025-06-04
8277,treatment,onboarding_checklist_v1,2025-05-18
8278,control,onboarding_checklist_v1,2025-05-09
8279,treatment,onboarding_checklist_v1,2025-02-01
8280,control,onboarding_checklist_v1,2025-05-25
8281,control,onboarding_checklist_v1,2025-04-25
8282,control,onboarding_checklist_v1,2025-03-12
8283,treatment,onboarding_checklist_v1,2025-01-01
8284,treatment,onboarding_checklist_v1,2025-04-06
8285,treatment,onboarding_checklist_v1,2025-05-25
8286,control,onboarding_checklist_v1,2025-01-07
8287,treatment,onboarding_checklist_v1,2025-01-10
8288,control,onboarding_checklist_v1,2025-03-11
8289,control,onboarding_checklist_v1,2025-04-03
8290,control,onboarding_checklist_v1,2025-03-27
8291,treatment,onboarding_checklist_v1,2025-03-19
8292,control,onboarding_checklist_v1,2025-02-16
8293,treatment,onboarding_checklist_v1,2025-01-11
8294,treatment,onboarding_checklist_v1,2025-01-06
8295,control,onboarding_checklist_v1,2025-01-18
8296,treatment,onboarding_checklist_v1,2025-05-05
8297,control,onboarding_checklist_v1,2025-05-23
8298,control,onboarding_checklist_v1,2025-03-20
8299,control,onboarding_checklist_v1,2025-01-15
8300,treatment,onboarding_checklist_v1,2025-03-17
8301,treatment,onboarding_checklist_v1,2025-06-28
8302,treatment,onboarding_checklist_v1,2025-02-15
8303,treatment,onboarding_checklist_v1,2025-03-30
8304,control,onboarding_checklist_v1,2025-04-08
8305,treatment,onboarding_checklist_v1,2025-03-01
8306,control,onboarding_checklist_v1,2025-03-21
8307,control,onboarding_checklist_v1,2025-03-27
8308,treatment,onboarding_checklist_v1,2025-03-27
8309,control,onboarding_checklist_v1,2025-05-10
8310,control,onboarding_checklist_v1,2025-04-16
8311,control,onboarding_checklist_v1,2025-01-10
8312,control,onboarding_checklist_v1,2025-01-02
8313,treatment,onboarding_checklist_v1,2025-03-16
8314,control,onboarding_checklist_v1,2025-06-14
8315,treatment,onboarding_checklist_v1,2025-01-07
8316,control,onboarding_checklist_v1,2025-01-13
8317,treatment,onboarding_checklist_v1,2025-05-03
8318,treatment,onboarding_checklist_v1,2025-03-23
8319,treatment,onboarding_checklist_v1,2025-02-11
8320,treatment,onboarding_checklist_v1,2025-02-07
8321,treatment,onboarding_checklist_v1,2025-05-01
8322,treatment,onboarding_checklist_v1,2025-04-05
8323,treatment,onboarding_checklist_v1,2025-04-26
8324,control,onboarding_checklist_v1,2025-02-20
8325,control,onboarding_checklist_v1,2025-04-06
8326,treatment,onboarding_checklist_v1,2025-06-05
8327,control,onboarding_checklist_v1,2025-02-27
8328,control,onboarding_checklist_v1,2025-03-13
8329,treatment,onboarding_checklist_v1,2025-01-30
8330,control,onboarding_checklist_v1,2025-04-26
8331,control,onboarding_checklist_v1,2025-01-06
8332,treatment,onboarding_checklist_v1,2025-02-15
8333,control,onboarding_checklist_v1,2025-05-10
8334,control,onboarding_checklist_v1,2025-01-04
8335,control,onboarding_checklist_v1,2025-06-29
8336,control,onboarding_checklist_v1,2025-03-15
8337,control,onboarding_checklist_v1,2025-03-14
8338,treatment,onboarding_checklist_v1,2025-04-08
8339,control,onboarding_checklist_v1,2025-04-26
8340,control,onboarding_checklist_v1,2025-03-25
8341,treatment,onboarding_checklist_v1,2025-06-10
8342,control,onboarding_checklist_v1,2025-06-24
8343,control,onboarding_checklist_v1,2025-02-06
8344,control,onboarding_checklist_v1,2025-05-08
8345,control,onboarding_checklist_v1,2025-02-24
8346,control,onboarding_checklist_v1,2025-06-30
8347,control,onboarding_checklist_v1,2025-02-15
8348,treatment,onboarding_checklist_v1,2025-02-23
8349,treatment,onboarding_checklist_v1,2025-05-10
8350,treatment,onboarding_checklist_v1,2025-05-23
8351,control,onboarding_checklist_v1,2025-01-24
8352,treatment,onboarding_checklist_v1,2025-04-11
8353,treatment,onboarding_checklist_v1,2025-03-04
8354,control,onboarding_checklist_v1,2025-04-21
8355,treatment,onboarding_checklist_v1,2025-04-11
8356,treatment,onboarding_checklist_v1,2025-06-28
8357,control,onboarding_checklist_v1,2025-06-18
8358,treatment,onboarding_checklist_v1,2025-04-29
8359,control,onboarding_checklist_v1,2025-05-03
8360,control,onboarding_checklist_v1,2025-06-12
8361,control,onboarding_checklist_v1,2025-02-03
8362,control,onboarding_checklist_v1,2025-05-12
8363,treatment,onboarding_checklist_v1,2025-05-20
8364,treatment,onboarding_checklist_v1,2025-01-24
8365,control,onboarding_checklist_v1,2025-06-09
8366,treatment,onboarding_checklist_v1,2025-05-07
8367,treatment,onboarding_checklist_v1,2025-03-04
8368,treatment,onboarding_checklist_v1,2025-03-29
8369,treatment,onboarding_checklist_v1,2025-03-30
8370,treatment,onboarding_checklist_v1,2025-06-16
8371,treatment,onboarding_checklist_v1,2025-06-25
8372,control,onboarding_checklist_v1,2025-05-27
8373,treatment,onboarding_checklist_v1,2025-04-29
8374,control,onboarding_checklist_v1,2025-01-19
8375,control,onboarding_checklist_v1,2025-06-15
8376,control,onboarding_checklist_v1,2025-01-25
8377,control,onboarding_checklist_v1,2025-01-31
8378,treatment,onboarding_checklist_v1,2025-01-13
8379,treatment,onboarding_checklist_v1,2025-06-21
8380,control,onboarding_checklist_v1,2025-03-31
8381,treatment,onboarding_checklist_v1,2025-02-12
8382,control,onboarding_checklist_v1,2025-01-15
8383,treatment,onboarding_checklist_v1,2025-03-16
8384,control,onboarding_checklist_v1,2025-05-11
8385,control,onboarding_checklist_v1,2025-06-30
8386,treatment,onboarding_checklist_v1,2025-04-10
8387,treatment,onboarding_checklist_v1,2025-04-20
8388,control,onboarding_checklist_v1,2025-06-01
8389,control,onboarding_checklist_v1,2025-06-13
8390,control,onboarding_checklist_v1,2025-02-20
8391,treatment,onboarding_checklist_v1,2025-06-29
8392,control,onboarding_checklist_v1,2025-04-04
8393,control,onboarding_checklist_v1,2025-06-18
8394,treatment,onboarding_checklist_v1,2025-01-22
8395,treatment,onboarding_checklist_v1,2025-01-18
8396,control,onboarding_checklist_v1,2025-06-10
8397,treatment,onboarding_checklist_v1,2025-05-02
8398,control,onboarding_checklist_v1,2025-02-01
8399,control,onboarding_checklist_v1,2025-06-11
8400,treatment,onboarding_checklist_v1,2025-01-19
8401,control,onboarding_checklist_v1,2025-05-04
8402,control,onboarding_checklist_v1,2025-02-07
8403,treatment,onboarding_checklist_v1,2025-01-13
8404,treatment,onboarding_checklist_v1,2025-05-26
8405,treatment,onboarding_checklist_v1,2025-06-03
8406,treatment,onboarding_checklist_v1,2025-01-20
8407,control,onboarding_checklist_v1,2025-01-17
8408,treatment,onboarding_checklist_v1,2025-04-22
8409,control,onboarding_checklist_v1,2025-01-06
8410,treatment,onboarding_checklist_v1,2025-05-16
8411,control,onboarding_checklist_v1,2025-06-15
8412,control,onboarding_checklist_v1,2025-05-16
8413,control,onboarding_checklist_v1,2025-02-11
8414,treatment,onboarding_checklist_v1,2025-02-04
8415,control,onboarding_checklist_v1,2025-05-04
8416,treatment,onboarding_checklist_v1,2025-01-12
8417,treatment,onboarding_checklist_v1,2025-04-08
8418,treatment,onboarding_checklist_v1,2025-03-23
8419,control,onboarding_checklist_v1,2025-05-15
8420,control,onboarding_checklist_v1,2025-02-06
8421,treatment,onboarding_checklist_v1,2025-05-18
8422,treatment,onboarding_checklist_v1,2025-05-07
8423,control,onboarding_checklist_v1,2025-02-13
8424,treatment,onboarding_checklist_v1,2025-03-06
8425,control,onboarding_checklist_v1,2025-01-12
8426,control,onboarding_checklist_v1,2025-03-23
8427,control,onboarding_checklist_v1,2025-02-17
8428,control,onboarding_checklist_v1,2025-01-21
8429,control,onboarding_checklist_v1,2025-04-12
8430,treatment,onboarding_checklist_v1,2025-04-13
8431,control,onboarding_checklist_v1,2025-01-16
8432,treatment,onboarding_checklist_v1,2025-02-03
8433,treatment,onboarding_checklist_v1,2025-01-15
8434,treatment,onboarding_checklist_v1,2025-05-03
8435,control,onboarding_checklist_v1,2025-03-03
8436,treatment,onboarding_checklist_v1,2025-01-13
8437,control,onboarding_checklist_v1,2025-02-04
8438,treatment,onboarding_checklist_v1,2025-06-26
8439,control,onboarding_checklist_v1,2025-02-16
8440,treatment,onboarding_checklist_v1,2025-05-04
8441,control,onboarding_checklist_v1,2025-03-26
8442,treatment,onboarding_checklist_v1,2025-02-02
8443,control,onboarding_checklist_v1,2025-02-25
8444,control,onboarding_checklist_v1,2025-01-03
8445,treatment,onboarding_checklist_v1,2025-05-16
8446,control,onboarding_checklist_v1,2025-03-02
8447,treatment,onboarding_checklist_v1,2025-04-01
8448,treatment,onboarding_checklist_v1,2025-01-28
8449,treatment,onboarding_checklist_v1,2025-05-30
8450,treatment,onboarding_checklist_v1,2025-02-09
8451,treatment,onboarding_checklist_v1,2025-04-13
8452,treatment,onboarding_checklist_v1,2025-06-07
8453,control,onboarding_checklist_v1,2025-05-10
8454,treatment,onboarding_checklist_v1,2025-04-20
8455,treatment,onboarding_checklist_v1,2025-06-10
8456,control,onboarding_checklist_v1,2025-02-01
8457,control,onboarding_checklist_v1,2025-06-24
8458,control,onboarding_checklist_v1,2025-04-11
8459,treatment,onboarding_checklist_v1,2025-03-16
8460,control,onboarding_checklist_v1,2025-02-16
8461,treatment,onboarding_checklist_v1,2025-05-15
8462,treatment,onboarding_checklist_v1,2025-06-26
8463,treatment,onboarding_checklist_v1,2025-05-05
8464,control,onboarding_checklist_v1,2025-01-06
8465,treatment,onboarding_checklist_v1,2025-03-26
8466,treatment,onboarding_checklist_v1,2025-05-13
8467,control,onboarding_checklist_v1,2025-03-13
8468,control,onboarding_checklist_v1,2025-05-20
8469,control,onboarding_checklist_v1,2025-05-09
8470,treatment,onboarding_checklist_v1,2025-01-13
8471,control,onboarding_checklist_v1,2025-04-11
8472,control,onboarding_checklist_v1,2025-02-01
8473,control,onboarding_checklist_v1,2025-03-30
8474,control,onboarding_checklist_v1,2025-03-11
8475,control,onboarding_checklist_v1,2025-05-27
8476,treatment,onboarding_checklist_v1,2025-06-07
8477,control,onboarding_checklist_v1,2025-03-25
8478,treatment,onboarding_checklist_v1,2025-04-08
8479,control,onboarding_checklist_v1,2025-04-24
8480,control,onboarding_checklist_v1,2025-04-29
8481,treatment,onboarding_checklist_v1,2025-04-26
8482,treatment,onboarding_checklist_v1,2025-05-22
8483,treatment,onboarding_checklist_v1,2025-06-27
8484,control,onboarding_checklist_v1,2025-05-30
8485,treatment,onboarding_checklist_v1,2025-01-25
8486,treatment,onboarding_checklist_v1,2025-03-28
8487,control,onboarding_checklist_v1,2025-03-25
8488,treatment,onboarding_checklist_v1,2025-04-03
8489,control,onboarding_checklist_v1,2025-04-06
8490,control,onboarding_checklist_v1,2025-05-10
8491,treatment,onboarding_checklist_v1,2025-03-18
8492,treatment,onboarding_checklist_v1,2025-02-17
8493,treatment,onboarding_checklist_v1,2025-03-24
8494,treatment,onboarding_checklist_v1,2025-06-04
8495,control,onboarding_checklist_v1,2025-02-26
8496,treatment,onboarding_checklist_v1,2025-01-04
8497,treatment,onboarding_checklist_v1,2025-06-26
8498,control,onboarding_checklist_v1,2025-02-05
8499,control,onboarding_checklist_v1,2025-04-20
8500,treatment,onboarding_checklist_v1,2025-05-25
8501,control,onboarding_checklist_v1,2025-02-19
8502,treatment,onboarding_checklist_v1,2025-03-03
8503,control,onboarding_checklist_v1,2025-02-20
8504,treatment,onboarding_checklist_v1,2025-01-28
8505,treatment,onboarding_checklist_v1,2025-01-28
8506,treatment,onboarding_checklist_v1,2025-02-03
8507,treatment,onboarding_checklist_v1,2025-03-24
8508,control,onboarding_checklist_v1,2025-04-07
8509,treatment,onboarding_checklist_v1,2025-01-03
8510,treatment,onboarding_checklist_v1,2025-06-03
8511,treatment,onboarding_checklist_v1,2025-05-03
8512,treatment,onboarding_checklist_v1,2025-01-13
8513,treatment,onboarding_checklist_v1,2025-06-02
8514,treatment,onboarding_checklist_v1,2025-01-06
8515,treatment,onboarding_checklist_v1,2025-04-12
8516,treatment,onboarding_checklist_v1,2025-03-26
8517,treatment,onboarding_checklist_v1,2025-04-01
8518,control,onboarding_checklist_v1,2025-06-23
8519,control,onboarding_checklist_v1,2025-06-17
8520,treatment,onboarding_checklist_v1,2025-02-20
8521,control,onboarding_checklist_v1,2025-04-15
8522,control,onboarding_checklist_v1,2025-06-23
8523,control,onboarding_checklist_v1,2025-05-12
8524,treatment,onboarding_checklist_v1,2025-06-10
8525,treatment,onboarding_checklist_v1,2025-03-20
8526,treatment,onboarding_checklist_v1,2025-02-21
8527,treatment,onboarding_checklist_v1,2025-04-03
8528,treatment,onboarding_checklist_v1,2025-05-28
8529,control,onboarding_checklist_v1,2025-06-18
8530,control,onboarding_checklist_v1,2025-05-05
8531,control,onboarding_checklist_v1,2025-05-08
8532,control,onboarding_checklist_v1,2025-04-03
8533,treatment,onboarding_checklist_v1,2025-02-27
8534,control,onboarding_checklist_v1,2025-03-18
8535,treatment,onboarding_checklist_v1,2025-04-01
8536,treatment,onboarding_checklist_v1,2025-05-28
8537,control,onboarding_checklist_v1,2025-04-11
8538,treatment,onboarding_checklist_v1,2025-05-24
8539,treatment,onboarding_checklist_v1,2025-01-05
8540,treatment,onboarding_checklist_v1,2025-05-18
8541,treatment,onboarding_checklist_v1,2025-04-02
8542,treatment,onboarding_checklist_v1,2025-06-30
8543,treatment,onboarding_checklist_v1,2025-03-27
8544,treatment,onboarding_checklist_v1,2025-03-28
8545,control,onboarding_checklist_v1,2025-01-24
8546,treatment,onboarding_checklist_v1,2025-05-27
8547,treatment,onboarding_checklist_v1,2025-05-07
8548,control,onboarding_checklist_v1,2025-06-06
8549,control,onboarding_checklist_v1,2025-01-17
8550,control,onboarding_checklist_v1,2025-02-08
8551,control,onboarding_checklist_v1,2025-06-08
8552,control,onboarding_checklist_v1,2025-01-08
8553,control,onboarding_checklist_v1,2025-04-02
8554,treatment,onboarding_checklist_v1,2025-03-15
8555,treatment,onboarding_checklist_v1,2025-06-20
8556,treatment,onboarding_checklist_v1,2025-06-05
8557,control,onboarding_checklist_v1,2025-06-12
8558,treatment,onboarding_checklist_v1,2025-02-22
8559,control,onboarding_checklist_v1,2025-04-17
8560,control,onboarding_checklist_v1,2025-05-07
8561,treatment,onboarding_checklist_v1,2025-06-25
8562,treatment,onboarding_checklist_v1,2025-01-02
8563,treatment,onboarding_checklist_v1,2025-06-26
8564,treatment,onboarding_checklist_v1,2025-03-06
8565,treatment,onboarding_checklist_v1,2025-01-24
8566,treatment,onboarding_checklist_v1,2025-04-22
8567,treatment,onboarding_checklist_v1,2025-05-22
8568,control,onboarding_checklist_v1,2025-01-24
8569,control,onboarding_checklist_v1,2025-01-08
8570,treatment,onboarding_checklist_v1,2025-06-12
8571,treatment,onboarding_checklist_v1,2025-06-19
8572,control,onboarding_checklist_v1,2025-01-29
8573,control,onboarding_checklist_v1,2025-06-13
8574,control,onboarding_checklist_v1,2025-06-14
8575,control,onboarding_checklist_v1,2025-06-30
8576,control,onboarding_checklist_v1,2025-02-09
8577,treatment,onboarding_checklist_v1,2025-04-15
8578,control,onboarding_checklist_v1,2025-06-29
8579,control,onboarding_checklist_v1,2025-06-13
8580,control,onboarding_checklist_v1,2025-04-20
8581,treatment,onboarding_checklist_v1,2025-02-05
8582,control,onboarding_checklist_v1,2025-01-16
8583,control,onboarding_checklist_v1,2025-02-16
8584,treatment,onboarding_checklist_v1,2025-01-12
8585,treatment,onboarding_checklist_v1,2025-02-05
8586,control,onboarding_checklist_v1,2025-01-14
8587,treatment,onboarding_checklist_v1,2025-05-18
8588,control,onboarding_checklist_v1,2025-04-17
8589,treatment,onboarding_checklist_v1,2025-04-04
8590,control,onboarding_checklist_v1,2025-05-27
8591,treatment,onboarding_checklist_v1,2025-03-16
8592,treatment,onboarding_checklist_v1,2025-03-14
8593,treatment,onboarding_checklist_v1,2025-02-07
8594,treatment,onboarding_checklist_v1,2025-03-22
8595,control,onboarding_checklist_v1,2025-02-01
8596,treatment,onboarding_checklist_v1,2025-04-17
8597,control,onboarding_checklist_v1,2025-06-30
8598,control,onboarding_checklist_v1,2025-04-07
8599,treatment,onboarding_checklist_v1,2025-02-24
8600,treatment,onboarding_checklist_v1,2025-05-05
8601,treatment,onboarding_checklist_v1,2025-05-29
8602,treatment,onboarding_checklist_v1,2025-03-27
8603,treatment,onboarding_checklist_v1,2025-02-15
8604,treatment,onboarding_checklist_v1,2025-05-10
8605,treatment,onboarding_checklist_v1,2025-02-03
8606,treatment,onboarding_checklist_v1,2025-06-30
8607,control,onboarding_checklist_v1,2025-02-27
8608,treatment,onboarding_checklist_v1,2025-03-05
8609,treatment,onboarding_checklist_v1,2025-05-12
8610,treatment,onboarding_checklist_v1,2025-01-03
8611,control,onboarding_checklist_v1,2025-02-06
8612,control,onboarding_checklist_v1,2025-01-23
8613,control,onboarding_checklist_v1,2025-03-12
8614,control,onboarding_checklist_v1,2025-04-11
8615,treatment,onboarding_checklist_v1,2025-02-02
8616,control,onboarding_checklist_v1,2025-03-04
8617,control,onboarding_checklist_v1,2025-05-20
8618,treatment,onboarding_checklist_v1,2025-06-20
8619,control,onboarding_checklist_v1,2025-01-03
8620,control,onboarding_checklist_v1,2025-04-24
8621,treatment,onboarding_checklist_v1,2025-01-05
8622,treatment,onboarding_checklist_v1,2025-04-05
8623,treatment,onboarding_checklist_v1,2025-06-09
8624,treatment,onboarding_checklist_v1,2025-05-25
8625,treatment,onboarding_checklist_v1,2025-02-12
8626,control,onboarding_checklist_v1,2025-02-16
8627,treatment,onboarding_checklist_v1,2025-05-22
8628,treatment,onboarding_checklist_v1,2025-05-29
8629,treatment,onboarding_checklist_v1,2025-02-20
8630,control,onboarding_checklist_v1,2025-01-01
8631,control,onboarding_checklist_v1,2025-03-22
8632,control,onboarding_checklist_v1,2025-04-23
8633,treatment,onboarding_checklist_v1,2025-03-22
8634,treatment,onboarding_checklist_v1,2025-06-19
8635,control,onboarding_checklist_v1,2025-05-28
8636,treatment,onboarding_checklist_v1,2025-05-23
8637,treatment,onboarding_checklist_v1,2025-01-04
8638,treatment,onboarding_checklist_v1,2025-06-04
8639,control,onboarding_checklist_v1,2025-05-17
8640,treatment,onboarding_checklist_v1,2025-03-13
8641,treatment,onboarding_checklist_v1,2025-04-17
8642,treatment,onboarding_checklist_v1,2025-05-30
8643,treatment,onboarding_checklist_v1,2025-06-14
8644,treatment,onboarding_checklist_v1,2025-04-10
8645,control,onboarding_checklist_v1,2025-01-08
8646,treatment,onboarding_checklist_v1,2025-04-22
8647,control,onboarding_checklist_v1,2025-05-04
8648,treatment,onboarding_checklist_v1,2025-01-11
8649,treatment,onboarding_checklist_v1,2025-05-28
8650,treatment,onboarding_checklist_v1,2025-02-06
8651,treatment,onboarding_checklist_v1,2025-06-11
8652,control,onboarding_checklist_v1,2025-04-10
8653,control,onboarding_checklist_v1,2025-02-28
8654,treatment,onboarding_checklist_v1,2025-01-11
8655,control,onboarding_checklist_v1,2025-01-04
8656,control,onboarding_checklist_v1,2025-05-15
8657,treatment,onboarding_checklist_v1,2025-03-10
8658,control,onboarding_checklist_v1,2025-06-02
8659,control,onboarding_checklist_v1,2025-02-11
8660,control,onboarding_checklist_v1,2025-06-16
8661,treatment,onboarding_checklist_v1,2025-06-20
8662,control,onboarding_checklist_v1,2025-01-19
8663,treatment,onboarding_checklist_v1,2025-04-28
8664,treatment,onboarding_checklist_v1,2025-06-20
8665,control,onboarding_checklist_v1,2025-02-28
8666,control,onboarding_checklist_v1,2025-01-13
8667,control,onboarding_checklist_v1,2025-06-08
8668,treatment,onboarding_checklist_v1,2025-03-27
8669,control,onboarding_checklist_v1,2025-01-05
8670,control,onboarding_checklist_v1,2025-06-02
8671,control,onboarding_checklist_v1,2025-05-03
8672,control,onboarding_checklist_v1,2025-01-13
8673,treatment,onboarding_checklist_v1,2025-02-16
8674,control,onboarding_checklist_v1,2025-01-04
8675,treatment,onboarding_checklist_v1,2025-06-22
8676,control,onboarding_checklist_v1,2025-01-05
8677,treatment,onboarding_checklist_v1,2025-05-25
8678,treatment,onboarding_checklist_v1,2025-04-03
8679,control,onboarding_checklist_v1,2025-04-16
8680,treatment,onboarding_checklist_v1,2025-05-27
8681,treatment,onboarding_checklist_v1,2025-06-11
8682,treatment,onboarding_checklist_v1,2025-01-24
8683,treatment,onboarding_checklist_v1,2025-01-04
8684,treatment,onboarding_checklist_v1,2025-01-23
8685,control,onboarding_checklist_v1,2025-05-04
8686,treatment,onboarding_checklist_v1,2025-04-13
8687,control,onboarding_checklist_v1,2025-01-16
8688,treatment,onboarding_checklist_v1,2025-02-12
8689,treatment,onboarding_checklist_v1,2025-04-08
8690,treatment,onboarding_checklist_v1,2025-05-13
8691,treatment,onboarding_checklist_v1,2025-03-04
8692,control,onboarding_checklist_v1,2025-06-21
8693,treatment,onboarding_checklist_v1,2025-06-29
8694,control,onboarding_checklist_v1,2025-05-19
8695,treatment,onboarding_checklist_v1,2025-03-24
8696,treatment,onboarding_checklist_v1,2025-06-08
8697,control,onboarding_checklist_v1,2025-05-12
8698,treatment,onboarding_checklist_v1,2025-04-05
8699,control,onboarding_checklist_v1,2025-03-22
8700,treatment,onboarding_checklist_v1,2025-05-31
8701,treatment,onboarding_checklist_v1,2025-04-11
8702,treatment,onboarding_checklist_v1,2025-02-03
8703,treatment,onboarding_checklist_v1,2025-06-30
8704,control,onboarding_checklist_v1,2025-01-13
8705,control,onboarding_checklist_v1,2025-05-06
8706,control,onboarding_checklist_v1,2025-04-29
8707,control,onboarding_checklist_v1,2025-04-17
8708,control,onboarding_checklist_v1,2025-01-10
8709,treatment,onboarding_checklist_v1,2025-03-31
8710,treatment,onboarding_checklist_v1,2025-06-11
8711,control,onboarding_checklist_v1,2025-02-13
8712,treatment,onboarding_checklist_v1,2025-05-06
8713,treatment,onboarding_checklist_v1,2025-06-05
8714,control,onboarding_checklist_v1,2025-06-22
8715,treatment,onboarding_checklist_v1,2025-04-04
8716,control,onboarding_checklist_v1,2025-02-26
8717,treatment,onboarding_checklist_v1,2025-05-07
8718,treatment,onboarding_checklist_v1,2025-03-29
8719,control,onboarding_checklist_v1,2025-04-24
8720,control,onboarding_checklist_v1,2025-05-15
8721,treatment,onboarding_checklist_v1,2025-05-09
8722,control,onboarding_checklist_v1,2025-02-13
8723,treatment,onboarding_checklist_v1,2025-05-17
8724,treatment,onboarding_checklist_v1,2025-04-09
8725,control,onboarding_checklist_v1,2025-06-18
8726,treatment,onboarding_checklist_v1,2025-04-30
8727,treatment,onboarding_checklist_v1,2025-06-11
8728,control,onboarding_checklist_v1,2025-06-27
8729,treatment,onboarding_checklist_v1,2025-06-30
8730,control,onboarding_checklist_v1,2025-05-15
8731,treatment,onboarding_checklist_v1,2025-04-19
8732,control,onboarding_checklist_v1,2025-01-22
8733,control,onboarding_checklist_v1,2025-03-11
8734,treatment,onboarding_checklist_v1,2025-03-28
8735,treatment,onboarding_checklist_v1,2025-05-22
8736,control,onboarding_checklist_v1,2025-04-17
8737,treatment,onboarding_checklist_v1,2025-03-21
8738,treatment,onboarding_checklist_v1,2025-01-27
8739,control,onboarding_checklist_v1,2025-05-10
8740,treatment,onboarding_checklist_v1,2025-03-20
8741,treatment,onboarding_checklist_v1,2025-01-07
8742,treatment,onboarding_checklist_v1,2025-02-21
8743,treatment,onboarding_checklist_v1,2025-06-09
8744,treatment,onboarding_checklist_v1,2025-01-22
8745,treatment,onboarding_checklist_v1,2025-03-15
8746,treatment,onboarding_checklist_v1,2025-04-03
8747,control,onboarding_checklist_v1,2025-01-16
8748,control,onboarding_checklist_v1,2025-01-30
8749,treatment,onboarding_checklist_v1,2025-06-20
8750,treatment,onboarding_checklist_v1,2025-04-17
8751,control,onboarding_checklist_v1,2025-02-08
8752,control,onboarding_checklist_v1,2025-01-31
8753,control,onboarding_checklist_v1,2025-03-19
8754,treatment,onboarding_checklist_v1,2025-05-11
8755,treatment,onboarding_checklist_v1,2025-05-13
8756,treatment,onboarding_checklist_v1,2025-02-05
8757,control,onboarding_checklist_v1,2025-05-12
8758,treatment,onboarding_checklist_v1,2025-06-12
8759,control,onboarding_checklist_v1,2025-02-10
8760,control,onboarding_checklist_v1,2025-01-05
8761,control,onboarding_checklist_v1,2025-06-23
8762,treatment,onboarding_checklist_v1,2025-04-05
8763,treatment,onboarding_checklist_v1,2025-05-21
8764,control,onboarding_checklist_v1,2025-02-27
8765,control,onboarding_checklist_v1,2025-02-24
8766,treatment,onboarding_checklist_v1,2025-02-10
8767,control,onboarding_checklist_v1,2025-02-09
8768,control,onboarding_checklist_v1,2025-03-27
8769,control,onboarding_checklist_v1,2025-01-20
8770,control,onboarding_checklist_v1,2025-06-02
8771,control,onboarding_checklist_v1,2025-04-03
8772,treatment,onboarding_checklist_v1,2025-06-15
8773,control,onboarding_checklist_v1,2025-04-01
8774,control,onboarding_checklist_v1,2025-02-24
8775,treatment,onboarding_checklist_v1,2025-04-04
8776,control,onboarding_checklist_v1,2025-01-28
8777,treatment,onboarding_checklist_v1,2025-05-30
8778,control,onboarding_checklist_v1,2025-05-11
8779,treatment,onboarding_checklist_v1,2025-01-27
8780,control,onboarding_checklist_v1,2025-04-16
8781,treatment,onboarding_checklist_v1,2025-04-08
8782,treatment,onboarding_checklist_v1,2025-02-06
8783,treatment,onboarding_checklist_v1,2025-01-23
8784,treatment,onboarding_checklist_v1,2025-05-18
8785,control,onboarding_checklist_v1,2025-02-17
8786,control,onboarding_checklist_v1,2025-04-04
8787,treatment,onboarding_checklist_v1,2025-02-14
8788,treatment,onboarding_checklist_v1,2025-04-29
8789,control,onboarding_checklist_v1,2025-01-09
8790,treatment,onboarding_checklist_v1,2025-03-07
8791,treatment,onboarding_checklist_v1,2025-04-10
8792,treatment,onboarding_checklist_v1,2025-03-21
8793,treatment,onboarding_checklist_v1,2025-04-21
8794,treatment,onboarding_checklist_v1,2025-02-02
8795,control,onboarding_checklist_v1,2025-03-21
8796,treatment,onboarding_checklist_v1,2025-05-17
8797,control,onboarding_checklist_v1,2025-03-02
8798,control,onboarding_checklist_v1,2025-01-29
8799,treatment,onboarding_checklist_v1,2025-06-03
8800,treatment,onboarding_checklist_v1,2025-05-21
8801,control,onboarding_checklist_v1,2025-05-04
8802,treatment,onboarding_checklist_v1,2025-05-25
8803,control,onboarding_checklist_v1,2025-05-21
8804,control,onboarding_checklist_v1,2025-05-16
8805,treatment,onboarding_checklist_v1,2025-04-03
8806,treatment,onboarding_checklist_v1,2025-01-04
8807,treatment,onboarding_checklist_v1,2025-04-19
8808,control,onboarding_checklist_v1,2025-02-19
8809,treatment,onboarding_checklist_v1,2025-05-20
8810,control,onboarding_checklist_v1,2025-03-26
8811,treatment,onboarding_checklist_v1,2025-06-13
8812,control,onboarding_checklist_v1,2025-04-18
8813,treatment,onboarding_checklist_v1,2025-04-10
8814,control,onboarding_checklist_v1,2025-06-16
8815,control,onboarding_checklist_v1,2025-03-27
8816,control,onboarding_checklist_v1,2025-03-09
8817,treatment,onboarding_checklist_v1,2025-03-09
8818,treatment,onboarding_checklist_v1,2025-06-08
8819,treatment,onboarding_checklist_v1,2025-05-17
8820,control,onboarding_checklist_v1,2025-01-30
8821,control,onboarding_checklist_v1,2025-03-31
8822,treatment,onboarding_checklist_v1,2025-03-09
8823,control,onboarding_checklist_v1,2025-04-28
8824,treatment,onboarding_checklist_v1,2025-01-10
8825,control,onboarding_checklist_v1,2025-05-10
8826,treatment,onboarding_checklist_v1,2025-05-15
8827,treatment,onboarding_checklist_v1,2025-02-11
8828,control,onboarding_checklist_v1,2025-01-28
8829,control,onboarding_checklist_v1,2025-04-24
8830,treatment,onboarding_checklist_v1,2025-02-16
8831,control,onboarding_checklist_v1,2025-06-20
8832,treatment,onboarding_checklist_v1,2025-05-21
8833,treatment,onboarding_checklist_v1,2025-06-22
8834,control,onboarding_checklist_v1,2025-04-07
8835,treatment,onboarding_checklist_v1,2025-06-19
8836,control,onboarding_checklist_v1,2025-01-03
8837,treatment,onboarding_checklist_v1,2025-02-22
8838,control,onboarding_checklist_v1,2025-01-01
8839,treatment,onboarding_checklist_v1,2025-05-03
8840,control,onboarding_checklist_v1,2025-04-03
8841,control,onboarding_checklist_v1,2025-02-22
8842,control,onboarding_checklist_v1,2025-02-25
8843,control,onboarding_checklist_v1,2025-04-27
8844,treatment,onboarding_checklist_v1,2025-02-02
8845,control,onboarding_checklist_v1,2025-04-04
8846,control,onboarding_checklist_v1,2025-04-22
8847,control,onboarding_checklist_v1,2025-02-13
8848,control,onboarding_checklist_v1,2025-02-11
8849,control,onboarding_checklist_v1,2025-03-06
8850,control,onboarding_checklist_v1,2025-04-18
8851,treatment,onboarding_checklist_v1,2025-02-16
8852,treatment,onboarding_checklist_v1,2025-03-10
8853,treatment,onboarding_checklist_v1,2025-04-09
8854,control,onboarding_checklist_v1,2025-02-03
8855,treatment,onboarding_checklist_v1,2025-04-13
8856,treatment,onboarding_checklist_v1,2025-01-25
8857,treatment,onboarding_checklist_v1,2025-01-26
8858,control,onboarding_checklist_v1,2025-02-12
8859,control,onboarding_checklist_v1,2025-02-21
8860,control,onboarding_checklist_v1,2025-01-06
8861,control,onboarding_checklist_v1,2025-06-24
8862,treatment,onboarding_checklist_v1,2025-02-25
8863,control,onboarding_checklist_v1,2025-05-26
8864,control,onboarding_checklist_v1,2025-06-13
8865,control,onboarding_checklist_v1,2025-05-25
8866,control,onboarding_checklist_v1,2025-05-31
8867,control,onboarding_checklist_v1,2025-01-19
8868,control,onboarding_checklist_v1,2025-03-09
8869,treatment,onboarding_checklist_v1,2025-05-16
8870,control,onboarding_checklist_v1,2025-04-15
8871,treatment,onboarding_checklist_v1,2025-01-02
8872,treatment,onboarding_checklist_v1,2025-04-13
8873,treatment,onboarding_checklist_v1,2025-05-26
8874,treatment,onboarding_checklist_v1,2025-05-31
8875,control,onboarding_checklist_v1,2025-03-11
8876,treatment,onboarding_checklist_v1,2025-02-12
8877,treatment,onboarding_checklist_v1,2025-02-26
8878,control,onboarding_checklist_v1,2025-02-23
8879,control,onboarding_checklist_v1,2025-03-04
8880,treatment,onboarding_checklist_v1,2025-02-24
8881,control,onboarding_checklist_v1,2025-03-24
8882,treatment,onboarding_checklist_v1,2025-01-08
8883,control,onboarding_checklist_v1,2025-02-19
8884,control,onboarding_checklist_v1,2025-02-26
8885,treatment,onboarding_checklist_v1,2025-01-28
8886,treatment,onboarding_checklist_v1,2025-06-08
8887,treatment,onboarding_checklist_v1,2025-05-03
8888,treatment,onboarding_checklist_v1,2025-06-15
8889,treatment,onboarding_checklist_v1,2025-04-12
8890,control,onboarding_checklist_v1,2025-01-20
8891,treatment,onboarding_checklist_v1,2025-06-13
8892,control,onboarding_checklist_v1,2025-03-24
8893,control,onboarding_checklist_v1,2025-05-04
8894,treatment,onboarding_checklist_v1,2025-03-11
8895,control,onboarding_checklist_v1,2025-03-31
8896,treatment,onboarding_checklist_v1,2025-03-30
8897,control,onboarding_checklist_v1,2025-02-21
8898,control,onboarding_checklist_v1,2025-04-11
8899,control,onboarding_checklist_v1,2025-05-13
8900,treatment,onboarding_checklist_v1,2025-01-04
8901,treatment,onboarding_checklist_v1,2025-01-24
8902,control,onboarding_checklist_v1,2025-06-02
8903,control,onboarding_checklist_v1,2025-04-14
8904,control,onboarding_checklist_v1,2025-06-26
8905,control,onboarding_checklist_v1,2025-04-20
8906,treatment,onboarding_checklist_v1,2025-04-29
8907,treatment,onboarding_checklist_v1,2025-06-12
8908,control,onboarding_checklist_v1,2025-04-30
8909,control,onboarding_checklist_v1,2025-03-01
8910,treatment,onboarding_checklist_v1,2025-04-06
8911,control,onboarding_checklist_v1,2025-02-12
8912,control,onboarding_checklist_v1,2025-03-02
8913,treatment,onboarding_checklist_v1,2025-05-04
8914,control,onboarding_checklist_v1,2025-01-27
8915,control,onboarding_checklist_v1,2025-05-02
8916,control,onboarding_checklist_v1,2025-04-16
8917,treatment,onboarding_checklist_v1,2025-02-25
8918,control,onboarding_checklist_v1,2025-01-09
8919,treatment,onboarding_checklist_v1,2025-05-08
8920,control,onboarding_checklist_v1,2025-05-30
8921,control,onboarding_checklist_v1,2025-05-13
8922,treatment,onboarding_checklist_v1,2025-03-18
8923,control,onboarding_checklist_v1,2025-04-29
8924,control,onboarding_checklist_v1,2025-03-17
8925,control,onboarding_checklist_v1,2025-03-06
8926,treatment,onboarding_checklist_v1,2025-03-01
8927,control,onboarding_checklist_v1,2025-02-08
8928,treatment,onboarding_checklist_v1,2025-06-25
8929,control,onboarding_checklist_v1,2025-05-01
8930,control,onboarding_checklist_v1,2025-02-01
8931,control,onboarding_checklist_v1,2025-06-06
8932,control,onboarding_checklist_v1,2025-01-28
8933,treatment,onboarding_checklist_v1,2025-04-18
8934,control,onboarding_checklist_v1,2025-01-30
8935,treatment,onboarding_checklist_v1,2025-03-07
8936,control,onboarding_checklist_v1,2025-04-30
8937,treatment,onboarding_checklist_v1,2025-06-30
8938,control,onboarding_checklist_v1,2025-06-29
8939,treatment,onboarding_checklist_v1,2025-06-12
8940,control,onboarding_checklist_v1,2025-02-12
8941,treatment,onboarding_checklist_v1,2025-01-17
8942,treatment,onboarding_checklist_v1,2025-06-13
8943,treatment,onboarding_checklist_v1,2025-06-17
8944,control,onboarding_checklist_v1,2025-02-20
8945,treatment,onboarding_checklist_v1,2025-01-04
8946,control,onboarding_checklist_v1,2025-04-28
8947,control,onboarding_checklist_v1,2025-01-14
8948,control,onboarding_checklist_v1,2025-01-08
8949,treatment,onboarding_checklist_v1,2025-06-19
8950,control,onboarding_checklist_v1,2025-03-31
8951,treatment,onboarding_checklist_v1,2025-01-21
8952,treatment,onboarding_checklist_v1,2025-04-29
8953,control,onboarding_checklist_v1,2025-03-08
8954,control,onboarding_checklist_v1,2025-04-08
8955,treatment,onboarding_checklist_v1,2025-06-12
8956,control,onboarding_checklist_v1,2025-02-13
8957,control,onboarding_checklist_v1,2025-04-28
8958,control,onboarding_checklist_v1,2025-05-30
8959,treatment,onboarding_checklist_v1,2025-03-18
8960,control,onboarding_checklist_v1,2025-06-25
8961,control,onboarding_checklist_v1,2025-03-23
8962,control,onboarding_checklist_v1,2025-03-25
8963,control,onboarding_checklist_v1,2025-06-10
8964,treatment,onboarding_checklist_v1,2025-04-26
8965,treatment,onboarding_checklist_v1,2025-06-07
8966,treatment,onboarding_checklist_v1,2025-05-24
8967,treatment,onboarding_checklist_v1,2025-05-09
8968,control,onboarding_checklist_v1,2025-02-13
8969,treatment,onboarding_checklist_v1,2025-03-14
8970,treatment,onboarding_checklist_v1,2025-06-06
8971,treatment,onboarding_checklist_v1,2025-04-22
8972,treatment,onboarding_checklist_v1,2025-02-20
8973,control,onboarding_checklist_v1,2025-03-01
8974,treatment,onboarding_checklist_v1,2025-05-21
8975,control,onboarding_checklist_v1,2025-02-02
8976,treatment,onboarding_checklist_v1,2025-01-21
8977,control,onboarding_checklist_v1,2025-05-19
8978,treatment,onboarding_checklist_v1,2025-02-22
8979,treatment,onboarding_checklist_v1,2025-05-19
8980,treatment,onboarding_checklist_v1,2025-04-07
8981,control,onboarding_checklist_v1,2025-06-30
8982,treatment,onboarding_checklist_v1,2025-04-06
8983,treatment,onboarding_checklist_v1,2025-06-07
8984,treatment,onboarding_checklist_v1,2025-06-03
8985,treatment,onboarding_checklist_v1,2025-02-08
8986,treatment,onboarding_checklist_v1,2025-06-30
8987,treatment,onboarding_checklist_v1,2025-05-15
8988,control,onboarding_checklist_v1,2025-01-20
8989,control,onboarding_checklist_v1,2025-01-02
8990,treatment,onboarding_checklist_v1,2025-02-19
8991,treatment,onboarding_checklist_v1,2025-01-03
8992,control,onboarding_checklist_v1,2025-03-06
8993,control,onboarding_checklist_v1,2025-06-30
8994,control,onboarding_checklist_v1,2025-03-28
8995,treatment,onboarding_checklist_v1,2025-01-05
8996,treatment,onboarding_checklist_v1,2025-03-31
8997,treatment,onboarding_checklist_v1,2025-02-09
8998,control,onboarding_checklist_v1,2025-06-04
8999,control,onboarding_checklist_v1,2025-01-17
9000,treatment,onboarding_checklist_v1,2025-05-20
9001,control,onboarding_checklist_v1,2025-03-22
9002,control,onboarding_checklist_v1,2025-01-04
9003,control,onboarding_checklist_v1,2025-05-02
9004,treatment,onboarding_checklist_v1,2025-03-24
9005,control,onboarding_checklist_v1,2025-05-20
9006,control,onboarding_checklist_v1,2025-04-22
9007,control,onboarding_checklist_v1,2025-05-23
9008,treatment,onboarding_checklist_v1,2025-03-25
9009,control,onboarding_checklist_v1,2025-01-02
9010,control,onboarding_checklist_v1,2025-01-24
9011,control,onboarding_checklist_v1,2025-03-25
9012,control,onboarding_checklist_v1,2025-03-13
9013,treatment,onboarding_checklist_v1,2025-05-24
9014,treatment,onboarding_checklist_v1,2025-03-16
9015,control,onboarding_checklist_v1,2025-06-05
9016,treatment,onboarding_checklist_v1,2025-02-03
9017,control,onboarding_checklist_v1,2025-03-11
9018,treatment,onboarding_checklist_v1,2025-05-17
9019,control,onboarding_checklist_v1,2025-01-23
9020,control,onboarding_checklist_v1,2025-02-28
9021,treatment,onboarding_checklist_v1,2025-05-17
9022,treatment,onboarding_checklist_v1,2025-04-17
9023,treatment,onboarding_checklist_v1,2025-05-21
9024,treatment,onboarding_checklist_v1,2025-04-04
9025,treatment,onboarding_checklist_v1,2025-06-05
9026,treatment,onboarding_checklist_v1,2025-06-08
9027,control,onboarding_checklist_v1,2025-06-26
9028,control,onboarding_checklist_v1,2025-01-23
9029,treatment,onboarding_checklist_v1,2025-04-18
9030,treatment,onboarding_checklist_v1,2025-01-21
9031,treatment,onboarding_checklist_v1,2025-02-11
9032,control,onboarding_checklist_v1,2025-02-24
9033,control,onboarding_checklist_v1,2025-04-27
9034,control,onboarding_checklist_v1,2025-03-20
9035,treatment,onboarding_checklist_v1,2025-06-06
9036,control,onboarding_checklist_v1,2025-02-24
9037,treatment,onboarding_checklist_v1,2025-04-22
9038,control,onboarding_checklist_v1,2025-05-19
9039,control,onboarding_checklist_v1,2025-06-27
9040,treatment,onboarding_checklist_v1,2025-02-14
9041,control,onboarding_checklist_v1,2025-05-13
9042,treatment,onboarding_checklist_v1,2025-01-16
9043,control,onboarding_checklist_v1,2025-04-09
9044,treatment,onboarding_checklist_v1,2025-03-16
9045,treatment,onboarding_checklist_v1,2025-06-23
9046,treatment,onboarding_checklist_v1,2025-05-20
9047,control,onboarding_checklist_v1,2025-06-17
9048,control,onboarding_checklist_v1,2025-06-03
9049,treatment,onboarding_checklist_v1,2025-03-16
9050,treatment,onboarding_checklist_v1,2025-05-13
9051,treatment,onboarding_checklist_v1,2025-01-06
9052,treatment,onboarding_checklist_v1,2025-04-11
9053,treatment,onboarding_checklist_v1,2025-01-09
9054,treatment,onboarding_checklist_v1,2025-05-12
9055,treatment,onboarding_checklist_v1,2025-06-24
9056,treatment,onboarding_checklist_v1,2025-05-04
9057,treatment,onboarding_checklist_v1,2025-06-02
9058,treatment,onboarding_checklist_v1,2025-02-12
9059,treatment,onboarding_checklist_v1,2025-06-29
9060,control,onboarding_checklist_v1,2025-04-10
9061,control,onboarding_checklist_v1,2025-05-03
9062,treatment,onboarding_checklist_v1,2025-05-20
9063,treatment,onboarding_checklist_v1,2025-04-26
9064,control,onboarding_checklist_v1,2025-02-27
9065,treatment,onboarding_checklist_v1,2025-04-21
9066,treatment,onboarding_checklist_v1,2025-04-29
9067,treatment,onboarding_checklist_v1,2025-06-05
9068,treatment,onboarding_checklist_v1,2025-03-29
9069,control,onboarding_checklist_v1,2025-04-01
9070,control,onboarding_checklist_v1,2025-04-02
9071,control,onboarding_checklist_v1,2025-01-21
9072,treatment,onboarding_checklist_v1,2025-01-17
9073,control,onboarding_checklist_v1,2025-01-04
9074,treatment,onboarding_checklist_v1,2025-05-01
9075,treatment,onboarding_checklist_v1,2025-03-17
9076,treatment,onboarding_checklist_v1,2025-06-06
9077,treatment,onboarding_checklist_v1,2025-05-08
9078,treatment,onboarding_checklist_v1,2025-01-26
9079,treatment,onboarding_checklist_v1,2025-01-19
9080,control,onboarding_checklist_v1,2025-03-08
9081,control,onboarding_checklist_v1,2025-06-16
9082,treatment,onboarding_checklist_v1,2025-01-09
9083,control,onboarding_checklist_v1,2025-02-03
9084,treatment,onboarding_checklist_v1,2025-01-06
9085,control,onboarding_checklist_v1,2025-03-16
9086,treatment,onboarding_checklist_v1,2025-06-29
9087,control,onboarding_checklist_v1,2025-05-04
9088,treatment,onboarding_checklist_v1,2025-03-31
9089,control,onboarding_checklist_v1,2025-01-27
9090,treatment,onboarding_checklist_v1,2025-03-06
9091,control,onboarding_checklist_v1,2025-04-05
9092,treatment,onboarding_checklist_v1,2025-02-19
9093,control,onboarding_checklist_v1,2025-05-08
9094,treatment,onboarding_checklist_v1,2025-06-27
9095,treatment,onboarding_checklist_v1,2025-02-07
9096,treatment,onboarding_checklist_v1,2025-02-15
9097,treatment,onboarding_checklist_v1,2025-01-23
9098,treatment,onboarding_checklist_v1,2025-05-12
9099,treatment,onboarding_checklist_v1,2025-03-25
9100,control,onboarding_checklist_v1,2025-02-21
9101,treatment,onboarding_checklist_v1,2025-02-09
9102,control,onboarding_checklist_v1,2025-01-13
9103,treatment,onboarding_checklist_v1,2025-03-28
9104,control,onboarding_checklist_v1,2025-05-04
9105,control,onboarding_checklist_v1,2025-02-12
9106,treatment,onboarding_checklist_v1,2025-01-01
9107,control,onboarding_checklist_v1,2025-03-27
9108,control,onboarding_checklist_v1,2025-05-03
9109,control,onboarding_checklist_v1,2025-03-04
9110,treatment,onboarding_checklist_v1,2025-02-15
9111,control,onboarding_checklist_v1,2025-01-28
9112,control,onboarding_checklist_v1,2025-05-16
9113,treatment,onboarding_checklist_v1,2025-06-05
9114,treatment,onboarding_checklist_v1,2025-05-20
9115,control,onboarding_checklist_v1,2025-04-04
9116,treatment,onboarding_checklist_v1,2025-05-12
9117,control,onboarding_checklist_v1,2025-03-13
9118,treatment,onboarding_checklist_v1,2025-01-05
9119,control,onboarding_checklist_v1,2025-03-08
9120,control,onboarding_checklist_v1,2025-05-08
9121,control,onboarding_checklist_v1,2025-04-28
9122,treatment,onboarding_checklist_v1,2025-06-29
9123,control,onboarding_checklist_v1,2025-06-30
9124,treatment,onboarding_checklist_v1,2025-02-13
9125,control,onboarding_checklist_v1,2025-01-02
9126,treatment,onboarding_checklist_v1,2025-02-19
9127,treatment,onboarding_checklist_v1,2025-06-08
9128,control,onboarding_checklist_v1,2025-05-28
9129,control,onboarding_checklist_v1,2025-01-18
9130,control,onboarding_checklist_v1,2025-01-30
9131,treatment,onboarding_checklist_v1,2025-04-12
9132,control,onboarding_checklist_v1,2025-04-30
9133,treatment,onboarding_checklist_v1,2025-06-27
9134,treatment,onboarding_checklist_v1,2025-05-17
9135,treatment,onboarding_checklist_v1,2025-02-08
9136,treatment,onboarding_checklist_v1,2025-01-07
9137,control,onboarding_checklist_v1,2025-04-25
9138,control,onboarding_checklist_v1,2025-04-11
9139,treatment,onboarding_checklist_v1,2025-06-16
9140,control,onboarding_checklist_v1,2025-04-15
9141,treatment,onboarding_checklist_v1,2025-04-01
9142,treatment,onboarding_checklist_v1,2025-02-24
9143,control,onboarding_checklist_v1,2025-01-16
9144,control,onboarding_checklist_v1,2025-06-08
9145,control,onboarding_checklist_v1,2025-05-30
9146,control,onboarding_checklist_v1,2025-01-30
9147,treatment,onboarding_checklist_v1,2025-05-08
9148,treatment,onboarding_checklist_v1,2025-03-07
9149,control,onboarding_checklist_v1,2025-03-21
9150,treatment,onboarding_checklist_v1,2025-06-03
9151,control,onboarding_checklist_v1,2025-06-02
9152,treatment,onboarding_checklist_v1,2025-02-04
9153,treatment,onboarding_checklist_v1,2025-02-25
9154,control,onboarding_checklist_v1,2025-05-29
9155,treatment,onboarding_checklist_v1,2025-06-15
9156,treatment,onboarding_checklist_v1,2025-01-15
9157,control,onboarding_checklist_v1,2025-05-31
9158,control,onboarding_checklist_v1,2025-03-30
9159,treatment,onboarding_checklist_v1,2025-04-17
9160,control,onboarding_checklist_v1,2025-01-14
9161,control,onboarding_checklist_v1,2025-05-04
9162,control,onboarding_checklist_v1,2025-05-03
9163,treatment,onboarding_checklist_v1,2025-04-30
9164,control,onboarding_checklist_v1,2025-05-24
9165,treatment,onboarding_checklist_v1,2025-06-21
9166,control,onboarding_checklist_v1,2025-06-03
9167,control,onboarding_checklist_v1,2025-05-15
9168,treatment,onboarding_checklist_v1,2025-06-27
9169,control,onboarding_checklist_v1,2025-05-03
9170,treatment,onboarding_checklist_v1,2025-05-02
9171,control,onboarding_checklist_v1,2025-04-09
9172,treatment,onboarding_checklist_v1,2025-05-20
9173,control,onboarding_checklist_v1,2025-01-13
9174,treatment,onboarding_checklist_v1,2025-04-02
9175,control,onboarding_checklist_v1,2025-03-18
9176,treatment,onboarding_checklist_v1,2025-06-15
9177,control,onboarding_checklist_v1,2025-01-14
9178,control,onboarding_checklist_v1,2025-04-27
9179,treatment,onboarding_checklist_v1,2025-02-03
9180,control,onboarding_checklist_v1,2025-06-09
9181,control,onboarding_checklist_v1,2025-06-04
9182,treatment,onboarding_checklist_v1,2025-02-12
9183,treatment,onboarding_checklist_v1,2025-06-07
9184,treatment,onboarding_checklist_v1,2025-03-31
9185,treatment,onboarding_checklist_v1,2025-06-25
9186,control,onboarding_checklist_v1,2025-05-13
9187,control,onboarding_checklist_v1,2025-01-07
9188,treatment,onboarding_checklist_v1,2025-02-06
9189,control,onboarding_checklist_v1,2025-03-15
9190,control,onboarding_checklist_v1,2025-02-08
9191,control,onboarding_checklist_v1,2025-01-24
9192,control,onboarding_checklist_v1,2025-06-27
9193,control,onboarding_checklist_v1,2025-06-07
9194,control,onboarding_checklist_v1,2025-03-20
9195,treatment,onboarding_checklist_v1,2025-02-08
9196,treatment,onboarding_checklist_v1,2025-02-02
9197,treatment,onboarding_checklist_v1,2025-06-15
9198,control,onboarding_checklist_v1,2025-03-01
9199,control,onboarding_checklist_v1,2025-01-03
9200,treatment,onboarding_checklist_v1,2025-03-13
9201,control,onboarding_checklist_v1,2025-03-24
9202,control,onboarding_checklist_v1,2025-04-23
9203,treatment,onboarding_checklist_v1,2025-03-03
9204,treatment,onboarding_checklist_v1,2025-06-17
9205,control,onboarding_checklist_v1,2025-04-27
9206,treatment,onboarding_checklist_v1,2025-06-28
9207,treatment,onboarding_checklist_v1,2025-03-08
9208,treatment,onboarding_checklist_v1,2025-04-28
9209,control,onboarding_checklist_v1,2025-03-08
9210,treatment,onboarding_checklist_v1,2025-05-07
9211,treatment,onboarding_checklist_v1,2025-05-15
9212,control,onboarding_checklist_v1,2025-02-28
9213,treatment,onboarding_checklist_v1,2025-06-19
9214,treatment,onboarding_checklist_v1,2025-06-05
9215,control,onboarding_checklist_v1,2025-06-11
9216,control,onboarding_checklist_v1,2025-02-09
9217,control,onboarding_checklist_v1,2025-05-10
9218,treatment,onboarding_checklist_v1,2025-01-20
9219,control,onboarding_checklist_v1,2025-01-20
9220,treatment,onboarding_checklist_v1,2025-06-26
9221,control,onboarding_checklist_v1,2025-01-28
9222,treatment,onboarding_checklist_v1,2025-06-06
9223,treatment,onboarding_checklist_v1,2025-03-19
9224,treatment,onboarding_checklist_v1,2025-02-24
9225,treatment,onboarding_checklist_v1,2025-01-14
9226,control,onboarding_checklist_v1,2025-05-03
9227,control,onboarding_checklist_v1,2025-05-11
9228,treatment,onboarding_checklist_v1,2025-03-26
9229,control,onboarding_checklist_v1,2025-05-27
9230,treatment,onboarding_checklist_v1,2025-02-28
9231,treatment,onboarding_checklist_v1,2025-04-10
9232,treatment,onboarding_checklist_v1,2025-02-21
9233,control,onboarding_checklist_v1,2025-04-16
9234,treatment,onboarding_checklist_v1,2025-01-25
9235,control,onboarding_checklist_v1,2025-03-28
9236,treatment,onboarding_checklist_v1,2025-04-10
9237,treatment,onboarding_checklist_v1,2025-04-11
9238,treatment,onboarding_checklist_v1,2025-03-22
9239,treatment,onboarding_checklist_v1,2025-04-27
9240,control,onboarding_checklist_v1,2025-04-03
9241,treatment,onboarding_checklist_v1,2025-02-21
9242,treatment,onboarding_checklist_v1,2025-02-08
9243,control,onboarding_checklist_v1,2025-04-28
9244,treatment,onboarding_checklist_v1,2025-06-19
9245,treatment,onboarding_checklist_v1,2025-05-17
9246,treatment,onboarding_checklist_v1,2025-04-26
9247,treatment,onboarding_checklist_v1,2025-06-16
9248,control,onboarding_checklist_v1,2025-06-12
9249,treatment,onboarding_checklist_v1,2025-04-02
9250,control,onboarding_checklist_v1,2025-01-20
9251,treatment,onboarding_checklist_v1,2025-04-25
9252,control,onboarding_checklist_v1,2025-04-23
9253,treatment,onboarding_checklist_v1,2025-02-20
9254,control,onboarding_checklist_v1,2025-06-03
9255,control,onboarding_checklist_v1,2025-06-07
9256,control,onboarding_checklist_v1,2025-03-01
9257,treatment,onboarding_checklist_v1,2025-03-28
9258,control,onboarding_checklist_v1,2025-02-05
9259,control,onboarding_checklist_v1,2025-02-02
9260,control,onboarding_checklist_v1,2025-02-17
9261,control,onboarding_checklist_v1,2025-03-08
9262,treatment,onboarding_checklist_v1,2025-02-19
9263,control,onboarding_checklist_v1,2025-01-28
9264,control,onboarding_checklist_v1,2025-03-22
9265,control,onboarding_checklist_v1,2025-04-23
9266,control,onboarding_checklist_v1,2025-02-28
9267,control,onboarding_checklist_v1,2025-04-07
9268,control,onboarding_checklist_v1,2025-02-19
9269,control,onboarding_checklist_v1,2025-05-08
9270,control,onboarding_checklist_v1,2025-04-28
9271,control,onboarding_checklist_v1,2025-06-23
9272,treatment,onboarding_checklist_v1,2025-01-10
9273,control,onboarding_checklist_v1,2025-06-04
9274,treatment,onboarding_checklist_v1,2025-03-03
9275,treatment,onboarding_checklist_v1,2025-01-12
9276,treatment,onboarding_checklist_v1,2025-05-05
9277,control,onboarding_checklist_v1,2025-02-01
9278,treatment,onboarding_checklist_v1,2025-02-01
9279,treatment,onboarding_checklist_v1,2025-06-27
9280,treatment,onboarding_checklist_v1,2025-02-09
9281,treatment,onboarding_checklist_v1,2025-04-10
9282,control,onboarding_checklist_v1,2025-02-06
9283,treatment,onboarding_checklist_v1,2025-01-23
9284,treatment,onboarding_checklist_v1,2025-01-01
9285,control,onboarding_checklist_v1,2025-01-03
9286,control,onboarding_checklist_v1,2025-03-27
9287,treatment,onboarding_checklist_v1,2025-03-20
9288,control,onboarding_checklist_v1,2025-01-08
9289,treatment,onboarding_checklist_v1,2025-03-05
9290,control,onboarding_checklist_v1,2025-02-19
9291,treatment,onboarding_checklist_v1,2025-04-14
9292,control,onboarding_checklist_v1,2025-06-30
9293,treatment,onboarding_checklist_v1,2025-05-06
9294,treatment,onboarding_checklist_v1,2025-06-16
9295,treatment,onboarding_checklist_v1,2025-02-04
9296,control,onboarding_checklist_v1,2025-02-08
9297,control,onboarding_checklist_v1,2025-05-16
9298,control,onboarding_checklist_v1,2025-02-26
9299,control,onboarding_checklist_v1,2025-06-03
9300,treatment,onboarding_checklist_v1,2025-03-25
9301,control,onboarding_checklist_v1,2025-02-06
9302,control,onboarding_checklist_v1,2025-06-02
9303,treatment,onboarding_checklist_v1,2025-04-10
9304,control,onboarding_checklist_v1,2025-05-26
9305,control,onboarding_checklist_v1,2025-03-23
9306,treatment,onboarding_checklist_v1,2025-01-23
9307,control,onboarding_checklist_v1,2025-05-04
9308,treatment,onboarding_checklist_v1,2025-01-23
9309,treatment,onboarding_checklist_v1,2025-05-01
9310,control,onboarding_checklist_v1,2025-03-17
9311,treatment,onboarding_checklist_v1,2025-05-24
9312,treatment,onboarding_checklist_v1,2025-06-07
9313,control,onboarding_checklist_v1,2025-03-15
9314,treatment,onboarding_checklist_v1,2025-06-09
9315,control,onboarding_checklist_v1,2025-01-21
9316,treatment,onboarding_checklist_v1,2025-01-20
9317,treatment,onboarding_checklist_v1,2025-06-29
9318,control,onboarding_checklist_v1,2025-04-14
9319,control,onboarding_checklist_v1,2025-03-23
9320,control,onboarding_checklist_v1,2025-01-29
9321,treatment,onboarding_checklist_v1,2025-02-22
9322,treatment,onboarding_checklist_v1,2025-05-05
9323,control,onboarding_checklist_v1,2025-05-29
9324,control,onboarding_checklist_v1,2025-06-15
9325,treatment,onboarding_checklist_v1,2025-03-15
9326,control,onboarding_checklist_v1,2025-03-24
9327,control,onboarding_checklist_v1,2025-01-30
9328,control,onboarding_checklist_v1,2025-01-16
9329,treatment,onboarding_checklist_v1,2025-03-21
9330,control,onboarding_checklist_v1,2025-04-15
9331,treatment,onboarding_checklist_v1,2025-01-19
9332,treatment,onboarding_checklist_v1,2025-03-15
9333,control,onboarding_checklist_v1,2025-04-27
9334,treatment,onboarding_checklist_v1,2025-05-27
9335,control,onboarding_checklist_v1,2025-06-19
9336,control,onboarding_checklist_v1,2025-03-03
9337,treatment,onboarding_checklist_v1,2025-03-12
9338,control,onboarding_checklist_v1,2025-06-08
9339,treatment,onboarding_checklist_v1,2025-05-06
9340,treatment,onboarding_checklist_v1,2025-02-19
9341,control,onboarding_checklist_v1,2025-05-05
9342,treatment,onboarding_checklist_v1,2025-01-29
9343,treatment,onboarding_checklist_v1,2025-03-23
9344,control,onboarding_checklist_v1,2025-02-25
9345,treatment,onboarding_checklist_v1,2025-06-29
9346,treatment,onboarding_checklist_v1,2025-01-07
9347,control,onboarding_checklist_v1,2025-06-05
9348,control,onboarding_checklist_v1,2025-02-20
9349,control,onboarding_checklist_v1,2025-01-07
9350,control,onboarding_checklist_v1,2025-04-30
9351,control,onboarding_checklist_v1,2025-05-03
9352,treatment,onboarding_checklist_v1,2025-01-26
9353,treatment,onboarding_checklist_v1,2025-01-07
9354,treatment,onboarding_checklist_v1,2025-01-21
9355,control,onboarding_checklist_v1,2025-03-16
9356,control,onboarding_checklist_v1,2025-01-24
9357,control,onboarding_checklist_v1,2025-05-08
9358,control,onboarding_checklist_v1,2025-01-15
9359,treatment,onboarding_checklist_v1,2025-05-23
9360,control,onboarding_checklist_v1,2025-06-08
9361,treatment,onboarding_checklist_v1,2025-05-10
9362,control,onboarding_checklist_v1,2025-06-20
9363,treatment,onboarding_checklist_v1,2025-06-20
9364,treatment,onboarding_checklist_v1,2025-01-09
9365,treatment,onboarding_checklist_v1,2025-03-03
9366,treatment,onboarding_checklist_v1,2025-05-18
9367,treatment,onboarding_checklist_v1,2025-03-03
9368,treatment,onboarding_checklist_v1,2025-05-14
9369,control,onboarding_checklist_v1,2025-05-21
9370,control,onboarding_checklist_v1,2025-06-30
9371,treatment,onboarding_checklist_v1,2025-03-01
9372,control,onboarding_checklist_v1,2025-03-04
9373,treatment,onboarding_checklist_v1,2025-01-05
9374,control,onboarding_checklist_v1,2025-02-21
9375,treatment,onboarding_checklist_v1,2025-02-20
9376,control,onboarding_checklist_v1,2025-03-24
9377,treatment,onboarding_checklist_v1,2025-03-18
9378,control,onboarding_checklist_v1,2025-06-05
9379,control,onboarding_checklist_v1,2025-05-21
9380,treatment,onboarding_checklist_v1,2025-05-12
9381,control,onboarding_checklist_v1,2025-01-01
9382,control,onboarding_checklist_v1,2025-03-27
9383,treatment,onboarding_checklist_v1,2025-05-13
9384,treatment,onboarding_checklist_v1,2025-02-14
9385,control,onboarding_checklist_v1,2025-03-18
9386,treatment,onboarding_checklist_v1,2025-05-12
9387,control,onboarding_checklist_v1,2025-05-24
9388,control,onboarding_checklist_v1,2025-06-04
9389,treatment,onboarding_checklist_v1,2025-03-19
9390,control,onboarding_checklist_v1,2025-03-14
9391,control,onboarding_checklist_v1,2025-03-11
9392,control,onboarding_checklist_v1,2025-05-02
9393,treatment,onboarding_checklist_v1,2025-03-17
9394,treatment,onboarding_checklist_v1,2025-03-14
9395,control,onboarding_checklist_v1,2025-01-31
9396,treatment,onboarding_checklist_v1,2025-03-28
9397,treatment,onboarding_checklist_v1,2025-02-12
9398,control,onboarding_checklist_v1,2025-04-06
9399,treatment,onboarding_checklist_v1,2025-06-10
9400,control,onboarding_checklist_v1,2025-05-21
9401,control,onboarding_checklist_v1,2025-03-28
9402,control,onboarding_checklist_v1,2025-06-26
9403,control,onboarding_checklist_v1,2025-06-27
9404,treatment,onboarding_checklist_v1,2025-03-22
9405,treatment,onboarding_checklist_v1,2025-05-19
9406,treatment,onboarding_checklist_v1,2025-03-03
9407,control,onboarding_checklist_v1,2025-06-09
9408,control,onboarding_checklist_v1,2025-03-09
9409,control,onboarding_checklist_v1,2025-02-16
9410,control,onboarding_checklist_v1,2025-01-25
9411,treatment,onboarding_checklist_v1,2025-06-02
9412,treatment,onboarding_checklist_v1,2025-02-23
9413,treatment,onboarding_checklist_v1,2025-05-28
9414,treatment,onboarding_checklist_v1,2025-01-16
9415,control,onboarding_checklist_v1,2025-04-01
9416,control,onboarding_checklist_v1,2025-03-19
9417,control,onboarding_checklist_v1,2025-03-21
9418,treatment,onboarding_checklist_v1,2025-01-31
9419,control,onboarding_checklist_v1,2025-01-14
9420,control,onboarding_checklist_v1,2025-03-04
9421,treatment,onboarding_checklist_v1,2025-03-27
9422,control,onboarding_checklist_v1,2025-05-24
9423,treatment,onboarding_checklist_v1,2025-03-25
9424,control,onboarding_checklist_v1,2025-02-14
9425,treatment,onboarding_checklist_v1,2025-02-17
9426,control,onboarding_checklist_v1,2025-04-21
9427,treatment,onboarding_checklist_v1,2025-03-20
9428,treatment,onboarding_checklist_v1,2025-06-13
9429,control,onboarding_checklist_v1,2025-03-21
9430,treatment,onboarding_checklist_v1,2025-04-13
9431,treatment,onboarding_checklist_v1,2025-01-12
9432,treatment,onboarding_checklist_v1,2025-02-05
9433,treatment,onboarding_checklist_v1,2025-06-03
9434,treatment,onboarding_checklist_v1,2025-03-04
9435,control,onboarding_checklist_v1,2025-03-18
9436,control,onboarding_checklist_v1,2025-04-17
9437,control,onboarding_checklist_v1,2025-01-11
9438,treatment,onboarding_checklist_v1,2025-04-02
9439,treatment,onboarding_checklist_v1,2025-03-04
9440,treatment,onboarding_checklist_v1,2025-01-27
9441,control,onboarding_checklist_v1,2025-03-17
9442,treatment,onboarding_checklist_v1,2025-03-22
9443,treatment,onboarding_checklist_v1,2025-02-03
9444,control,onboarding_checklist_v1,2025-04-09
9445,treatment,onboarding_checklist_v1,2025-05-16
9446,control,onboarding_checklist_v1,2025-02-18
9447,treatment,onboarding_checklist_v1,2025-06-24
9448,control,onboarding_checklist_v1,2025-04-21
9449,treatment,onboarding_checklist_v1,2025-05-20
9450,control,onboarding_checklist_v1,2025-01-13
9451,control,onboarding_checklist_v1,2025-05-19
9452,treatment,onboarding_checklist_v1,2025-03-02
9453,treatment,onboarding_checklist_v1,2025-05-09
9454,control,onboarding_checklist_v1,2025-05-26
9455,control,onboarding_checklist_v1,2025-02-15
9456,treatment,onboarding_checklist_v1,2025-02-16
9457,treatment,onboarding_checklist_v1,2025-01-11
9458,control,onboarding_checklist_v1,2025-04-20
9459,control,onboarding_checklist_v1,2025-05-21
9460,control,onboarding_checklist_v1,2025-03-16
9461,treatment,onboarding_checklist_v1,2025-01-30
9462,treatment,onboarding_checklist_v1,2025-02-27
9463,treatment,onboarding_checklist_v1,2025-03-14
9464,control,onboarding_checklist_v1,2025-06-15
9465,treatment,onboarding_checklist_v1,2025-01-23
9466,control,onboarding_checklist_v1,2025-03-04
9467,treatment,onboarding_checklist_v1,2025-04-26
9468,control,onboarding_checklist_v1,2025-02-12
9469,control,onboarding_checklist_v1,2025-06-10
9470,control,onboarding_checklist_v1,2025-06-14
9471,control,onboarding_checklist_v1,2025-03-10
9472,control,onboarding_checklist_v1,2025-05-16
9473,treatment,onboarding_checklist_v1,2025-05-17
9474,treatment,onboarding_checklist_v1,2025-05-04
9475,treatment,onboarding_checklist_v1,2025-02-03
9476,treatment,onboarding_checklist_v1,2025-01-09
9477,control,onboarding_checklist_v1,2025-03-04
9478,treatment,onboarding_checklist_v1,2025-01-24
9479,control,onboarding_checklist_v1,2025-02-22
9480,control,onboarding_checklist_v1,2025-04-26
9481,control,onboarding_checklist_v1,2025-04-17
9482,control,onboarding_checklist_v1,2025-02-07
9483,treatment,onboarding_checklist_v1,2025-01-04
9484,control,onboarding_checklist_v1,2025-02-10
9485,control,onboarding_checklist_v1,2025-03-24
9486,treatment,onboarding_checklist_v1,2025-05-22
9487,control,onboarding_checklist_v1,2025-03-08
9488,treatment,onboarding_checklist_v1,2025-02-21
9489,control,onboarding_checklist_v1,2025-04-10
9490,treatment,onboarding_checklist_v1,2025-01-13
9491,treatment,onboarding_checklist_v1,2025-02-10
9492,control,onboarding_checklist_v1,2025-01-07
9493,treatment,onboarding_checklist_v1,2025-04-06
9494,control,onboarding_checklist_v1,2025-03-22
9495,control,onboarding_checklist_v1,2025-04-16
9496,treatment,onboarding_checklist_v1,2025-04-22
9497,treatment,onboarding_checklist_v1,2025-03-13
9498,control,onboarding_checklist_v1,2025-06-07
9499,control,onboarding_checklist_v1,2025-06-16
9500,control,onboarding_checklist_v1,2025-01-21
9501,treatment,onboarding_checklist_v1,2025-06-16
9502,treatment,onboarding_checklist_v1,2025-02-05
9503,control,onboarding_checklist_v1,2025-02-14
9504,treatment,onboarding_checklist_v1,2025-04-06
9505,control,onboarding_checklist_v1,2025-01-06
9506,treatment,onboarding_checklist_v1,2025-03-07
9507,treatment,onboarding_checklist_v1,2025-02-05
9508,treatment,onboarding_checklist_v1,2025-03-29
9509,control,onboarding_checklist_v1,2025-05-28
9510,control,onboarding_checklist_v1,2025-06-17
9511,control,onboarding_checklist_v1,2025-02-08
9512,treatment,onboarding_checklist_v1,2025-04-09
9513,treatment,onboarding_checklist_v1,2025-03-27
9514,control,onboarding_checklist_v1,2025-03-17
9515,control,onboarding_checklist_v1,2025-04-25
9516,control,onboarding_checklist_v1,2025-06-29
9517,treatment,onboarding_checklist_v1,2025-03-15
9518,treatment,onboarding_checklist_v1,2025-01-12
9519,control,onboarding_checklist_v1,2025-06-15
9520,treatment,onboarding_checklist_v1,2025-06-18
9521,control,onboarding_checklist_v1,2025-02-28
9522,treatment,onboarding_checklist_v1,2025-04-01
9523,control,onboarding_checklist_v1,2025-06-06
9524,control,onboarding_checklist_v1,2025-04-02
9525,treatment,onboarding_checklist_v1,2025-03-29
9526,treatment,onboarding_checklist_v1,2025-06-16
9527,control,onboarding_checklist_v1,2025-05-31
9528,treatment,onboarding_checklist_v1,2025-04-02
9529,treatment,onboarding_checklist_v1,2025-01-30
9530,control,onboarding_checklist_v1,2025-03-21
9531,treatment,onboarding_checklist_v1,2025-05-03
9532,treatment,onboarding_checklist_v1,2025-02-19
9533,control,onboarding_checklist_v1,2025-04-08
9534,treatment,onboarding_checklist_v1,2025-04-30
9535,treatment,onboarding_checklist_v1,2025-01-16
9536,control,onboarding_checklist_v1,2025-04-14
9537,treatment,onboarding_checklist_v1,2025-05-14
9538,control,onboarding_checklist_v1,2025-02-08
9539,treatment,onboarding_checklist_v1,2025-04-10
9540,treatment,onboarding_checklist_v1,2025-05-09
9541,control,onboarding_checklist_v1,2025-01-09
9542,treatment,onboarding_checklist_v1,2025-04-27
9543,control,onboarding_checklist_v1,2025-02-17
9544,treatment,onboarding_checklist_v1,2025-03-13
9545,treatment,onboarding_checklist_v1,2025-04-28
9546,control,onboarding_checklist_v1,2025-01-01
9547,treatment,onboarding_checklist_v1,2025-01-04
9548,control,onboarding_checklist_v1,2025-03-22
9549,treatment,onboarding_checklist_v1,2025-06-21
9550,treatment,onboarding_checklist_v1,2025-01-02
9551,treatment,onboarding_checklist_v1,2025-05-23
9552,control,onboarding_checklist_v1,2025-01-14
9553,treatment,onboarding_checklist_v1,2025-03-30
9554,treatment,onboarding_checklist_v1,2025-03-19
9555,treatment,onboarding_checklist_v1,2025-03-26
9556,treatment,onboarding_checklist_v1,2025-01-15
9557,treatment,onboarding_checklist_v1,2025-05-17
9558,control,onboarding_checklist_v1,2025-02-19
9559,control,onboarding_checklist_v1,2025-05-20
9560,treatment,onboarding_checklist_v1,2025-04-29
9561,control,onboarding_checklist_v1,2025-04-10
9562,treatment,onboarding_checklist_v1,2025-02-25
9563,treatment,onboarding_checklist_v1,2025-04-29
9564,treatment,onboarding_checklist_v1,2025-06-30
9565,treatment,onboarding_checklist_v1,2025-06-17
9566,treatment,onboarding_checklist_v1,2025-06-15
9567,treatment,onboarding_checklist_v1,2025-02-09
9568,treatment,onboarding_checklist_v1,2025-04-16
9569,control,onboarding_checklist_v1,2025-03-14
9570,control,onboarding_checklist_v1,2025-06-25
9571,control,onboarding_checklist_v1,2025-06-21
9572,treatment,onboarding_checklist_v1,2025-06-07
9573,control,onboarding_checklist_v1,2025-01-30
9574,treatment,onboarding_checklist_v1,2025-02-27
9575,treatment,onboarding_checklist_v1,2025-05-09
9576,control,onboarding_checklist_v1,2025-05-16
9577,treatment,onboarding_checklist_v1,2025-03-05
9578,control,onboarding_checklist_v1,2025-01-25
9579,treatment,onboarding_checklist_v1,2025-01-25
9580,control,onboarding_checklist_v1,2025-05-04
9581,control,onboarding_checklist_v1,2025-03-24
9582,control,onboarding_checklist_v1,2025-03-30
9583,treatment,onboarding_checklist_v1,2025-05-28
9584,control,onboarding_checklist_v1,2025-01-04
9585,treatment,onboarding_checklist_v1,2025-05-17
9586,treatment,onboarding_checklist_v1,2025-02-19
9587,control,onboarding_checklist_v1,2025-06-18
9588,control,onboarding_checklist_v1,2025-06-22
9589,control,onboarding_checklist_v1,2025-04-01
9590,treatment,onboarding_checklist_v1,2025-02-27
9591,treatment,onboarding_checklist_v1,2025-02-12
9592,control,onboarding_checklist_v1,2025-02-02
9593,treatment,onboarding_checklist_v1,2025-06-30
9594,control,onboarding_checklist_v1,2025-02-03
9595,treatment,onboarding_checklist_v1,2025-03-22
9596,control,onboarding_checklist_v1,2025-03-28
9597,control,onboarding_checklist_v1,2025-05-03
9598,control,onboarding_checklist_v1,2025-06-02
9599,treatment,onboarding_checklist_v1,2025-04-11
9600,treatment,onboarding_checklist_v1,2025-05-18
9601,control,onboarding_checklist_v1,2025-04-13
9602,control,onboarding_checklist_v1,2025-03-21
9603,treatment,onboarding_checklist_v1,2025-01-29
9604,control,onboarding_checklist_v1,2025-02-07
9605,treatment,onboarding_checklist_v1,2025-03-20
9606,control,onboarding_checklist_v1,2025-01-09
9607,control,onboarding_checklist_v1,2025-02-27
9608,treatment,onboarding_checklist_v1,2025-03-25
9609,control,onboarding_checklist_v1,2025-03-27
9610,treatment,onboarding_checklist_v1,2025-05-28
9611,control,onboarding_checklist_v1,2025-06-25
9612,control,onboarding_checklist_v1,2025-05-13
9613,treatment,onboarding_checklist_v1,2025-01-15
9614,control,onboarding_checklist_v1,2025-03-15
9615,treatment,onboarding_checklist_v1,2025-05-13
9616,treatment,onboarding_checklist_v1,2025-04-18
9617,treatment,onboarding_checklist_v1,2025-03-24
9618,control,onboarding_checklist_v1,2025-03-20
9619,control,onboarding_checklist_v1,2025-03-15
9620,control,onboarding_checklist_v1,2025-04-15
9621,treatment,onboarding_checklist_v1,2025-02-02
9622,control,onboarding_checklist_v1,2025-04-04
9623,control,onboarding_checklist_v1,2025-02-07
9624,treatment,onboarding_checklist_v1,2025-05-04
9625,control,onboarding_checklist_v1,2025-06-06
9626,treatment,onboarding_checklist_v1,2025-04-02
9627,control,onboarding_checklist_v1,2025-03-12
9628,treatment,onboarding_checklist_v1,2025-06-20
9629,treatment,onboarding_checklist_v1,2025-04-30
9630,control,onboarding_checklist_v1,2025-03-19
9631,treatment,onboarding_checklist_v1,2025-01-06
9632,treatment,onboarding_checklist_v1,2025-01-03
9633,control,onboarding_checklist_v1,2025-02-10
9634,treatment,onboarding_checklist_v1,2025-02-12
9635,treatment,onboarding_checklist_v1,2025-05-11
9636,treatment,onboarding_checklist_v1,2025-04-01
9637,treatment,onboarding_checklist_v1,2025-06-30
9638,control,onboarding_checklist_v1,2025-04-08
9639,control,onboarding_checklist_v1,2025-06-13
9640,control,onboarding_checklist_v1,2025-04-10
9641,control,onboarding_checklist_v1,2025-03-06
9642,control,onboarding_checklist_v1,2025-05-10
9643,control,onboarding_checklist_v1,2025-03-23
9644,control,onboarding_checklist_v1,2025-02-19
9645,treatment,onboarding_checklist_v1,2025-03-27
9646,control,onboarding_checklist_v1,2025-05-01
9647,treatment,onboarding_checklist_v1,2025-03-09
9648,treatment,onboarding_checklist_v1,2025-05-08
9649,treatment,onboarding_checklist_v1,2025-06-27
9650,control,onboarding_checklist_v1,2025-03-16
9651,treatment,onboarding_checklist_v1,2025-02-23
9652,treatment,onboarding_checklist_v1,2025-03-14
9653,treatment,onboarding_checklist_v1,2025-06-01
9654,control,onboarding_checklist_v1,2025-02-02
9655,control,onboarding_checklist_v1,2025-06-26
9656,treatment,onboarding_checklist_v1,2025-03-16
9657,control,onboarding_checklist_v1,2025-06-02
9658,treatment,onboarding_checklist_v1,2025-05-23
9659,treatment,onboarding_checklist_v1,2025-05-22
9660,treatment,onboarding_checklist_v1,2025-06-14
9661,treatment,onboarding_checklist_v1,2025-02-03
9662,treatment,onboarding_checklist_v1,2025-04-18
9663,treatment,onboarding_checklist_v1,2025-01-18
9664,treatment,onboarding_checklist_v1,2025-02-24
9665,control,onboarding_checklist_v1,2025-01-08
9666,treatment,onboarding_checklist_v1,2025-05-04
9667,treatment,onboarding_checklist_v1,2025-04-20
9668,treatment,onboarding_checklist_v1,2025-05-14
9669,control,onboarding_checklist_v1,2025-02-01
9670,control,onboarding_checklist_v1,2025-03-02
9671,treatment,onboarding_checklist_v1,2025-05-03
9672,control,onboarding_checklist_v1,2025-05-30
9673,treatment,onboarding_checklist_v1,2025-06-10
9674,treatment,onboarding_checklist_v1,2025-01-14
9675,control,onboarding_checklist_v1,2025-03-14
9676,control,onboarding_checklist_v1,2025-01-02
9677,treatment,onboarding_checklist_v1,2025-05-29
9678,control,onboarding_checklist_v1,2025-01-23
9679,treatment,onboarding_checklist_v1,2025-05-29
9680,treatment,onboarding_checklist_v1,2025-01-29
9681,treatment,onboarding_checklist_v1,2025-01-03
9682,control,onboarding_checklist_v1,2025-06-09
9683,control,onboarding_checklist_v1,2025-03-21
9684,treatment,onboarding_checklist_v1,2025-03-18
9685,control,onboarding_checklist_v1,2025-04-28
9686,control,onboarding_checklist_v1,2025-02-19
9687,treatment,onboarding_checklist_v1,2025-05-06
9688,control,onboarding_checklist_v1,2025-03-19
9689,control,onboarding_checklist_v1,2025-02-19
9690,treatment,onboarding_checklist_v1,2025-03-13
9691,control,onboarding_checklist_v1,2025-01-02
9692,control,onboarding_checklist_v1,2025-02-24
9693,control,onboarding_checklist_v1,2025-04-18
9694,treatment,onboarding_checklist_v1,2025-01-25
9695,treatment,onboarding_checklist_v1,2025-01-22
9696,treatment,onboarding_checklist_v1,2025-04-29
9697,treatment,onboarding_checklist_v1,2025-03-19
9698,control,onboarding_checklist_v1,2025-01-25
9699,treatment,onboarding_checklist_v1,2025-05-16
9700,control,onboarding_checklist_v1,2025-05-21
9701,treatment,onboarding_checklist_v1,2025-01-07
9702,treatment,onboarding_checklist_v1,2025-02-06
9703,control,onboarding_checklist_v1,2025-03-09
9704,treatment,onboarding_checklist_v1,2025-05-13
9705,treatment,onboarding_checklist_v1,2025-01-14
9706,control,onboarding_checklist_v1,2025-05-26
9707,treatment,onboarding_checklist_v1,2025-02-27
9708,treatment,onboarding_checklist_v1,2025-01-23
9709,control,onboarding_checklist_v1,2025-06-06
9710,control,onboarding_checklist_v1,2025-01-16
9711,treatment,onboarding_checklist_v1,2025-01-24
9712,control,onboarding_checklist_v1,2025-06-21
9713,control,onboarding_checklist_v1,2025-04-05
9714,treatment,onboarding_checklist_v1,2025-03-25
9715,treatment,onboarding_checklist_v1,2025-05-05
9716,control,onboarding_checklist_v1,2025-04-25
9717,control,onboarding_checklist_v1,2025-04-22
9718,treatment,onboarding_checklist_v1,2025-01-05
9719,control,onboarding_checklist_v1,2025-04-10
9720,treatment,onboarding_checklist_v1,2025-02-20
9721,treatment,onboarding_checklist_v1,2025-05-27
9722,control,onboarding_checklist_v1,2025-04-02
9723,treatment,onboarding_checklist_v1,2025-01-23
9724,treatment,onboarding_checklist_v1,2025-06-10
9725,treatment,onboarding_checklist_v1,2025-02-21
9726,control,onboarding_checklist_v1,2025-02-19
9727,control,onboarding_checklist_v1,2025-06-19
9728,treatment,onboarding_checklist_v1,2025-05-21
9729,treatment,onboarding_checklist_v1,2025-06-05
9730,treatment,onboarding_checklist_v1,2025-04-30
9731,control,onboarding_checklist_v1,2025-06-14
9732,treatment,onboarding_checklist_v1,2025-01-21
9733,control,onboarding_checklist_v1,2025-04-19
9734,treatment,onboarding_checklist_v1,2025-02-23
9735,treatment,onboarding_checklist_v1,2025-03-14
9736,treatment,onboarding_checklist_v1,2025-02-13
9737,control,onboarding_checklist_v1,2025-02-07
9738,treatment,onboarding_checklist_v1,2025-03-22
9739,control,onboarding_checklist_v1,2025-06-16
9740,control,onboarding_checklist_v1,2025-04-25
9741,treatment,onboarding_checklist_v1,2025-03-05
9742,treatment,onboarding_checklist_v1,2025-03-20
9743,treatment,onboarding_checklist_v1,2025-04-06
9744,treatment,onboarding_checklist_v1,2025-02-14
9745,control,onboarding_checklist_v1,2025-04-05
9746,control,onboarding_checklist_v1,2025-05-06
9747,treatment,onboarding_checklist_v1,2025-02-14
9748,treatment,onboarding_checklist_v1,2025-04-16
9749,treatment,onboarding_checklist_v1,2025-05-09
9750,control,onboarding_checklist_v1,2025-04-04
9751,control,onboarding_checklist_v1,2025-02-22
9752,treatment,onboarding_checklist_v1,2025-04-11
9753,control,onboarding_checklist_v1,2025-05-24
9754,treatment,onboarding_checklist_v1,2025-02-10
9755,control,onboarding_checklist_v1,2025-04-15
9756,control,onboarding_checklist_v1,2025-05-04
9757,control,onboarding_checklist_v1,2025-02-28
9758,control,onboarding_checklist_v1,2025-03-12
9759,treatment,onboarding_checklist_v1,2025-06-10
9760,control,onboarding_checklist_v1,2025-03-07
9761,control,onboarding_checklist_v1,2025-04-19
9762,treatment,onboarding_checklist_v1,2025-01-28
9763,control,onboarding_checklist_v1,2025-06-17
9764,treatment,onboarding_checklist_v1,2025-04-19
9765,control,onboarding_checklist_v1,2025-05-18
9766,control,onboarding_checklist_v1,2025-04-20
9767,control,onboarding_checklist_v1,2025-03-06
9768,treatment,onboarding_checklist_v1,2025-03-03
9769,control,onboarding_checklist_v1,2025-05-07
9770,treatment,onboarding_checklist_v1,2025-06-05
9771,treatment,onboarding_checklist_v1,2025-01-24
9772,control,onboarding_checklist_v1,2025-06-03
9773,treatment,onboarding_checklist_v1,2025-05-31
9774,control,onboarding_checklist_v1,2025-01-20
9775,control,onboarding_checklist_v1,2025-01-20
9776,treatment,onboarding_checklist_v1,2025-05-06
9777,control,onboarding_checklist_v1,2025-06-02
9778,treatment,onboarding_checklist_v1,2025-03-13
9779,treatment,onboarding_checklist_v1,2025-04-26
9780,control,onboarding_checklist_v1,2025-06-30
9781,control,onboarding_checklist_v1,2025-02-28
9782,treatment,onboarding_checklist_v1,2025-02-10
9783,control,onboarding_checklist_v1,2025-06-29
9784,control,onboarding_checklist_v1,2025-02-20
9785,control,onboarding_checklist_v1,2025-03-27
9786,control,onboarding_checklist_v1,2025-03-22
9787,treatment,onboarding_checklist_v1,2025-04-05
9788,control,onboarding_checklist_v1,2025-02-18
9789,control,onboarding_checklist_v1,2025-05-03
9790,treatment,onboarding_checklist_v1,2025-05-06
9791,treatment,onboarding_checklist_v1,2025-02-06
9792,treatment,onboarding_checklist_v1,2025-03-29
9793,treatment,onboarding_checklist_v1,2025-01-11
9794,control,onboarding_checklist_v1,2025-02-09
9795,control,onboarding_checklist_v1,2025-06-28
9796,treatment,onboarding_checklist_v1,2025-04-02
9797,control,onboarding_checklist_v1,2025-04-23
9798,treatment,onboarding_checklist_v1,2025-06-10
9799,control,onboarding_checklist_v1,2025-05-10
9800,treatment,onboarding_checklist_v1,2025-05-24
9801,treatment,onboarding_checklist_v1,2025-05-09
9802,treatment,onboarding_checklist_v1,2025-04-01
9803,control,onboarding_checklist_v1,2025-04-25
9804,treatment,onboarding_checklist_v1,2025-02-22
9805,treatment,onboarding_checklist_v1,2025-06-11
9806,treatment,onboarding_checklist_v1,2025-02-02
9807,treatment,onboarding_checklist_v1,2025-06-10
9808,control,onboarding_checklist_v1,2025-06-08
9809,control,onboarding_checklist_v1,2025-01-26
9810,control,onboarding_checklist_v1,2025-05-09
9811,treatment,onboarding_checklist_v1,2025-06-29
9812,treatment,onboarding_checklist_v1,2025-04-14
9813,control,onboarding_checklist_v1,2025-03-03
9814,treatment,onboarding_checklist_v1,2025-06-09
9815,control,onboarding_checklist_v1,2025-04-03
9816,treatment,onboarding_checklist_v1,2025-01-23
9817,control,onboarding_checklist_v1,2025-02-15
9818,control,onboarding_checklist_v1,2025-05-04
9819,control,onboarding_checklist_v1,2025-03-24
9820,treatment,onboarding_checklist_v1,2025-02-09
9821,treatment,onboarding_checklist_v1,2025-05-25
9822,control,onboarding_checklist_v1,2025-01-22
9823,treatment,onboarding_checklist_v1,2025-02-09
9824,treatment,onboarding_checklist_v1,2025-03-26
9825,control,onboarding_checklist_v1,2025-01-08
9826,treatment,onboarding_checklist_v1,2025-03-12
9827,control,onboarding_checklist_v1,2025-06-14
9828,treatment,onboarding_checklist_v1,2025-06-20
9829,treatment,onboarding_checklist_v1,2025-06-07
9830,control,onboarding_checklist_v1,2025-02-28
9831,treatment,onboarding_checklist_v1,2025-01-12
9832,control,onboarding_checklist_v1,2025-05-28
9833,treatment,onboarding_checklist_v1,2025-03-09
9834,treatment,onboarding_checklist_v1,2025-05-16
9835,control,onboarding_checklist_v1,2025-01-22
9836,treatment,onboarding_checklist_v1,2025-05-01
9837,control,onboarding_checklist_v1,2025-04-17
9838,treatment,onboarding_checklist_v1,2025-06-16
9839,treatment,onboarding_checklist_v1,2025-01-19
9840,treatment,onboarding_checklist_v1,2025-03-15
9841,treatment,onboarding_checklist_v1,2025-06-29
9842,treatment,onboarding_checklist_v1,2025-03-12
9843,control,onboarding_checklist_v1,2025-04-30
9844,control,onboarding_checklist_v1,2025-01-30
9845,treatment,onboarding_checklist_v1,2025-05-12
9846,control,onboarding_checklist_v1,2025-02-19
9847,control,onboarding_checklist_v1,2025-04-14
9848,control,onboarding_checklist_v1,2025-06-09
9849,treatment,onboarding_checklist_v1,2025-04-30
9850,treatment,onboarding_checklist_v1,2025-03-27
9851,control,onboarding_checklist_v1,2025-02-04
9852,control,onboarding_checklist_v1,2025-03-03
9853,treatment,onboarding_checklist_v1,2025-06-03
9854,control,onboarding_checklist_v1,2025-02-09
9855,treatment,onboarding_checklist_v1,2025-04-29
9856,treatment,onboarding_checklist_v1,2025-03-29
9857,treatment,onboarding_checklist_v1,2025-02-28
9858,control,onboarding_checklist_v1,2025-05-10
9859,treatment,onboarding_checklist_v1,2025-03-07
9860,treatment,onboarding_checklist_v1,2025-02-21
9861,control,onboarding_checklist_v1,2025-04-06
9862,treatment,onboarding_checklist_v1,2025-05-18
9863,control,onboarding_checklist_v1,2025-06-06
9864,treatment,onboarding_checklist_v1,2025-04-24
9865,treatment,onboarding_checklist_v1,2025-04-30
9866,control,onboarding_checklist_v1,2025-05-23
9867,control,onboarding_checklist_v1,2025-02-18
9868,control,onboarding_checklist_v1,2025-02-15
9869,control,onboarding_checklist_v1,2025-03-29
9870,treatment,onboarding_checklist_v1,2025-04-25
9871,control,onboarding_checklist_v1,2025-04-27
9872,treatment,onboarding_checklist_v1,2025-01-28
9873,control,onboarding_checklist_v1,2025-05-22
9874,treatment,onboarding_checklist_v1,2025-03-07
9875,treatment,onboarding_checklist_v1,2025-06-08
9876,treatment,onboarding_checklist_v1,2025-05-12
9877,treatment,onboarding_checklist_v1,2025-06-27
9878,treatment,onboarding_checklist_v1,2025-04-25
9879,treatment,onboarding_checklist_v1,2025-04-06
9880,treatment,onboarding_checklist_v1,2025-02-04
9881,control,onboarding_checklist_v1,2025-03-14
9882,control,onboarding_checklist_v1,2025-06-05
9883,control,onboarding_checklist_v1,2025-03-11
9884,treatment,onboarding_checklist_v1,2025-01-10
9885,treatment,onboarding_checklist_v1,2025-02-14
9886,treatment,onboarding_checklist_v1,2025-04-18
9887,treatment,onboarding_checklist_v1,2025-04-24
9888,control,onboarding_checklist_v1,2025-06-28
9889,treatment,onboarding_checklist_v1,2025-06-19
9890,control,onboarding_checklist_v1,2025-04-07
9891,control,onboarding_checklist_v1,2025-04-11
9892,treatment,onboarding_checklist_v1,2025-05-25
9893,control,onboarding_checklist_v1,2025-01-09
9894,treatment,onboarding_checklist_v1,2025-04-18
9895,treatment,onboarding_checklist_v1,2025-03-27
9896,treatment,onboarding_checklist_v1,2025-05-22
9897,control,onboarding_checklist_v1,2025-05-25
9898,control,onboarding_checklist_v1,2025-04-29
9899,control,onboarding_checklist_v1,2025-04-29
9900,control,onboarding_checklist_v1,2025-05-06
9901,control,onboarding_checklist_v1,2025-04-16
9902,control,onboarding_checklist_v1,2025-02-11
9903,treatment,onboarding_checklist_v1,2025-02-21
9904,treatment,onboarding_checklist_v1,2025-05-15
9905,treatment,onboarding_checklist_v1,2025-04-22
9906,control,onboarding_checklist_v1,2025-02-13
9907,treatment,onboarding_checklist_v1,2025-06-08
9908,control,onboarding_checklist_v1,2025-06-27
9909,control,onboarding_checklist_v1,2025-04-24
9910,control,onboarding_checklist_v1,2025-02-11
9911,treatment,onboarding_checklist_v1,2025-06-19
9912,treatment,onboarding_checklist_v1,2025-02-12
9913,control,onboarding_checklist_v1,2025-03-20
9914,treatment,onboarding_checklist_v1,2025-06-05
9915,treatment,onboarding_checklist_v1,2025-04-05
9916,control,onboarding_checklist_v1,2025-02-13
9917,treatment,onboarding_checklist_v1,2025-01-15
9918,control,onboarding_checklist_v1,2025-03-07
9919,control,onboarding_checklist_v1,2025-05-02
9920,treatment,onboarding_checklist_v1,2025-05-10
9921,control,onboarding_checklist_v1,2025-02-10
9922,treatment,onboarding_checklist_v1,2025-01-29
9923,control,onboarding_checklist_v1,2025-05-07
9924,treatment,onboarding_checklist_v1,2025-01-29
9925,treatment,onboarding_checklist_v1,2025-01-12
9926,treatment,onboarding_checklist_v1,2025-03-30
9927,treatment,onboarding_checklist_v1,2025-04-14
9928,treatment,onboarding_checklist_v1,2025-02-14
9929,control,onboarding_checklist_v1,2025-02-08
9930,control,onboarding_checklist_v1,2025-02-12
9931,treatment,onboarding_checklist_v1,2025-03-04
9932,control,onboarding_checklist_v1,2025-01-02
9933,control,onboarding_checklist_v1,2025-01-03
9934,treatment,onboarding_checklist_v1,2025-03-09
9935,control,onboarding_checklist_v1,2025-01-04
9936,control,onboarding_checklist_v1,2025-02-27
9937,treatment,onboarding_checklist_v1,2025-04-16
9938,treatment,onboarding_checklist_v1,2025-01-06
9939,treatment,onboarding_checklist_v1,2025-04-22
9940,control,onboarding_checklist_v1,2025-04-23
9941,control,onboarding_checklist_v1,2025-04-14
9942,treatment,onboarding_checklist_v1,2025-04-24
9943,control,onboarding_checklist_v1,2025-05-27
9944,treatment,onboarding_checklist_v1,2025-01-13
9945,control,onboarding_checklist_v1,2025-01-31
9946,control,onboarding_checklist_v1,2025-02-27
9947,control,onboarding_checklist_v1,2025-05-05
9948,control,onboarding_checklist_v1,2025-06-07
9949,control,onboarding_checklist_v1,2025-06-16
9950,treatment,onboarding_checklist_v1,2025-04-16
9951,treatment,onboarding_checklist_v1,2025-03-16
9952,control,onboarding_checklist_v1,2025-03-16
9953,treatment,onboarding_checklist_v1,2025-01-11
9954,control,onboarding_checklist_v1,2025-03-26
9955,control,onboarding_checklist_v1,2025-04-03
9956,treatment,onboarding_checklist_v1,2025-02-07
9957,treatment,onboarding_checklist_v1,2025-05-19
9958,treatment,onboarding_checklist_v1,2025-05-27
9959,control,onboarding_checklist_v1,2025-02-24
9960,control,onboarding_checklist_v1,2025-06-15
9961,treatment,onboarding_checklist_v1,2025-01-20
9962,treatment,onboarding_checklist_v1,2025-06-14
9963,treatment,onboarding_checklist_v1,2025-05-20
9964,treatment,onboarding_checklist_v1,2025-02-10
9965,control,onboarding_checklist_v1,2025-04-28
9966,treatment,onboarding_checklist_v1,2025-02-26
9967,treatment,onboarding_checklist_v1,2025-05-25
9968,control,onboarding_checklist_v1,2025-01-30
9969,control,onboarding_checklist_v1,2025-02-14
9970,treatment,onboarding_checklist_v1,2025-02-25
9971,control,onboarding_checklist_v1,2025-02-06
9972,treatment,onboarding_checklist_v1,2025-03-02
9973,treatment,onboarding_checklist_v1,2025-04-20
9974,control,onboarding_checklist_v1,2025-04-25
9975,treatment,onboarding_checklist_v1,2025-04-11
9976,treatment,onboarding_checklist_v1,2025-02-04
9977,control,onboarding_checklist_v1,2025-02-06
9978,treatment,onboarding_checklist_v1,2025-06-16
9979,control,onboarding_checklist_v1,2025-02-15
9980,treatment,onboarding_checklist_v1,2025-01-19
9981,control,onboarding_checklist_v1,2025-03-24
9982,control,onboarding_checklist_v1,2025-01-02
9983,treatment,onboarding_checklist_v1,2025-03-04
9984,control,onboarding_checklist_v1,2025-06-04
9985,control,onboarding_checklist_v1,2025-02-18
9986,control,onboarding_checklist_v1,2025-05-08
9987,treatment,onboarding_checklist_v1,2025-03-30
9988,treatment,onboarding_checklist_v1,2025-03-06
9989,control,onboarding_checklist_v1,2025-04-30
9990,control,onboarding_checklist_v1,2025-04-18
9991,control,onboarding_checklist_v1,2025-02-27
9992,treatment,onboarding_checklist_v1,2025-02-10
9993,control,onboarding_checklist_v1,2025-06-15
9994,treatment,onboarding_checklist_v1,2025-01-31
9995,control,onboarding_checklist_v1,2025-06-23
9996,treatment,onboarding_checklist_v1,2025-03-27
9997,treatment,onboarding_checklist_v1,2025-06-30
9998,control,onboarding_checklist_v1,2025-03-05
9999,treatment,onboarding_checklist_v1,2025-04-13
10000,control,onboarding_checklist_v1,2025-04-22
10001,treatment,onboarding_checklist_v1,2025-03-03
10002,control,onboarding_checklist_v1,2025-02-09
10003,control,onboarding_checklist_v1,2025-04-05
10004,control,onboarding_checklist_v1,2025-04-30
10005,control,onboarding_checklist_v1,2025-02-17
10006,treatment,onboarding_checklist_v1,2025-05-19
10007,treatment,onboarding_checklist_v1,2025-04-26
10008,control,onboarding_checklist_v1,2025-01-31
10009,treatment,onboarding_checklist_v1,2025-06-19
10010,treatment,onboarding_checklist_v1,2025-01-08
10011,control,onboarding_checklist_v1,2025-04-29
10012,control,onboarding_checklist_v1,2025-03-21
10013,treatment,onboarding_checklist_v1,2025-04-29
10014,control,onboarding_checklist_v1,2025-05-21
10015,treatment,onboarding_checklist_v1,2025-05-05
10016,control,onboarding_checklist_v1,2025-04-28
10017,control,onboarding_checklist_v1,2025-06-02
10018,treatment,onboarding_checklist_v1,2025-05-08
10019,treatment,onboarding_checklist_v1,2025-05-28
10020,treatment,onboarding_checklist_v1,2025-03-14
10021,control,onboarding_checklist_v1,2025-02-06
10022,treatment,onboarding_checklist_v1,2025-02-12
10023,treatment,onboarding_checklist_v1,2025-04-21
10024,treatment,onboarding_checklist_v1,2025-04-07
10025,treatment,onboarding_checklist_v1,2025-01-14
10026,treatment,onboarding_checklist_v1,2025-02-06
10027,treatment,onboarding_checklist_v1,2025-06-25
10028,treatment,onboarding_checklist_v1,2025-05-12
10029,treatment,onboarding_checklist_v1,2025-05-17
10030,control,onboarding_checklist_v1,2025-02-05
10031,treatment,onboarding_checklist_v1,2025-01-12
10032,treatment,onboarding_checklist_v1,2025-02-22
10033,control,onboarding_checklist_v1,2025-06-05
10034,control,onboarding_checklist_v1,2025-04-02
10035,control,onboarding_checklist_v1,2025-05-23
10036,treatment,onboarding_checklist_v1,2025-03-30
10037,control,onboarding_checklist_v1,2025-03-30
10038,control,onboarding_checklist_v1,2025-04-19
10039,treatment,onboarding_checklist_v1,2025-06-23
10040,control,onboarding_checklist_v1,2025-03-21
10041,treatment,onboarding_checklist_v1,2025-04-18
10042,control,onboarding_checklist_v1,2025-06-16
10043,control,onboarding_checklist_v1,2025-03-09
10044,control,onboarding_checklist_v1,2025-06-02
10045,treatment,onboarding_checklist_v1,2025-04-07
10046,treatment,onboarding_checklist_v1,2025-06-09
10047,control,onboarding_checklist_v1,2025-03-26
10048,control,onboarding_checklist_v1,2025-04-24
10049,treatment,onboarding_checklist_v1,2025-02-28
10050,treatment,onboarding_checklist_v1,2025-04-25
10051,treatment,onboarding_checklist_v1,2025-03-01
10052,control,onboarding_checklist_v1,2025-04-21
10053,treatment,onboarding_checklist_v1,2025-05-23
10054,treatment,onboarding_checklist_v1,2025-03-20
10055,control,onboarding_checklist_v1,2025-03-19
10056,treatment,onboarding_checklist_v1,2025-02-28
10057,treatment,onboarding_checklist_v1,2025-05-13
10058,treatment,onboarding_checklist_v1,2025-04-18
10059,treatment,onboarding_checklist_v1,2025-04-04
10060,control,onboarding_checklist_v1,2025-01-05
10061,treatment,onboarding_checklist_v1,2025-01-20
10062,control,onboarding_checklist_v1,2025-01-02
10063,treatment,onboarding_checklist_v1,2025-06-03
10064,control,onboarding_checklist_v1,2025-06-04
10065,control,onboarding_checklist_v1,2025-01-13
10066,treatment,onboarding_checklist_v1,2025-01-09
10067,control,onboarding_checklist_v1,2025-05-22
10068,treatment,onboarding_checklist_v1,2025-04-05
10069,control,onboarding_checklist_v1,2025-02-25
10070,control,onboarding_checklist_v1,2025-04-22
10071,control,onboarding_checklist_v1,2025-02-12
10072,control,onboarding_checklist_v1,2025-02-05
10073,control,onboarding_checklist_v1,2025-03-08
10074,control,onboarding_checklist_v1,2025-06-12
10075,treatment,onboarding_checklist_v1,2025-05-19
10076,control,onboarding_checklist_v1,2025-02-04
10077,control,onboarding_checklist_v1,2025-04-12
10078,control,onboarding_checklist_v1,2025-06-10
10079,control,onboarding_checklist_v1,2025-06-22
10080,control,onboarding_checklist_v1,2025-05-19
10081,control,onboarding_checklist_v1,2025-01-24
10082,treatment,onboarding_checklist_v1,2025-02-13
10083,treatment,onboarding_checklist_v1,2025-02-09
10084,treatment,onboarding_checklist_v1,2025-01-28
10085,treatment,onboarding_checklist_v1,2025-02-01
10086,treatment,onboarding_checklist_v1,2025-02-27
10087,control,onboarding_checklist_v1,2025-04-11
10088,control,onboarding_checklist_v1,2025-03-14
10089,treatment,onboarding_checklist_v1,2025-03-18
10090,control,onboarding_checklist_v1,2025-02-14
10091,control,onboarding_checklist_v1,2025-01-28
10092,treatment,onboarding_checklist_v1,2025-06-30
10093,control,onboarding_checklist_v1,2025-04-19
10094,control,onboarding_checklist_v1,2025-02-11
10095,treatment,onboarding_checklist_v1,2025-05-27
10096,control,onboarding_checklist_v1,2025-05-31
10097,control,onboarding_checklist_v1,2025-06-24
10098,control,onboarding_checklist_v1,2025-01-29
10099,control,onboarding_checklist_v1,2025-04-26
10100,treatment,onboarding_checklist_v1,2025-06-27
10101,treatment,onboarding_checklist_v1,2025-05-27
10102,control,onboarding_checklist_v1,2025-02-10
10103,control,onboarding_checklist_v1,2025-06-11
10104,control,onboarding_checklist_v1,2025-03-18
10105,treatment,onboarding_checklist_v1,2025-03-30
10106,control,onboarding_checklist_v1,2025-04-12
10107,control,onboarding_checklist_v1,2025-05-20
10108,treatment,onboarding_checklist_v1,2025-01-22
10109,treatment,onboarding_checklist_v1,2025-04-08
10110,treatment,onboarding_checklist_v1,2025-05-28
10111,treatment,onboarding_checklist_v1,2025-04-10
10112,treatment,onboarding_checklist_v1,2025-02-19
10113,treatment,onboarding_checklist_v1,2025-01-11
10114,treatment,onboarding_checklist_v1,2025-04-10
10115,control,onboarding_checklist_v1,2025-05-08
10116,control,onboarding_checklist_v1,2025-04-10
10117,control,onboarding_checklist_v1,2025-06-27
10118,treatment,onboarding_checklist_v1,2025-04-20
10119,treatment,onboarding_checklist_v1,2025-04-02
10120,treatment,onboarding_checklist_v1,2025-01-11
10121,control,onboarding_checklist_v1,2025-04-12
10122,treatment,onboarding_checklist_v1,2025-01-31
10123,control,onboarding_checklist_v1,2025-05-12
10124,control,onboarding_checklist_v1,2025-01-30
10125,treatment,onboarding_checklist_v1,2025-06-14
10126,treatment,onboarding_checklist_v1,2025-02-24
10127,treatment,onboarding_checklist_v1,2025-03-20
10128,control,onboarding_checklist_v1,2025-01-27
10129,control,onboarding_checklist_v1,2025-02-08
10130,control,onboarding_checklist_v1,2025-06-16
10131,control,onboarding_checklist_v1,2025-02-21
10132,treatment,onboarding_checklist_v1,2025-04-03
10133,control,onboarding_checklist_v1,2025-06-27
10134,control,onboarding_checklist_v1,2025-04-23
10135,control,onboarding_checklist_v1,2025-01-08
10136,treatment,onboarding_checklist_v1,2025-03-06
10137,treatment,onboarding_checklist_v1,2025-03-12
10138,control,onboarding_checklist_v1,2025-02-20
10139,control,onboarding_checklist_v1,2025-02-13
10140,treatment,onboarding_checklist_v1,2025-04-02
10141,treatment,onboarding_checklist_v1,2025-03-10
10142,control,onboarding_checklist_v1,2025-02-23
10143,control,onboarding_checklist_v1,2025-03-16
10144,treatment,onboarding_checklist_v1,2025-03-04
10145,treatment,onboarding_checklist_v1,2025-02-11
10146,control,onboarding_checklist_v1,2025-03-23
10147,control,onboarding_checklist_v1,2025-06-20
10148,control,onboarding_checklist_v1,2025-04-02
10149,control,onboarding_checklist_v1,2025-04-19
10150,control,onboarding_checklist_v1,2025-06-28
10151,control,onboarding_checklist_v1,2025-04-22
10152,control,onboarding_checklist_v1,2025-02-10
10153,control,onboarding_checklist_v1,2025-03-14
10154,control,onboarding_checklist_v1,2025-03-30
10155,control,onboarding_checklist_v1,2025-03-27
10156,treatment,onboarding_checklist_v1,2025-01-28
10157,control,onboarding_checklist_v1,2025-01-20
10158,treatment,onboarding_checklist_v1,2025-03-05
10159,treatment,onboarding_checklist_v1,2025-06-15
10160,treatment,onboarding_checklist_v1,2025-05-10
10161,control,onboarding_checklist_v1,2025-06-02
10162,control,onboarding_checklist_v1,2025-02-01
10163,treatment,onboarding_checklist_v1,2025-03-16
10164,control,onboarding_checklist_v1,2025-04-16
10165,control,onboarding_checklist_v1,2025-03-20
10166,control,onboarding_checklist_v1,2025-03-17
10167,treatment,onboarding_checklist_v1,2025-03-07
10168,treatment,onboarding_checklist_v1,2025-01-10
10169,control,onboarding_checklist_v1,2025-06-05
10170,treatment,onboarding_checklist_v1,2025-06-18
10171,treatment,onboarding_checklist_v1,2025-01-15
10172,control,onboarding_checklist_v1,2025-03-16
10173,control,onboarding_checklist_v1,2025-04-04
10174,control,onboarding_checklist_v1,2025-05-22
10175,treatment,onboarding_checklist_v1,2025-06-28
10176,treatment,onboarding_checklist_v1,2025-03-17
10177,treatment,onboarding_checklist_v1,2025-05-16
10178,treatment,onboarding_checklist_v1,2025-06-19
10179,control,onboarding_checklist_v1,2025-05-31
10180,treatment,onboarding_checklist_v1,2025-02-22
10181,treatment,onboarding_checklist_v1,2025-05-28
10182,treatment,onboarding_checklist_v1,2025-03-16
10183,control,onboarding_checklist_v1,2025-01-04
10184,control,onboarding_checklist_v1,2025-05-18
10185,control,onboarding_checklist_v1,2025-06-01
10186,control,onboarding_checklist_v1,2025-03-04
10187,treatment,onboarding_checklist_v1,2025-03-23
10188,treatment,onboarding_checklist_v1,2025-03-07
10189,treatment,onboarding_checklist_v1,2025-01-22
10190,control,onboarding_checklist_v1,2025-06-30
10191,control,onboarding_checklist_v1,2025-01-05
10192,control,onboarding_checklist_v1,2025-04-11
10193,treatment,onboarding_checklist_v1,2025-01-03
10194,treatment,onboarding_checklist_v1,2025-05-05
10195,control,onboarding_checklist_v1,2025-06-13
10196,treatment,onboarding_checklist_v1,2025-04-27
10197,treatment,onboarding_checklist_v1,2025-04-20
10198,control,onboarding_checklist_v1,2025-05-30
10199,control,onboarding_checklist_v1,2025-06-26
10200,control,onboarding_checklist_v1,2025-06-05
10201,control,onboarding_checklist_v1,2025-02-11
10202,treatment,onboarding_checklist_v1,2025-04-12
10203,control,onboarding_checklist_v1,2025-05-29
10204,treatment,onboarding_checklist_v1,2025-02-23
10205,treatment,onboarding_checklist_v1,2025-05-03
10206,treatment,onboarding_checklist_v1,2025-01-05
10207,treatment,onboarding_checklist_v1,2025-06-08
10208,control,onboarding_checklist_v1,2025-04-22
10209,treatment,onboarding_checklist_v1,2025-05-15
10210,control,onboarding_checklist_v1,2025-05-30
10211,treatment,onboarding_checklist_v1,2025-02-09
10212,treatment,onboarding_checklist_v1,2025-03-23
10213,control,onboarding_checklist_v1,2025-06-05
10214,control,onboarding_checklist_v1,2025-01-30
10215,treatment,onboarding_checklist_v1,2025-05-29
10216,treatment,onboarding_checklist_v1,2025-02-22
10217,treatment,onboarding_checklist_v1,2025-04-15
10218,control,onboarding_checklist_v1,2025-04-03
10219,treatment,onboarding_checklist_v1,2025-05-05
10220,treatment,onboarding_checklist_v1,2025-06-01
10221,control,onboarding_checklist_v1,2025-03-05
10222,treatment,onboarding_checklist_v1,2025-02-01
10223,treatment,onboarding_checklist_v1,2025-03-18
10224,treatment,onboarding_checklist_v1,2025-04-21
10225,control,onboarding_checklist_v1,2025-05-16
10226,control,onboarding_checklist_v1,2025-05-17
10227,treatment,onboarding_checklist_v1,2025-03-03
10228,treatment,onboarding_checklist_v1,2025-06-19
10229,control,onboarding_checklist_v1,2025-01-16
10230,treatment,onboarding_checklist_v1,2025-01-22
10231,control,onboarding_checklist_v1,2025-01-05
10232,treatment,onboarding_checklist_v1,2025-06-17
10233,control,onboarding_checklist_v1,2025-02-02
10234,control,onboarding_checklist_v1,2025-04-19
10235,treatment,onboarding_checklist_v1,2025-05-28
10236,control,onboarding_checklist_v1,2025-05-19
10237,treatment,onboarding_checklist_v1,2025-06-21
10238,control,onboarding_checklist_v1,2025-01-10
10239,control,onboarding_checklist_v1,2025-03-15
10240,treatment,onboarding_checklist_v1,2025-04-02
10241,treatment,onboarding_checklist_v1,2025-05-07
10242,treatment,onboarding_checklist_v1,2025-04-23
10243,treatment,onboarding_checklist_v1,2025-04-12
10244,control,onboarding_checklist_v1,2025-02-25
10245,control,onboarding_checklist_v1,2025-01-20
10246,control,onboarding_checklist_v1,2025-03-20
10247,treatment,onboarding_checklist_v1,2025-02-16
10248,control,onboarding_checklist_v1,2025-04-11
10249,control,onboarding_checklist_v1,2025-05-25
10250,treatment,onboarding_checklist_v1,2025-04-11
10251,control,onboarding_checklist_v1,2025-04-16
10252,treatment,onboarding_checklist_v1,2025-01-08
10253,control,onboarding_checklist_v1,2025-04-27
10254,control,onboarding_checklist_v1,2025-03-21
10255,control,onboarding_checklist_v1,2025-01-23
10256,control,onboarding_checklist_v1,2025-02-08
10257,treatment,onboarding_checklist_v1,2025-05-22
10258,control,onboarding_checklist_v1,2025-06-15
10259,treatment,onboarding_checklist_v1,2025-04-02
10260,treatment,onboarding_checklist_v1,2025-06-26
10261,control,onboarding_checklist_v1,2025-02-02
10262,treatment,onboarding_checklist_v1,2025-02-24
10263,treatment,onboarding_checklist_v1,2025-06-18
10264,control,onboarding_checklist_v1,2025-02-01
10265,treatment,onboarding_checklist_v1,2025-04-30
10266,control,onboarding_checklist_v1,2025-02-09
10267,treatment,onboarding_checklist_v1,2025-03-01
10268,control,onboarding_checklist_v1,2025-03-28
10269,treatment,onboarding_checklist_v1,2025-03-07
10270,treatment,onboarding_checklist_v1,2025-06-08
10271,treatment,onboarding_checklist_v1,2025-06-26
10272,treatment,onboarding_checklist_v1,2025-04-01
10273,control,onboarding_checklist_v1,2025-04-06
10274,treatment,onboarding_checklist_v1,2025-01-11
10275,control,onboarding_checklist_v1,2025-02-12
10276,control,onboarding_checklist_v1,2025-01-08
10277,control,onboarding_checklist_v1,2025-06-05
10278,treatment,onboarding_checklist_v1,2025-02-11
10279,treatment,onboarding_checklist_v1,2025-03-03
10280,control,onboarding_checklist_v1,2025-06-02
10281,treatment,onboarding_checklist_v1,2025-05-10
10282,treatment,onboarding_checklist_v1,2025-04-23
10283,control,onboarding_checklist_v1,2025-01-07
10284,control,onboarding_checklist_v1,2025-04-12
10285,treatment,onboarding_checklist_v1,2025-04-12
10286,treatment,onboarding_checklist_v1,2025-02-27
10287,control,onboarding_checklist_v1,2025-05-15
10288,treatment,onboarding_checklist_v1,2025-06-18
10289,control,onboarding_checklist_v1,2025-02-16
10290,treatment,onboarding_checklist_v1,2025-03-01
10291,control,onboarding_checklist_v1,2025-02-28
10292,control,onboarding_checklist_v1,2025-06-01
10293,control,onboarding_checklist_v1,2025-01-15
10294,treatment,onboarding_checklist_v1,2025-06-12
10295,control,onboarding_checklist_v1,2025-05-21
10296,control,onboarding_checklist_v1,2025-03-29
10297,control,onboarding_checklist_v1,2025-04-16
10298,treatment,onboarding_checklist_v1,2025-06-11
10299,control,onboarding_checklist_v1,2025-05-20
10300,control,onboarding_checklist_v1,2025-02-20
10301,control,onboarding_checklist_v1,2025-01-10
10302,treatment,onboarding_checklist_v1,2025-04-30
10303,control,onboarding_checklist_v1,2025-01-27
10304,control,onboarding_checklist_v1,2025-01-16
10305,treatment,onboarding_checklist_v1,2025-06-27
10306,treatment,onboarding_checklist_v1,2025-03-27
10307,treatment,onboarding_checklist_v1,2025-04-28
10308,control,onboarding_checklist_v1,2025-02-09
10309,treatment,onboarding_checklist_v1,2025-01-19
10310,treatment,onboarding_checklist_v1,2025-01-12
10311,treatment,onboarding_checklist_v1,2025-03-06
10312,treatment,onboarding_checklist_v1,2025-01-01
10313,treatment,onboarding_checklist_v1,2025-03-18
10314,treatment,onboarding_checklist_v1,2025-02-28
10315,control,onboarding_checklist_v1,2025-04-06
10316,treatment,onboarding_checklist_v1,2025-04-17
10317,treatment,onboarding_checklist_v1,2025-02-25
10318,treatment,onboarding_checklist_v1,2025-03-24
10319,control,onboarding_checklist_v1,2025-01-15
10320,control,onboarding_checklist_v1,2025-02-24
10321,treatment,onboarding_checklist_v1,2025-06-27
10322,treatment,onboarding_checklist_v1,2025-06-29
10323,control,onboarding_checklist_v1,2025-03-29
10324,treatment,onboarding_checklist_v1,2025-06-20
10325,control,onboarding_checklist_v1,2025-04-01
10326,control,onboarding_checklist_v1,2025-01-23
10327,treatment,onboarding_checklist_v1,2025-06-07
10328,treatment,onboarding_checklist_v1,2025-03-17
10329,control,onboarding_checklist_v1,2025-04-21
10330,control,onboarding_checklist_v1,2025-04-28
10331,control,onboarding_checklist_v1,2025-02-25
10332,treatment,onboarding_checklist_v1,2025-05-13
10333,treatment,onboarding_checklist_v1,2025-04-01
10334,treatment,onboarding_checklist_v1,2025-03-08
10335,treatment,onboarding_checklist_v1,2025-02-23
10336,control,onboarding_checklist_v1,2025-05-16
10337,control,onboarding_checklist_v1,2025-02-15
10338,treatment,onboarding_checklist_v1,2025-01-23
10339,treatment,onboarding_checklist_v1,2025-06-09
10340,control,onboarding_checklist_v1,2025-03-02
10341,treatment,onboarding_checklist_v1,2025-04-27
10342,treatment,onboarding_checklist_v1,2025-05-10
10343,control,onboarding_checklist_v1,2025-06-01
10344,control,onboarding_checklist_v1,2025-04-24
10345,treatment,onboarding_checklist_v1,2025-05-09
10346,control,onboarding_checklist_v1,2025-06-01
10347,control,onboarding_checklist_v1,2025-06-20
10348,treatment,onboarding_checklist_v1,2025-01-09
10349,treatment,onboarding_checklist_v1,2025-05-15
10350,control,onboarding_checklist_v1,2025-02-01
10351,control,onboarding_checklist_v1,2025-06-11
10352,control,onboarding_checklist_v1,2025-01-09
10353,control,onboarding_checklist_v1,2025-02-14
10354,treatment,onboarding_checklist_v1,2025-02-04
10355,treatment,onboarding_checklist_v1,2025-04-20
10356,control,onboarding_checklist_v1,2025-01-01
10357,treatment,onboarding_checklist_v1,2025-01-04
10358,control,onboarding_checklist_v1,2025-04-02
10359,treatment,onboarding_checklist_v1,2025-06-25
10360,treatment,onboarding_checklist_v1,2025-04-06
10361,control,onboarding_checklist_v1,2025-03-22
10362,control,onboarding_checklist_v1,2025-04-30
10363,treatment,onboarding_checklist_v1,2025-04-10
10364,control,onboarding_checklist_v1,2025-03-11
10365,control,onboarding_checklist_v1,2025-04-17
10366,control,onboarding_checklist_v1,2025-01-01
10367,control,onboarding_checklist_v1,2025-02-14
10368,treatment,onboarding_checklist_v1,2025-05-02
10369,control,onboarding_checklist_v1,2025-03-03
10370,control,onboarding_checklist_v1,2025-01-10
10371,control,onboarding_checklist_v1,2025-01-23
10372,treatment,onboarding_checklist_v1,2025-06-06
10373,treatment,onboarding_checklist_v1,2025-03-01
10374,treatment,onboarding_checklist_v1,2025-01-05
10375,treatment,onboarding_checklist_v1,2025-05-12
10376,treatment,onboarding_checklist_v1,2025-04-07
10377,control,onboarding_checklist_v1,2025-03-23
10378,control,onboarding_checklist_v1,2025-06-11
10379,control,onboarding_checklist_v1,2025-02-26
10380,control,onboarding_checklist_v1,2025-04-14
10381,treatment,onboarding_checklist_v1,2025-05-15
10382,control,onboarding_checklist_v1,2025-04-21
10383,treatment,onboarding_checklist_v1,2025-02-07
10384,control,onboarding_checklist_v1,2025-05-04
10385,control,onboarding_checklist_v1,2025-05-15
10386,control,onboarding_checklist_v1,2025-01-23
10387,control,onboarding_checklist_v1,2025-01-30
10388,control,onboarding_checklist_v1,2025-05-03
10389,treatment,onboarding_checklist_v1,2025-01-22
10390,control,onboarding_checklist_v1,2025-06-09
10391,treatment,onboarding_checklist_v1,2025-01-20
10392,treatment,onboarding_checklist_v1,2025-06-26
10393,control,onboarding_checklist_v1,2025-05-02
10394,treatment,onboarding_checklist_v1,2025-03-22
10395,control,onboarding_checklist_v1,2025-02-18
10396,control,onboarding_checklist_v1,2025-03-04
10397,control,onboarding_checklist_v1,2025-05-16
10398,treatment,onboarding_checklist_v1,2025-05-17
10399,treatment,onboarding_checklist_v1,2025-02-07
10400,treatment,onboarding_checklist_v1,2025-04-09
10401,treatment,onboarding_checklist_v1,2025-06-29
10402,control,onboarding_checklist_v1,2025-02-16
10403,treatment,onboarding_checklist_v1,2025-05-06
10404,treatment,onboarding_checklist_v1,2025-02-01
10405,control,onboarding_checklist_v1,2025-05-31
10406,control,onboarding_checklist_v1,2025-01-31
10407,control,onboarding_checklist_v1,2025-02-23
10408,control,onboarding_checklist_v1,2025-03-25
10409,treatment,onboarding_checklist_v1,2025-03-09
10410,control,onboarding_checklist_v1,2025-01-31
10411,control,onboarding_checklist_v1,2025-04-27
10412,treatment,onboarding_checklist_v1,2025-01-04
10413,treatment,onboarding_checklist_v1,2025-06-28
10414,treatment,onboarding_checklist_v1,2025-01-10
10415,treatment,onboarding_checklist_v1,2025-03-02
10416,treatment,onboarding_checklist_v1,2025-06-18
10417,control,onboarding_checklist_v1,2025-01-29
10418,treatment,onboarding_checklist_v1,2025-01-14
10419,control,onboarding_checklist_v1,2025-05-15
10420,control,onboarding_checklist_v1,2025-01-14
10421,treatment,onboarding_checklist_v1,2025-06-12
10422,treatment,onboarding_checklist_v1,2025-03-23
10423,treatment,onboarding_checklist_v1,2025-06-07
10424,control,onboarding_checklist_v1,2025-02-14
10425,treatment,onboarding_checklist_v1,2025-01-26
10426,control,onboarding_checklist_v1,2025-06-24
10427,control,onboarding_checklist_v1,2025-05-18
10428,control,onboarding_checklist_v1,2025-06-14
10429,control,onboarding_checklist_v1,2025-02-27
10430,control,onboarding_checklist_v1,2025-03-15
10431,treatment,onboarding_checklist_v1,2025-04-15
10432,control,onboarding_checklist_v1,2025-03-23
10433,treatment,onboarding_checklist_v1,2025-02-13
10434,treatment,onboarding_checklist_v1,2025-03-09
10435,control,onboarding_checklist_v1,2025-04-21
10436,treatment,onboarding_checklist_v1,2025-01-07
10437,control,onboarding_checklist_v1,2025-03-02
10438,treatment,onboarding_checklist_v1,2025-02-23
10439,control,onboarding_checklist_v1,2025-01-13
10440,control,onboarding_checklist_v1,2025-01-23
10441,control,onboarding_checklist_v1,2025-03-31
10442,treatment,onboarding_checklist_v1,2025-01-19
10443,control,onboarding_checklist_v1,2025-03-04
10444,treatment,onboarding_checklist_v1,2025-04-12
10445,control,onboarding_checklist_v1,2025-06-08
10446,treatment,onboarding_checklist_v1,2025-01-18
10447,control,onboarding_checklist_v1,2025-03-20
10448,control,onboarding_checklist_v1,2025-01-19
10449,control,onboarding_checklist_v1,2025-03-19
10450,control,onboarding_checklist_v1,2025-03-28
10451,treatment,onboarding_checklist_v1,2025-05-25
10452,treatment,onboarding_checklist_v1,2025-03-22
10453,control,onboarding_checklist_v1,2025-06-19
10454,control,onboarding_checklist_v1,2025-01-25
10455,control,onboarding_checklist_v1,2025-01-10
10456,treatment,onboarding_checklist_v1,2025-01-01
10457,treatment,onboarding_checklist_v1,2025-03-06
10458,treatment,onboarding_checklist_v1,2025-02-04
10459,treatment,onboarding_checklist_v1,2025-01-17
10460,control,onboarding_checklist_v1,2025-02-12
10461,control,onboarding_checklist_v1,2025-06-26
10462,treatment,onboarding_checklist_v1,2025-05-25
10463,control,onboarding_checklist_v1,2025-01-04
10464,control,onboarding_checklist_v1,2025-06-15
10465,control,onboarding_checklist_v1,2025-02-07
10466,treatment,onboarding_checklist_v1,2025-03-15
10467,treatment,onboarding_checklist_v1,2025-03-01
10468,treatment,onboarding_checklist_v1,2025-03-15
10469,control,onboarding_checklist_v1,2025-05-18
10470,control,onboarding_checklist_v1,2025-05-09
10471,control,onboarding_checklist_v1,2025-04-18
10472,treatment,onboarding_checklist_v1,2025-04-24
10473,control,onboarding_checklist_v1,2025-05-12
10474,treatment,onboarding_checklist_v1,2025-02-03
10475,treatment,onboarding_checklist_v1,2025-03-13
10476,treatment,onboarding_checklist_v1,2025-01-20
10477,treatment,onboarding_checklist_v1,2025-05-08
10478,control,onboarding_checklist_v1,2025-03-21
10479,treatment,onboarding_checklist_v1,2025-04-26
10480,control,onboarding_checklist_v1,2025-04-13
10481,treatment,onboarding_checklist_v1,2025-02-19
10482,treatment,onboarding_checklist_v1,2025-01-26
10483,treatment,onboarding_checklist_v1,2025-06-26
10484,control,onboarding_checklist_v1,2025-02-23
10485,treatment,onboarding_checklist_v1,2025-01-20
10486,treatment,onboarding_checklist_v1,2025-02-25
10487,treatment,onboarding_checklist_v1,2025-06-13
10488,treatment,onboarding_checklist_v1,2025-02-17
10489,treatment,onboarding_checklist_v1,2025-06-28
10490,control,onboarding_checklist_v1,2025-03-25
10491,control,onboarding_checklist_v1,2025-06-05
10492,control,onboarding_checklist_v1,2025-04-29
10493,treatment,onboarding_checklist_v1,2025-01-08
10494,treatment,onboarding_checklist_v1,2025-04-03
10495,control,onboarding_checklist_v1,2025-03-17
10496,control,onboarding_checklist_v1,2025-02-06
10497,treatment,onboarding_checklist_v1,2025-04-10
10498,treatment,onboarding_checklist_v1,2025-01-19
10499,treatment,onboarding_checklist_v1,2025-05-07
10500,control,onboarding_checklist_v1,2025-05-29
10501,treatment,onboarding_checklist_v1,2025-01-17
10502,control,onboarding_checklist_v1,2025-03-28
10503,control,onboarding_checklist_v1,2025-04-29
10504,treatment,onboarding_checklist_v1,2025-01-12
10505,control,onboarding_checklist_v1,2025-03-12
10506,treatment,onboarding_checklist_v1,2025-02-16
10507,control,onboarding_checklist_v1,2025-01-08
10508,control,onboarding_checklist_v1,2025-05-26
10509,treatment,onboarding_checklist_v1,2025-03-22
10510,control,onboarding_checklist_v1,2025-05-17
10511,control,onboarding_checklist_v1,2025-04-17
10512,control,onboarding_checklist_v1,2025-06-08
10513,control,onboarding_checklist_v1,2025-06-30
10514,treatment,onboarding_checklist_v1,2025-04-19
10515,control,onboarding_checklist_v1,2025-03-05
10516,treatment,onboarding_checklist_v1,2025-03-18
10517,treatment,onboarding_checklist_v1,2025-05-30
10518,treatment,onboarding_checklist_v1,2025-03-19
10519,control,onboarding_checklist_v1,2025-04-05
10520,treatment,onboarding_checklist_v1,2025-02-05
10521,treatment,onboarding_checklist_v1,2025-06-29
10522,control,onboarding_checklist_v1,2025-04-28
10523,treatment,onboarding_checklist_v1,2025-03-01
10524,control,onboarding_checklist_v1,2025-04-16
10525,control,onboarding_checklist_v1,2025-03-14
10526,treatment,onboarding_checklist_v1,2025-01-29
10527,control,onboarding_checklist_v1,2025-06-08
10528,control,onboarding_checklist_v1,2025-06-10
10529,control,onboarding_checklist_v1,2025-06-01
10530,control,onboarding_checklist_v1,2025-03-08
10531,treatment,onboarding_checklist_v1,2025-02-16
10532,control,onboarding_checklist_v1,2025-01-10
10533,treatment,onboarding_checklist_v1,2025-05-13
10534,treatment,onboarding_checklist_v1,2025-03-01
10535,control,onboarding_checklist_v1,2025-06-11
10536,control,onboarding_checklist_v1,2025-06-07
10537,control,onboarding_checklist_v1,2025-01-24
10538,treatment,onboarding_checklist_v1,2025-06-15
10539,control,onboarding_checklist_v1,2025-01-26
10540,control,onboarding_checklist_v1,2025-03-30
10541,treatment,onboarding_checklist_v1,2025-03-27
10542,control,onboarding_checklist_v1,2025-06-23
10543,control,onboarding_checklist_v1,2025-04-29
10544,treatment,onboarding_checklist_v1,2025-06-08
10545,treatment,onboarding_checklist_v1,2025-04-18
10546,control,onboarding_checklist_v1,2025-05-30
10547,control,onboarding_checklist_v1,2025-06-04
10548,control,onboarding_checklist_v1,2025-06-05
10549,control,onboarding_checklist_v1,2025-03-16
10550,control,onboarding_checklist_v1,2025-03-11
10551,control,onboarding_checklist_v1,2025-06-28
10552,treatment,onboarding_checklist_v1,2025-05-17
10553,treatment,onboarding_checklist_v1,2025-06-16
10554,treatment,onboarding_checklist_v1,2025-04-15
10555,treatment,onboarding_checklist_v1,2025-06-18
10556,control,onboarding_checklist_v1,2025-05-11
10557,control,onboarding_checklist_v1,2025-05-15
10558,treatment,onboarding_checklist_v1,2025-02-02
10559,control,onboarding_checklist_v1,2025-04-13
10560,control,onboarding_checklist_v1,2025-05-13
10561,treatment,onboarding_checklist_v1,2025-05-18
10562,control,onboarding_checklist_v1,2025-06-23
10563,control,onboarding_checklist_v1,2025-03-01
10564,treatment,onboarding_checklist_v1,2025-02-24
10565,treatment,onboarding_checklist_v1,2025-06-25
10566,treatment,onboarding_checklist_v1,2025-06-28
10567,control,onboarding_checklist_v1,2025-02-02
10568,treatment,onboarding_checklist_v1,2025-03-10
10569,treatment,onboarding_checklist_v1,2025-06-21
10570,control,onboarding_checklist_v1,2025-02-06
10571,treatment,onboarding_checklist_v1,2025-05-22
10572,treatment,onboarding_checklist_v1,2025-01-21
10573,treatment,onboarding_checklist_v1,2025-02-02
10574,control,onboarding_checklist_v1,2025-05-23
10575,treatment,onboarding_checklist_v1,2025-04-20
10576,control,onboarding_checklist_v1,2025-04-11
10577,control,onboarding_checklist_v1,2025-06-05
10578,control,onboarding_checklist_v1,2025-02-25
10579,control,onboarding_checklist_v1,2025-04-02
10580,control,onboarding_checklist_v1,2025-04-21
10581,treatment,onboarding_checklist_v1,2025-05-14
10582,treatment,onboarding_checklist_v1,2025-03-02
10583,control,onboarding_checklist_v1,2025-04-25
10584,treatment,onboarding_checklist_v1,2025-03-23
10585,treatment,onboarding_checklist_v1,2025-04-09
10586,control,onboarding_checklist_v1,2025-06-06
10587,treatment,onboarding_checklist_v1,2025-03-13
10588,treatment,onboarding_checklist_v1,2025-05-01
10589,treatment,onboarding_checklist_v1,2025-06-20
10590,treatment,onboarding_checklist_v1,2025-05-18
10591,treatment,onboarding_checklist_v1,2025-06-28
10592,treatment,onboarding_checklist_v1,2025-04-16
10593,control,onboarding_checklist_v1,2025-02-21
10594,control,onboarding_checklist_v1,2025-06-29
10595,treatment,onboarding_checklist_v1,2025-04-27
10596,control,onboarding_checklist_v1,2025-02-13
10597,control,onboarding_checklist_v1,2025-02-27
10598,control,onboarding_checklist_v1,2025-02-17
10599,treatment,onboarding_checklist_v1,2025-05-31
10600,treatment,onboarding_checklist_v1,2025-01-17
10601,control,onboarding_checklist_v1,2025-05-14
10602,control,onboarding_checklist_v1,2025-04-11
10603,control,onboarding_checklist_v1,2025-01-14
10604,control,onboarding_checklist_v1,2025-04-22
10605,treatment,onboarding_checklist_v1,2025-05-17
10606,control,onboarding_checklist_v1,2025-05-12
10607,treatment,onboarding_checklist_v1,2025-04-06
10608,control,onboarding_checklist_v1,2025-03-02
10609,control,onboarding_checklist_v1,2025-01-30
10610,treatment,onboarding_checklist_v1,2025-01-03
10611,control,onboarding_checklist_v1,2025-03-07
10612,control,onboarding_checklist_v1,2025-04-25
10613,control,onboarding_checklist_v1,2025-01-07
10614,treatment,onboarding_checklist_v1,2025-06-30
10615,control,onboarding_checklist_v1,2025-04-17
10616,treatment,onboarding_checklist_v1,2025-02-23
10617,treatment,onboarding_checklist_v1,2025-06-24
10618,treatment,onboarding_checklist_v1,2025-02-03
10619,treatment,onboarding_checklist_v1,2025-06-23
10620,treatment,onboarding_checklist_v1,2025-02-20
10621,treatment,onboarding_checklist_v1,2025-03-10
10622,control,onboarding_checklist_v1,2025-03-19
10623,treatment,onboarding_checklist_v1,2025-06-30
10624,treatment,onboarding_checklist_v1,2025-02-15
10625,control,onboarding_checklist_v1,2025-06-26
10626,treatment,onboarding_checklist_v1,2025-03-04
10627,control,onboarding_checklist_v1,2025-02-21
10628,treatment,onboarding_checklist_v1,2025-04-26
10629,control,onboarding_checklist_v1,2025-05-06
10630,control,onboarding_checklist_v1,2025-03-04
10631,control,onboarding_checklist_v1,2025-01-25
10632,control,onboarding_checklist_v1,2025-03-13
10633,control,onboarding_checklist_v1,2025-04-08
10634,control,onboarding_checklist_v1,2025-01-08
10635,treatment,onboarding_checklist_v1,2025-01-15
10636,control,onboarding_checklist_v1,2025-06-16
10637,treatment,onboarding_checklist_v1,2025-01-07
10638,treatment,onboarding_checklist_v1,2025-03-15
10639,control,onboarding_checklist_v1,2025-05-19
10640,control,onboarding_checklist_v1,2025-03-01
10641,control,onboarding_checklist_v1,2025-03-31
10642,control,onboarding_checklist_v1,2025-01-16
10643,control,onboarding_checklist_v1,2025-05-24
10644,treatment,onboarding_checklist_v1,2025-04-25
10645,treatment,onboarding_checklist_v1,2025-06-04
10646,control,onboarding_checklist_v1,2025-06-06
10647,treatment,onboarding_checklist_v1,2025-03-05
10648,control,onboarding_checklist_v1,2025-01-08
10649,treatment,onboarding_checklist_v1,2025-03-04
10650,treatment,onboarding_checklist_v1,2025-01-27
10651,control,onboarding_checklist_v1,2025-04-07
10652,treatment,onboarding_checklist_v1,2025-01-27
10653,treatment,onboarding_checklist_v1,2025-06-16
10654,control,onboarding_checklist_v1,2025-04-20
10655,control,onboarding_checklist_v1,2025-02-15
10656,treatment,onboarding_checklist_v1,2025-06-16
10657,control,onboarding_checklist_v1,2025-05-20
10658,control,onboarding_checklist_v1,2025-03-21
10659,treatment,onboarding_checklist_v1,2025-01-27
10660,control,onboarding_checklist_v1,2025-03-04
10661,control,onboarding_checklist_v1,2025-04-16
10662,treatment,onboarding_checklist_v1,2025-05-19
10663,control,onboarding_checklist_v1,2025-02-17
10664,treatment,onboarding_checklist_v1,2025-05-15
10665,treatment,onboarding_checklist_v1,2025-02-21
10666,control,onboarding_checklist_v1,2025-02-14
10667,treatment,onboarding_checklist_v1,2025-03-22
10668,treatment,onboarding_checklist_v1,2025-01-30
10669,control,onboarding_checklist_v1,2025-03-15
10670,treatment,onboarding_checklist_v1,2025-03-06
10671,treatment,onboarding_checklist_v1,2025-02-20
10672,treatment,onboarding_checklist_v1,2025-05-21
10673,control,onboarding_checklist_v1,2025-03-02
10674,control,onboarding_checklist_v1,2025-05-06
10675,treatment,onboarding_checklist_v1,2025-05-11
10676,treatment,onboarding_checklist_v1,2025-05-01
10677,treatment,onboarding_checklist_v1,2025-02-18
10678,control,onboarding_checklist_v1,2025-05-31
10679,treatment,onboarding_checklist_v1,2025-02-12
10680,control,onboarding_checklist_v1,2025-02-20
10681,control,onboarding_checklist_v1,2025-06-08
10682,treatment,onboarding_checklist_v1,2025-03-03
10683,control,onboarding_checklist_v1,2025-05-07
10684,treatment,onboarding_checklist_v1,2025-01-08
10685,control,onboarding_checklist_v1,2025-04-22
10686,treatment,onboarding_checklist_v1,2025-06-07
10687,treatment,onboarding_checklist_v1,2025-05-09
10688,control,onboarding_checklist_v1,2025-04-16
10689,treatment,onboarding_checklist_v1,2025-06-03
10690,treatment,onboarding_checklist_v1,2025-02-23
10691,control,onboarding_checklist_v1,2025-03-10
10692,treatment,onboarding_checklist_v1,2025-01-13
10693,treatment,onboarding_checklist_v1,2025-05-07
10694,control,onboarding_checklist_v1,2025-05-11
10695,treatment,onboarding_checklist_v1,2025-05-16
10696,control,onboarding_checklist_v1,2025-05-16
10697,control,onboarding_checklist_v1,2025-01-24
10698,control,onboarding_checklist_v1,2025-05-01
10699,treatment,onboarding_checklist_v1,2025-05-19
10700,treatment,onboarding_checklist_v1,2025-02-06
10701,control,onboarding_checklist_v1,2025-03-28
10702,control,onboarding_checklist_v1,2025-06-15
10703,control,onboarding_checklist_v1,2025-03-17
10704,treatment,onboarding_checklist_v1,2025-05-17
10705,control,onboarding_checklist_v1,2025-04-06
10706,control,onboarding_checklist_v1,2025-04-30
10707,control,onboarding_checklist_v1,2025-04-24
10708,control,onboarding_checklist_v1,2025-04-28
10709,treatment,onboarding_checklist_v1,2025-05-22
10710,treatment,onboarding_checklist_v1,2025-06-13
10711,control,onboarding_checklist_v1,2025-02-23
10712,control,onboarding_checklist_v1,2025-06-18
10713,control,onboarding_checklist_v1,2025-04-24
10714,treatment,onboarding_checklist_v1,2025-04-18
10715,control,onboarding_checklist_v1,2025-03-01
10716,control,onboarding_checklist_v1,2025-03-17
10717,treatment,onboarding_checklist_v1,2025-04-28
10718,control,onboarding_checklist_v1,2025-03-07
10719,treatment,onboarding_checklist_v1,2025-02-21
10720,control,onboarding_checklist_v1,2025-05-29
10721,control,onboarding_checklist_v1,2025-03-17
10722,treatment,onboarding_checklist_v1,2025-04-27
10723,control,onboarding_checklist_v1,2025-01-06
10724,control,onboarding_checklist_v1,2025-01-14
10725,treatment,onboarding_checklist_v1,2025-06-03
10726,control,onboarding_checklist_v1,2025-01-26
10727,treatment,onboarding_checklist_v1,2025-05-25
10728,control,onboarding_checklist_v1,2025-06-12
10729,treatment,onboarding_checklist_v1,2025-03-29
10730,treatment,onboarding_checklist_v1,2025-06-10
10731,control,onboarding_checklist_v1,2025-03-19
10732,treatment,onboarding_checklist_v1,2025-06-22
10733,treatment,onboarding_checklist_v1,2025-02-12
10734,control,onboarding_checklist_v1,2025-03-19
10735,control,onboarding_checklist_v1,2025-03-12
10736,treatment,onboarding_checklist_v1,2025-05-22
10737,treatment,onboarding_checklist_v1,2025-01-08
10738,treatment,onboarding_checklist_v1,2025-05-30
10739,treatment,onboarding_checklist_v1,2025-01-05
10740,treatment,onboarding_checklist_v1,2025-02-27
10741,treatment,onboarding_checklist_v1,2025-04-18
10742,treatment,onboarding_checklist_v1,2025-01-27
10743,treatment,onboarding_checklist_v1,2025-03-30
10744,treatment,onboarding_checklist_v1,2025-06-30
10745,control,onboarding_checklist_v1,2025-05-30
10746,treatment,onboarding_checklist_v1,2025-01-06
10747,control,onboarding_checklist_v1,2025-04-18
10748,treatment,onboarding_checklist_v1,2025-04-19
10749,treatment,onboarding_checklist_v1,2025-01-13
10750,treatment,onboarding_checklist_v1,2025-04-28
10751,control,onboarding_checklist_v1,2025-04-05
10752,treatment,onboarding_checklist_v1,2025-05-04
10753,control,onboarding_checklist_v1,2025-02-23
10754,treatment,onboarding_checklist_v1,2025-02-16
10755,treatment,onboarding_checklist_v1,2025-05-14
10756,control,onboarding_checklist_v1,2025-05-11
10757,control,onboarding_checklist_v1,2025-01-30
10758,treatment,onboarding_checklist_v1,2025-02-09
10759,control,onboarding_checklist_v1,2025-04-17
10760,treatment,onboarding_checklist_v1,2025-05-31
10761,treatment,onboarding_checklist_v1,2025-02-06
10762,treatment,onboarding_checklist_v1,2025-02-09
10763,control,onboarding_checklist_v1,2025-05-27
10764,control,onboarding_checklist_v1,2025-05-07
10765,treatment,onboarding_checklist_v1,2025-06-13
10766,treatment,onboarding_checklist_v1,2025-05-22
10767,control,onboarding_checklist_v1,2025-06-22
10768,treatment,onboarding_checklist_v1,2025-02-04
10769,control,onboarding_checklist_v1,2025-02-19
10770,control,onboarding_checklist_v1,2025-02-13
10771,treatment,onboarding_checklist_v1,2025-01-11
10772,treatment,onboarding_checklist_v1,2025-05-22
10773,treatment,onboarding_checklist_v1,2025-04-30
10774,control,onboarding_checklist_v1,2025-01-16
10775,control,onboarding_checklist_v1,2025-02-05
10776,treatment,onboarding_checklist_v1,2025-02-04
10777,treatment,onboarding_checklist_v1,2025-03-14
10778,control,onboarding_checklist_v1,2025-03-24
10779,treatment,onboarding_checklist_v1,2025-02-22
10780,control,onboarding_checklist_v1,2025-06-18
10781,treatment,onboarding_checklist_v1,2025-02-08
10782,treatment,onboarding_checklist_v1,2025-04-12
10783,control,onboarding_checklist_v1,2025-03-21
10784,control,onboarding_checklist_v1,2025-03-12
10785,treatment,onboarding_checklist_v1,2025-05-30
10786,treatment,onboarding_checklist_v1,2025-06-27
10787,control,onboarding_checklist_v1,2025-01-02
10788,control,onboarding_checklist_v1,2025-03-25
10789,treatment,onboarding_checklist_v1,2025-01-22
10790,control,onboarding_checklist_v1,2025-03-20
10791,treatment,onboarding_checklist_v1,2025-04-22
10792,treatment,onboarding_checklist_v1,2025-03-16
10793,control,onboarding_checklist_v1,2025-02-25
10794,treatment,onboarding_checklist_v1,2025-02-26
10795,treatment,onboarding_checklist_v1,2025-02-24
10796,treatment,onboarding_checklist_v1,2025-02-28
10797,treatment,onboarding_checklist_v1,2025-03-09
10798,control,onboarding_checklist_v1,2025-05-05
10799,control,onboarding_checklist_v1,2025-01-18
10800,control,onboarding_checklist_v1,2025-01-08
10801,control,onboarding_checklist_v1,2025-04-04
10802,control,onboarding_checklist_v1,2025-05-04
10803,control,onboarding_checklist_v1,2025-02-16
10804,treatment,onboarding_checklist_v1,2025-02-06
10805,control,onboarding_checklist_v1,2025-04-24
10806,treatment,onboarding_checklist_v1,2025-03-11
10807,treatment,onboarding_checklist_v1,2025-05-14
10808,control,onboarding_checklist_v1,2025-01-27
10809,treatment,onboarding_checklist_v1,2025-01-22
10810,control,onboarding_checklist_v1,2025-04-11
10811,treatment,onboarding_checklist_v1,2025-03-13
10812,treatment,onboarding_checklist_v1,2025-05-13
10813,treatment,onboarding_checklist_v1,2025-04-02
10814,treatment,onboarding_checklist_v1,2025-03-06
10815,treatment,onboarding_checklist_v1,2025-01-29
10816,treatment,onboarding_checklist_v1,2025-01-30
10817,treatment,onboarding_checklist_v1,2025-05-17
10818,control,onboarding_checklist_v1,2025-02-10
10819,treatment,onboarding_checklist_v1,2025-04-01
10820,treatment,onboarding_checklist_v1,2025-05-29
10821,control,onboarding_checklist_v1,2025-06-12
10822,treatment,onboarding_checklist_v1,2025-02-18
10823,treatment,onboarding_checklist_v1,2025-01-20
10824,treatment,onboarding_checklist_v1,2025-05-21
10825,control,onboarding_checklist_v1,2025-05-05
10826,treatment,onboarding_checklist_v1,2025-03-01
10827,treatment,onboarding_checklist_v1,2025-04-18
10828,control,onboarding_checklist_v1,2025-02-04
10829,treatment,onboarding_checklist_v1,2025-05-07
10830,treatment,onboarding_checklist_v1,2025-05-12
10831,control,onboarding_checklist_v1,2025-02-24
10832,treatment,onboarding_checklist_v1,2025-03-26
10833,control,onboarding_checklist_v1,2025-03-02
10834,treatment,onboarding_checklist_v1,2025-01-06
10835,treatment,onboarding_checklist_v1,2025-01-24
10836,control,onboarding_checklist_v1,2025-06-23
10837,treatment,onboarding_checklist_v1,2025-03-24
10838,control,onboarding_checklist_v1,2025-01-27
10839,control,onboarding_checklist_v1,2025-01-09
10840,treatment,onboarding_checklist_v1,2025-03-05
10841,control,onboarding_checklist_v1,2025-06-27
10842,control,onboarding_checklist_v1,2025-03-11
10843,control,onboarding_checklist_v1,2025-06-30
10844,treatment,onboarding_checklist_v1,2025-03-30
10845,treatment,onboarding_checklist_v1,2025-05-19
10846,control,onboarding_checklist_v1,2025-05-23
10847,control,onboarding_checklist_v1,2025-01-06
10848,control,onboarding_checklist_v1,2025-01-02
10849,control,onboarding_checklist_v1,2025-06-16
10850,control,onboarding_checklist_v1,2025-06-18
10851,treatment,onboarding_checklist_v1,2025-01-25
10852,treatment,onboarding_checklist_v1,2025-04-27
10853,control,onboarding_checklist_v1,2025-06-17
10854,treatment,onboarding_checklist_v1,2025-06-22
10855,treatment,onboarding_checklist_v1,2025-02-23
10856,control,onboarding_checklist_v1,2025-05-28
10857,control,onboarding_checklist_v1,2025-04-27
10858,treatment,onboarding_checklist_v1,2025-06-17
10859,control,onboarding_checklist_v1,2025-01-27
10860,treatment,onboarding_checklist_v1,2025-04-19
10861,treatment,onboarding_checklist_v1,2025-01-05
10862,treatment,onboarding_checklist_v1,2025-03-06
10863,control,onboarding_checklist_v1,2025-01-03
10864,control,onboarding_checklist_v1,2025-03-22
10865,treatment,onboarding_checklist_v1,2025-05-27
10866,control,onboarding_checklist_v1,2025-04-30
10867,control,onboarding_checklist_v1,2025-02-27
10868,treatment,onboarding_checklist_v1,2025-03-19
10869,control,onboarding_checklist_v1,2025-03-08
10870,treatment,onboarding_checklist_v1,2025-05-13
10871,treatment,onboarding_checklist_v1,2025-02-18
10872,treatment,onboarding_checklist_v1,2025-01-17
10873,control,onboarding_checklist_v1,2025-04-02
10874,treatment,onboarding_checklist_v1,2025-05-31
10875,treatment,onboarding_checklist_v1,2025-03-28
10876,control,onboarding_checklist_v1,2025-02-06
10877,treatment,onboarding_checklist_v1,2025-01-09
10878,control,onboarding_checklist_v1,2025-06-20
10879,control,onboarding_checklist_v1,2025-05-18
10880,treatment,onboarding_checklist_v1,2025-01-29
10881,control,onboarding_checklist_v1,2025-01-14
10882,control,onboarding_checklist_v1,2025-01-24
10883,treatment,onboarding_checklist_v1,2025-03-10
10884,control,onboarding_checklist_v1,2025-05-27
10885,treatment,onboarding_checklist_v1,2025-01-29
10886,control,onboarding_checklist_v1,2025-05-29
10887,treatment,onboarding_checklist_v1,2025-01-01
10888,treatment,onboarding_checklist_v1,2025-05-14
10889,control,onboarding_checklist_v1,2025-02-21
10890,treatment,onboarding_checklist_v1,2025-06-23
10891,control,onboarding_checklist_v1,2025-03-28
10892,control,onboarding_checklist_v1,2025-02-18
10893,control,onboarding_checklist_v1,2025-02-13
10894,control,onboarding_checklist_v1,2025-05-30
10895,control,onboarding_checklist_v1,2025-03-14
10896,treatment,onboarding_checklist_v1,2025-03-05
10897,treatment,onboarding_checklist_v1,2025-05-14
10898,treatment,onboarding_checklist_v1,2025-04-08
10899,treatment,onboarding_checklist_v1,2025-05-01
10900,control,onboarding_checklist_v1,2025-03-22
10901,control,onboarding_checklist_v1,2025-01-12
10902,control,onboarding_checklist_v1,2025-01-02
10903,treatment,onboarding_checklist_v1,2025-01-08
10904,treatment,onboarding_checklist_v1,2025-04-14
10905,control,onboarding_checklist_v1,2025-04-03
10906,control,onboarding_checklist_v1,2025-05-16
10907,control,onboarding_checklist_v1,2025-06-11
10908,treatment,onboarding_checklist_v1,2025-02-01
10909,control,onboarding_checklist_v1,2025-06-23
10910,treatment,onboarding_checklist_v1,2025-06-18
10911,control,onboarding_checklist_v1,2025-04-22
10912,control,onboarding_checklist_v1,2025-04-07
10913,control,onboarding_checklist_v1,2025-02-01
10914,treatment,onboarding_checklist_v1,2025-02-02
10915,treatment,onboarding_checklist_v1,2025-01-04
10916,control,onboarding_checklist_v1,2025-04-27
10917,control,onboarding_checklist_v1,2025-03-20
10918,control,onboarding_checklist_v1,2025-02-04
10919,control,onboarding_checklist_v1,2025-01-25
10920,control,onboarding_checklist_v1,2025-01-12
10921,control,onboarding_checklist_v1,2025-04-27
10922,treatment,onboarding_checklist_v1,2025-05-05
10923,treatment,onboarding_checklist_v1,2025-04-25
10924,treatment,onboarding_checklist_v1,2025-01-21
10925,treatment,onboarding_checklist_v1,2025-01-08
10926,treatment,onboarding_checklist_v1,2025-01-20
10927,treatment,onboarding_checklist_v1,2025-05-17
10928,control,onboarding_checklist_v1,2025-05-14
10929,control,onboarding_checklist_v1,2025-02-23
10930,control,onboarding_checklist_v1,2025-01-10
10931,treatment,onboarding_checklist_v1,2025-02-27
10932,control,onboarding_checklist_v1,2025-05-27
10933,control,onboarding_checklist_v1,2025-01-26
10934,treatment,onboarding_checklist_v1,2025-05-25
10935,treatment,onboarding_checklist_v1,2025-03-25
10936,treatment,onboarding_checklist_v1,2025-01-26
10937,treatment,onboarding_checklist_v1,2025-06-19
10938,treatment,onboarding_checklist_v1,2025-04-04
10939,treatment,onboarding_checklist_v1,2025-05-02
10940,control,onboarding_checklist_v1,2025-01-18
10941,treatment,onboarding_checklist_v1,2025-03-09
10942,treatment,onboarding_checklist_v1,2025-04-25
10943,control,onboarding_checklist_v1,2025-04-27
10944,treatment,onboarding_checklist_v1,2025-01-12
10945,treatment,onboarding_checklist_v1,2025-04-20
10946,treatment,onboarding_checklist_v1,2025-06-20
10947,treatment,onboarding_checklist_v1,2025-05-23
10948,control,onboarding_checklist_v1,2025-02-07
10949,control,onboarding_checklist_v1,2025-06-15
10950,control,onboarding_checklist_v1,2025-05-04
10951,treatment,onboarding_checklist_v1,2025-01-11
10952,treatment,onboarding_checklist_v1,2025-01-24
10953,treatment,onboarding_checklist_v1,2025-06-16
10954,treatment,onboarding_checklist_v1,2025-02-07
10955,treatment,onboarding_checklist_v1,2025-01-18
10956,control,onboarding_checklist_v1,2025-03-23
10957,control,onboarding_checklist_v1,2025-04-06
10958,control,onboarding_checklist_v1,2025-04-14
10959,treatment,onboarding_checklist_v1,2025-04-30
10960,control,onboarding_checklist_v1,2025-06-30
10961,treatment,onboarding_checklist_v1,2025-05-18
10962,treatment,onboarding_checklist_v1,2025-01-05
10963,control,onboarding_checklist_v1,2025-01-17
10964,treatment,onboarding_checklist_v1,2025-01-01
10965,treatment,onboarding_checklist_v1,2025-03-13
10966,treatment,onboarding_checklist_v1,2025-03-05
10967,control,onboarding_checklist_v1,2025-06-18
10968,control,onboarding_checklist_v1,2025-03-08
10969,control,onboarding_checklist_v1,2025-01-06
10970,treatment,onboarding_checklist_v1,2025-06-09
10971,treatment,onboarding_checklist_v1,2025-02-17
10972,treatment,onboarding_checklist_v1,2025-06-15
10973,treatment,onboarding_checklist_v1,2025-05-21
10974,control,onboarding_checklist_v1,2025-06-09
10975,treatment,onboarding_checklist_v1,2025-05-29
10976,control,onboarding_checklist_v1,2025-01-26
10977,control,onboarding_checklist_v1,2025-04-24
10978,treatment,onboarding_checklist_v1,2025-03-16
10979,treatment,onboarding_checklist_v1,2025-04-24
10980,treatment,onboarding_checklist_v1,2025-05-16
10981,treatment,onboarding_checklist_v1,2025-04-01
10982,control,onboarding_checklist_v1,2025-02-26
10983,control,onboarding_checklist_v1,2025-06-15
10984,control,onboarding_checklist_v1,2025-05-01
10985,treatment,onboarding_checklist_v1,2025-06-10
10986,control,onboarding_checklist_v1,2025-02-12
10987,control,onboarding_checklist_v1,2025-06-01
10988,control,onboarding_checklist_v1,2025-02-28
10989,treatment,onboarding_checklist_v1,2025-03-25
10990,treatment,onboarding_checklist_v1,2025-06-05
10991,control,onboarding_checklist_v1,2025-03-06
10992,control,onboarding_checklist_v1,2025-02-15
10993,treatment,onboarding_checklist_v1,2025-06-15
10994,treatment,onboarding_checklist_v1,2025-06-24
10995,control,onboarding_checklist_v1,2025-02-26
10996,control,onboarding_checklist_v1,2025-02-25
10997,treatment,onboarding_checklist_v1,2025-02-11
10998,treatment,onboarding_checklist_v1,2025-01-05
10999,control,onboarding_checklist_v1,2025-04-11
11000,treatment,onboarding_checklist_v1,2025-02-16
11001,treatment,onboarding_checklist_v1,2025-06-03
11002,control,onboarding_checklist_v1,2025-01-31
11003,control,onboarding_checklist_v1,2025-04-25
11004,treatment,onboarding_checklist_v1,2025-04-02
11005,treatment,onboarding_checklist_v1,2025-04-21
11006,control,onboarding_checklist_v1,2025-01-21
11007,treatment,onboarding_checklist_v1,2025-03-26
11008,control,onboarding_checklist_v1,2025-04-24
11009,treatment,onboarding_checklist_v1,2025-03-03
11010,control,onboarding_checklist_v1,2025-06-08
11011,control,onboarding_checklist_v1,2025-04-06
11012,control,onboarding_checklist_v1,2025-03-07
11013,treatment,onboarding_checklist_v1,2025-01-06
11014,treatment,onboarding_checklist_v1,2025-01-31
11015,treatment,onboarding_checklist_v1,2025-03-28
11016,control,onboarding_checklist_v1,2025-03-14
11017,treatment,onboarding_checklist_v1,2025-06-07
11018,control,onboarding_checklist_v1,2025-05-23
11019,treatment,onboarding_checklist_v1,2025-01-29
11020,control,onboarding_checklist_v1,2025-04-18
11021,treatment,onboarding_checklist_v1,2025-03-24
11022,control,onboarding_checklist_v1,2025-01-19
11023,control,onboarding_checklist_v1,2025-05-01
11024,treatment,onboarding_checklist_v1,2025-04-08
11025,control,onboarding_checklist_v1,2025-01-16
11026,control,onboarding_checklist_v1,2025-03-26
11027,treatment,onboarding_checklist_v1,2025-05-13
11028,control,onboarding_checklist_v1,2025-03-01
11029,treatment,onboarding_checklist_v1,2025-03-06
11030,treatment,onboarding_checklist_v1,2025-01-20
11031,treatment,onboarding_checklist_v1,2025-02-06
11032,control,onboarding_checklist_v1,2025-06-27
11033,treatment,onboarding_checklist_v1,2025-04-23
11034,treatment,onboarding_checklist_v1,2025-02-01
11035,control,onboarding_checklist_v1,2025-03-29
11036,treatment,onboarding_checklist_v1,2025-02-04
11037,treatment,onboarding_checklist_v1,2025-03-22
11038,control,onboarding_checklist_v1,2025-01-27
11039,control,onboarding_checklist_v1,2025-04-23
11040,treatment,onboarding_checklist_v1,2025-04-14
11041,control,onboarding_checklist_v1,2025-04-25
11042,treatment,onboarding_checklist_v1,2025-03-22
11043,control,onboarding_checklist_v1,2025-02-21
11044,control,onboarding_checklist_v1,2025-02-15
11045,treatment,onboarding_checklist_v1,2025-02-08
11046,treatment,onboarding_checklist_v1,2025-03-19
11047,control,onboarding_checklist_v1,2025-03-23
11048,treatment,onboarding_checklist_v1,2025-05-02
11049,control,onboarding_checklist_v1,2025-01-10
11050,control,onboarding_checklist_v1,2025-02-20
11051,treatment,onboarding_checklist_v1,2025-06-04
11052,control,onboarding_checklist_v1,2025-06-15
11053,treatment,onboarding_checklist_v1,2025-06-18
11054,control,onboarding_checklist_v1,2025-02-25
11055,control,onboarding_checklist_v1,2025-01-25
11056,control,onboarding_checklist_v1,2025-02-05
11057,treatment,onboarding_checklist_v1,2025-01-24
11058,treatment,onboarding_checklist_v1,2025-06-22
11059,control,onboarding_checklist_v1,2025-06-09
11060,control,onboarding_checklist_v1,2025-05-27
11061,treatment,onboarding_checklist_v1,2025-05-13
11062,control,onboarding_checklist_v1,2025-03-04
11063,treatment,onboarding_checklist_v1,2025-03-28
11064,treatment,onboarding_checklist_v1,2025-06-02
11065,treatment,onboarding_checklist_v1,2025-05-28
11066,control,onboarding_checklist_v1,2025-04-04
11067,control,onboarding_checklist_v1,2025-06-01
11068,control,onboarding_checklist_v1,2025-03-04
11069,control,onboarding_checklist_v1,2025-03-16
11070,control,onboarding_checklist_v1,2025-06-01
11071,treatment,onboarding_checklist_v1,2025-03-10
11072,control,onboarding_checklist_v1,2025-05-17
11073,control,onboarding_checklist_v1,2025-03-24
11074,control,onboarding_checklist_v1,2025-02-23
11075,control,onboarding_checklist_v1,2025-02-09
11076,treatment,onboarding_checklist_v1,2025-04-20
11077,control,onboarding_checklist_v1,2025-03-28
11078,treatment,onboarding_checklist_v1,2025-03-08
11079,treatment,onboarding_checklist_v1,2025-05-15
11080,control,onboarding_checklist_v1,2025-01-01
11081,treatment,onboarding_checklist_v1,2025-01-17
11082,control,onboarding_checklist_v1,2025-06-24
11083,control,onboarding_checklist_v1,2025-05-01
11084,treatment,onboarding_checklist_v1,2025-04-10
11085,treatment,onboarding_checklist_v1,2025-01-03
11086,control,onboarding_checklist_v1,2025-04-19
11087,control,onboarding_checklist_v1,2025-03-20
11088,control,onboarding_checklist_v1,2025-04-19
11089,treatment,onboarding_checklist_v1,2025-01-08
11090,treatment,onboarding_checklist_v1,2025-04-10
11091,control,onboarding_checklist_v1,2025-04-15
11092,treatment,onboarding_checklist_v1,2025-02-22
11093,treatment,onboarding_checklist_v1,2025-01-10
11094,control,onboarding_checklist_v1,2025-06-25
11095,treatment,onboarding_checklist_v1,2025-05-09
11096,treatment,onboarding_checklist_v1,2025-04-23
11097,control,onboarding_checklist_v1,2025-05-19
11098,treatment,onboarding_checklist_v1,2025-05-02
11099,treatment,onboarding_checklist_v1,2025-01-25
11100,treatment,onboarding_checklist_v1,2025-03-24
11101,control,onboarding_checklist_v1,2025-06-10
11102,treatment,onboarding_checklist_v1,2025-02-22
11103,treatment,onboarding_checklist_v1,2025-06-25
11104,treatment,onboarding_checklist_v1,2025-01-12
11105,control,onboarding_checklist_v1,2025-03-01
11106,treatment,onboarding_checklist_v1,2025-03-05
11107,treatment,onboarding_checklist_v1,2025-04-22
11108,control,onboarding_checklist_v1,2025-02-01
11109,control,onboarding_checklist_v1,2025-02-11
11110,treatment,onboarding_checklist_v1,2025-04-30
11111,treatment,onboarding_checklist_v1,2025-02-21
11112,treatment,onboarding_checklist_v1,2025-06-09
11113,control,onboarding_checklist_v1,2025-06-07
11114,treatment,onboarding_checklist_v1,2025-02-24
11115,control,onboarding_checklist_v1,2025-04-12
11116,treatment,onboarding_checklist_v1,2025-03-02
11117,control,onboarding_checklist_v1,2025-03-04
11118,control,onboarding_checklist_v1,2025-05-02
11119,treatment,onboarding_checklist_v1,2025-02-23
11120,treatment,onboarding_checklist_v1,2025-01-28
11121,control,onboarding_checklist_v1,2025-02-16
11122,control,onboarding_checklist_v1,2025-06-18
11123,treatment,onboarding_checklist_v1,2025-02-16
11124,treatment,onboarding_checklist_v1,2025-03-07
11125,control,onboarding_checklist_v1,2025-04-24
11126,treatment,onboarding_checklist_v1,2025-01-19
11127,control,onboarding_checklist_v1,2025-02-18
11128,treatment,onboarding_checklist_v1,2025-02-01
11129,control,onboarding_checklist_v1,2025-06-17
11130,control,onboarding_checklist_v1,2025-06-18
11131,treatment,onboarding_checklist_v1,2025-05-17
11132,control,onboarding_checklist_v1,2025-02-14
11133,treatment,onboarding_checklist_v1,2025-04-22
11134,control,onboarding_checklist_v1,2025-04-30
11135,control,onboarding_checklist_v1,2025-06-07
11136,treatment,onboarding_checklist_v1,2025-01-29
11137,treatment,onboarding_checklist_v1,2025-05-14
11138,control,onboarding_checklist_v1,2025-02-05
11139,treatment,onboarding_checklist_v1,2025-04-13
11140,control,onboarding_checklist_v1,2025-06-09
11141,treatment,onboarding_checklist_v1,2025-01-12
11142,control,onboarding_checklist_v1,2025-01-27
11143,treatment,onboarding_checklist_v1,2025-05-28
11144,control,onboarding_checklist_v1,2025-01-04
11145,treatment,onboarding_checklist_v1,2025-05-05
11146,treatment,onboarding_checklist_v1,2025-04-01
11147,treatment,onboarding_checklist_v1,2025-03-04
11148,control,onboarding_checklist_v1,2025-06-06
11149,control,onboarding_checklist_v1,2025-06-03
11150,control,onboarding_checklist_v1,2025-03-01
11151,treatment,onboarding_checklist_v1,2025-01-01
11152,control,onboarding_checklist_v1,2025-01-24
11153,treatment,onboarding_checklist_v1,2025-01-20
11154,control,onboarding_checklist_v1,2025-06-27
11155,treatment,onboarding_checklist_v1,2025-04-19
11156,treatment,onboarding_checklist_v1,2025-05-03
11157,treatment,onboarding_checklist_v1,2025-02-11
11158,treatment,onboarding_checklist_v1,2025-06-03
11159,treatment,onboarding_checklist_v1,2025-05-11
11160,treatment,onboarding_checklist_v1,2025-05-17
11161,treatment,onboarding_checklist_v1,2025-03-26
11162,treatment,onboarding_checklist_v1,2025-05-07
11163,control,onboarding_checklist_v1,2025-04-09
11164,control,onboarding_checklist_v1,2025-03-11
11165,treatment,onboarding_checklist_v1,2025-04-18
11166,treatment,onboarding_checklist_v1,2025-02-28
11167,control,onboarding_checklist_v1,2025-06-22
11168,control,onboarding_checklist_v1,2025-05-10
11169,treatment,onboarding_checklist_v1,2025-05-14
11170,control,onboarding_checklist_v1,2025-05-10
11171,treatment,onboarding_checklist_v1,2025-03-23
11172,treatment,onboarding_checklist_v1,2025-06-22
11173,control,onboarding_checklist_v1,2025-02-07
11174,control,onboarding_checklist_v1,2025-04-13
11175,control,onboarding_checklist_v1,2025-01-13
11176,control,onboarding_checklist_v1,2025-02-23
11177,treatment,onboarding_checklist_v1,2025-04-14
11178,treatment,onboarding_checklist_v1,2025-03-30
11179,treatment,onboarding_checklist_v1,2025-06-20
11180,control,onboarding_checklist_v1,2025-04-22
11181,treatment,onboarding_checklist_v1,2025-03-16
11182,control,onboarding_checklist_v1,2025-03-19
11183,treatment,onboarding_checklist_v1,2025-04-21
11184,control,onboarding_checklist_v1,2025-05-24
11185,treatment,onboarding_checklist_v1,2025-02-20
11186,treatment,onboarding_checklist_v1,2025-04-16
11187,control,onboarding_checklist_v1,2025-04-15
11188,treatment,onboarding_checklist_v1,2025-01-02
11189,control,onboarding_checklist_v1,2025-06-15
11190,control,onboarding_checklist_v1,2025-04-14
11191,treatment,onboarding_checklist_v1,2025-02-13
11192,treatment,onboarding_checklist_v1,2025-04-25
11193,control,onboarding_checklist_v1,2025-05-03
11194,control,onboarding_checklist_v1,2025-06-15
11195,control,onboarding_checklist_v1,2025-01-07
11196,treatment,onboarding_checklist_v1,2025-03-16
11197,treatment,onboarding_checklist_v1,2025-02-02
11198,control,onboarding_checklist_v1,2025-04-14
11199,control,onboarding_checklist_v1,2025-04-01
11200,treatment,onboarding_checklist_v1,2025-03-27
11201,treatment,onboarding_checklist_v1,2025-06-27
11202,control,onboarding_checklist_v1,2025-04-07
11203,treatment,onboarding_checklist_v1,2025-03-16
11204,control,onboarding_checklist_v1,2025-01-13
11205,control,onboarding_checklist_v1,2025-02-22
11206,treatment,onboarding_checklist_v1,2025-06-12
11207,treatment,onboarding_checklist_v1,2025-03-23
11208,control,onboarding_checklist_v1,2025-06-14
11209,treatment,onboarding_checklist_v1,2025-04-07
11210,treatment,onboarding_checklist_v1,2025-04-10
11211,treatment,onboarding_checklist_v1,2025-03-19
11212,treatment,onboarding_checklist_v1,2025-04-11
11213,treatment,onboarding_checklist_v1,2025-01-13
11214,treatment,onboarding_checklist_v1,2025-01-11
11215,control,onboarding_checklist_v1,2025-03-28
11216,treatment,onboarding_checklist_v1,2025-04-19
11217,control,onboarding_checklist_v1,2025-04-10
11218,treatment,onboarding_checklist_v1,2025-03-19
11219,control,onboarding_checklist_v1,2025-02-23
11220,control,onboarding_checklist_v1,2025-05-09
11221,treatment,onboarding_checklist_v1,2025-04-20
11222,control,onboarding_checklist_v1,2025-01-09
11223,control,onboarding_checklist_v1,2025-03-23
11224,control,onboarding_checklist_v1,2025-05-09
11225,treatment,onboarding_checklist_v1,2025-05-22
11226,control,onboarding_checklist_v1,2025-02-21
11227,control,onboarding_checklist_v1,2025-06-17
11228,treatment,onboarding_checklist_v1,2025-04-28
11229,treatment,onboarding_checklist_v1,2025-03-21
11230,treatment,onboarding_checklist_v1,2025-04-24
11231,control,onboarding_checklist_v1,2025-06-07
11232,treatment,onboarding_checklist_v1,2025-02-11
11233,treatment,onboarding_checklist_v1,2025-01-28
11234,treatment,onboarding_checklist_v1,2025-03-21
11235,treatment,onboarding_checklist_v1,2025-01-16
11236,control,onboarding_checklist_v1,2025-06-01
11237,treatment,onboarding_checklist_v1,2025-06-25
11238,treatment,onboarding_checklist_v1,2025-04-20
11239,control,onboarding_checklist_v1,2025-06-27
11240,control,onboarding_checklist_v1,2025-01-13
11241,control,onboarding_checklist_v1,2025-04-25
11242,treatment,onboarding_checklist_v1,2025-03-22
11243,control,onboarding_checklist_v1,2025-02-20
11244,treatment,onboarding_checklist_v1,2025-02-26
11245,treatment,onboarding_checklist_v1,2025-04-09
11246,control,onboarding_checklist_v1,2025-04-27
11247,control,onboarding_checklist_v1,2025-01-30
11248,control,onboarding_checklist_v1,2025-04-22
11249,control,onboarding_checklist_v1,2025-06-17
11250,treatment,onboarding_checklist_v1,2025-01-02
11251,treatment,onboarding_checklist_v1,2025-06-08
11252,treatment,onboarding_checklist_v1,2025-04-20
11253,treatment,onboarding_checklist_v1,2025-03-03
11254,control,onboarding_checklist_v1,2025-05-14
11255,treatment,onboarding_checklist_v1,2025-04-22
11256,control,onboarding_checklist_v1,2025-05-20
11257,control,onboarding_checklist_v1,2025-01-15
11258,control,onboarding_checklist_v1,2025-01-11
11259,control,onboarding_checklist_v1,2025-04-27
11260,treatment,onboarding_checklist_v1,2025-02-24
11261,treatment,onboarding_checklist_v1,2025-02-13
11262,control,onboarding_checklist_v1,2025-03-18
11263,control,onboarding_checklist_v1,2025-05-12
11264,treatment,onboarding_checklist_v1,2025-02-02
11265,treatment,onboarding_checklist_v1,2025-06-26
11266,treatment,onboarding_checklist_v1,2025-03-18
11267,control,onboarding_checklist_v1,2025-01-28
11268,control,onboarding_checklist_v1,2025-01-13
11269,treatment,onboarding_checklist_v1,2025-06-05
11270,treatment,onboarding_checklist_v1,2025-01-21
11271,control,onboarding_checklist_v1,2025-03-17
11272,control,onboarding_checklist_v1,2025-05-02
11273,control,onboarding_checklist_v1,2025-04-03
11274,treatment,onboarding_checklist_v1,2025-02-17
11275,control,onboarding_checklist_v1,2025-01-20
11276,treatment,onboarding_checklist_v1,2025-05-09
11277,treatment,onboarding_checklist_v1,2025-03-30
11278,control,onboarding_checklist_v1,2025-01-09
11279,control,onboarding_checklist_v1,2025-02-02
11280,control,onboarding_checklist_v1,2025-04-12
11281,control,onboarding_checklist_v1,2025-01-31
11282,treatment,onboarding_checklist_v1,2025-03-12
11283,treatment,onboarding_checklist_v1,2025-01-23
11284,control,onboarding_checklist_v1,2025-05-25
11285,treatment,onboarding_checklist_v1,2025-04-25
11286,control,onboarding_checklist_v1,2025-05-22
11287,treatment,onboarding_checklist_v1,2025-01-10
11288,treatment,onboarding_checklist_v1,2025-03-09
11289,control,onboarding_checklist_v1,2025-02-18
11290,treatment,onboarding_checklist_v1,2025-04-23
11291,treatment,onboarding_checklist_v1,2025-05-29
11292,control,onboarding_checklist_v1,2025-02-11
11293,treatment,onboarding_checklist_v1,2025-05-20
11294,control,onboarding_checklist_v1,2025-04-16
11295,control,onboarding_checklist_v1,2025-05-30
11296,treatment,onboarding_checklist_v1,2025-01-15
11297,control,onboarding_checklist_v1,2025-06-29
11298,control,onboarding_checklist_v1,2025-03-20
11299,control,onboarding_checklist_v1,2025-02-20
11300,control,onboarding_checklist_v1,2025-02-03
11301,control,onboarding_checklist_v1,2025-06-28
11302,control,onboarding_checklist_v1,2025-06-09
11303,treatment,onboarding_checklist_v1,2025-01-24
11304,control,onboarding_checklist_v1,2025-03-22
11305,treatment,onboarding_checklist_v1,2025-05-13
11306,treatment,onboarding_checklist_v1,2025-04-17
11307,control,onboarding_checklist_v1,2025-02-04
11308,treatment,onboarding_checklist_v1,2025-03-07
11309,treatment,onboarding_checklist_v1,2025-03-08
11310,treatment,onboarding_checklist_v1,2025-02-22
11311,treatment,onboarding_checklist_v1,2025-06-23
11312,control,onboarding_checklist_v1,2025-02-06
11313,control,onboarding_checklist_v1,2025-05-08
11314,treatment,onboarding_checklist_v1,2025-06-15
11315,treatment,onboarding_checklist_v1,2025-05-24
11316,treatment,onboarding_checklist_v1,2025-05-25
11317,treatment,onboarding_checklist_v1,2025-01-29
11318,control,onboarding_checklist_v1,2025-01-25
11319,control,onboarding_checklist_v1,2025-05-22
11320,treatment,onboarding_checklist_v1,2025-05-16
11321,control,onboarding_checklist_v1,2025-05-15
11322,treatment,onboarding_checklist_v1,2025-03-17
11323,treatment,onboarding_checklist_v1,2025-04-05
11324,control,onboarding_checklist_v1,2025-01-03
11325,control,onboarding_checklist_v1,2025-02-22
11326,treatment,onboarding_checklist_v1,2025-04-06
11327,treatment,onboarding_checklist_v1,2025-01-23
11328,treatment,onboarding_checklist_v1,2025-01-24
11329,control,onboarding_checklist_v1,2025-01-09
11330,control,onboarding_checklist_v1,2025-02-07
11331,control,onboarding_checklist_v1,2025-06-29
11332,control,onboarding_checklist_v1,2025-05-06
11333,control,onboarding_checklist_v1,2025-06-21
11334,treatment,onboarding_checklist_v1,2025-02-16
11335,control,onboarding_checklist_v1,2025-04-19
11336,treatment,onboarding_checklist_v1,2025-06-11
11337,treatment,onboarding_checklist_v1,2025-03-05
11338,treatment,onboarding_checklist_v1,2025-04-29
11339,treatment,onboarding_checklist_v1,2025-05-06
11340,control,onboarding_checklist_v1,2025-05-31
11341,treatment,onboarding_checklist_v1,2025-06-25
11342,control,onboarding_checklist_v1,2025-04-22
11343,control,onboarding_checklist_v1,2025-04-16
11344,treatment,onboarding_checklist_v1,2025-06-07
11345,control,onboarding_checklist_v1,2025-05-04
11346,control,onboarding_checklist_v1,2025-03-07
11347,treatment,onboarding_checklist_v1,2025-04-25
11348,control,onboarding_checklist_v1,2025-04-10
11349,control,onboarding_checklist_v1,2025-02-11
11350,control,onboarding_checklist_v1,2025-04-04
11351,control,onboarding_checklist_v1,2025-04-23
11352,treatment,onboarding_checklist_v1,2025-06-13
11353,treatment,onboarding_checklist_v1,2025-04-16
11354,control,onboarding_checklist_v1,2025-01-30
11355,treatment,onboarding_checklist_v1,2025-06-28
11356,treatment,onboarding_checklist_v1,2025-04-15
11357,treatment,onboarding_checklist_v1,2025-02-21
11358,treatment,onboarding_checklist_v1,2025-05-17
11359,treatment,onboarding_checklist_v1,2025-03-11
11360,treatment,onboarding_checklist_v1,2025-03-08
11361,treatment,onboarding_checklist_v1,2025-06-01
11362,control,onboarding_checklist_v1,2025-06-07
11363,control,onboarding_checklist_v1,2025-04-05
11364,control,onboarding_checklist_v1,2025-03-09
11365,treatment,onboarding_checklist_v1,2025-06-06
11366,control,onboarding_checklist_v1,2025-02-01
11367,treatment,onboarding_checklist_v1,2025-05-16
11368,control,onboarding_checklist_v1,2025-04-16
11369,treatment,onboarding_checklist_v1,2025-06-04
11370,control,onboarding_checklist_v1,2025-03-18
11371,control,onboarding_checklist_v1,2025-05-31
11372,control,onboarding_checklist_v1,2025-01-03
11373,treatment,onboarding_checklist_v1,2025-05-18
11374,control,onboarding_checklist_v1,2025-01-13
11375,control,onboarding_checklist_v1,2025-04-27
11376,treatment,onboarding_checklist_v1,2025-02-05
11377,treatment,onboarding_checklist_v1,2025-06-24
11378,treatment,onboarding_checklist_v1,2025-05-20
11379,treatment,onboarding_checklist_v1,2025-01-19
11380,control,onboarding_checklist_v1,2025-06-11
11381,treatment,onboarding_checklist_v1,2025-02-15
11382,control,onboarding_checklist_v1,2025-04-09
11383,treatment,onboarding_checklist_v1,2025-01-16
11384,treatment,onboarding_checklist_v1,2025-01-20
11385,control,onboarding_checklist_v1,2025-02-13
11386,control,onboarding_checklist_v1,2025-04-07
11387,treatment,onboarding_checklist_v1,2025-04-09
11388,treatment,onboarding_checklist_v1,2025-06-04
11389,treatment,onboarding_checklist_v1,2025-01-30
11390,treatment,onboarding_checklist_v1,2025-05-16
11391,treatment,onboarding_checklist_v1,2025-01-02
11392,control,onboarding_checklist_v1,2025-02-22
11393,treatment,onboarding_checklist_v1,2025-02-01
11394,control,onboarding_checklist_v1,2025-01-23
11395,treatment,onboarding_checklist_v1,2025-04-16
11396,treatment,onboarding_checklist_v1,2025-06-13
11397,control,onboarding_checklist_v1,2025-05-01
11398,treatment,onboarding_checklist_v1,2025-06-04
11399,treatment,onboarding_checklist_v1,2025-04-18
11400,control,onboarding_checklist_v1,2025-01-10
11401,treatment,onboarding_checklist_v1,2025-03-04
11402,treatment,onboarding_checklist_v1,2025-05-30
11403,control,onboarding_checklist_v1,2025-01-09
11404,control,onboarding_checklist_v1,2025-01-18
11405,control,onboarding_checklist_v1,2025-05-31
11406,treatment,onboarding_checklist_v1,2025-01-12
11407,control,onboarding_checklist_v1,2025-06-23
11408,control,onboarding_checklist_v1,2025-05-18
11409,treatment,onboarding_checklist_v1,2025-05-01
11410,treatment,onboarding_checklist_v1,2025-04-08
11411,treatment,onboarding_checklist_v1,2025-01-17
11412,treatment,onboarding_checklist_v1,2025-03-17
11413,control,onboarding_checklist_v1,2025-05-27
11414,control,onboarding_checklist_v1,2025-06-13
11415,treatment,onboarding_checklist_v1,2025-03-22
11416,control,onboarding_checklist_v1,2025-06-01
11417,control,onboarding_checklist_v1,2025-05-21
11418,treatment,onboarding_checklist_v1,2025-01-11
11419,control,onboarding_checklist_v1,2025-04-23
11420,treatment,onboarding_checklist_v1,2025-04-22
11421,treatment,onboarding_checklist_v1,2025-04-09
11422,treatment,onboarding_checklist_v1,2025-05-20
11423,control,onboarding_checklist_v1,2025-06-10
11424,control,onboarding_checklist_v1,2025-04-10
11425,treatment,onboarding_checklist_v1,2025-02-27
11426,treatment,onboarding_checklist_v1,2025-06-27
11427,control,onboarding_checklist_v1,2025-06-24
11428,control,onboarding_checklist_v1,2025-05-05
11429,treatment,onboarding_checklist_v1,2025-04-26
11430,control,onboarding_checklist_v1,2025-01-19
11431,control,onboarding_checklist_v1,2025-03-14
11432,control,onboarding_checklist_v1,2025-02-05
11433,control,onboarding_checklist_v1,2025-04-04
11434,control,onboarding_checklist_v1,2025-05-30
11435,control,onboarding_checklist_v1,2025-02-10
11436,treatment,onboarding_checklist_v1,2025-06-30
11437,control,onboarding_checklist_v1,2025-01-24
11438,control,onboarding_checklist_v1,2025-01-18
11439,control,onboarding_checklist_v1,2025-06-26
11440,treatment,onboarding_checklist_v1,2025-01-19
11441,control,onboarding_checklist_v1,2025-05-14
11442,control,onboarding_checklist_v1,2025-05-19
11443,treatment,onboarding_checklist_v1,2025-03-01
11444,treatment,onboarding_checklist_v1,2025-01-12
11445,treatment,onboarding_checklist_v1,2025-02-25
11446,control,onboarding_checklist_v1,2025-01-13
11447,control,onboarding_checklist_v1,2025-05-02
11448,control,onboarding_checklist_v1,2025-06-10
11449,treatment,onboarding_checklist_v1,2025-06-30
11450,control,onboarding_checklist_v1,2025-05-25
11451,control,onboarding_checklist_v1,2025-05-21
11452,control,onboarding_checklist_v1,2025-06-09
11453,treatment,onboarding_checklist_v1,2025-05-20
11454,control,onboarding_checklist_v1,2025-04-28
11455,control,onboarding_checklist_v1,2025-06-30
11456,treatment,onboarding_checklist_v1,2025-02-28
11457,treatment,onboarding_checklist_v1,2025-03-16
11458,treatment,onboarding_checklist_v1,2025-06-14
11459,treatment,onboarding_checklist_v1,2025-02-26
11460,control,onboarding_checklist_v1,2025-02-24
11461,treatment,onboarding_checklist_v1,2025-01-28
11462,control,onboarding_checklist_v1,2025-02-19
11463,treatment,onboarding_checklist_v1,2025-04-18
11464,control,onboarding_checklist_v1,2025-06-10
11465,treatment,onboarding_checklist_v1,2025-01-25
11466,treatment,onboarding_checklist_v1,2025-05-04
11467,control,onboarding_checklist_v1,2025-05-19
11468,control,onboarding_checklist_v1,2025-06-12
11469,treatment,onboarding_checklist_v1,2025-05-16
11470,control,onboarding_checklist_v1,2025-01-29
11471,treatment,onboarding_checklist_v1,2025-03-30
11472,control,onboarding_checklist_v1,2025-06-22
11473,treatment,onboarding_checklist_v1,2025-06-14
11474,treatment,onboarding_checklist_v1,2025-04-21
11475,control,onboarding_checklist_v1,2025-06-24
11476,treatment,onboarding_checklist_v1,2025-05-01
11477,treatment,onboarding_checklist_v1,2025-01-12
11478,treatment,onboarding_checklist_v1,2025-06-15
11479,treatment,onboarding_checklist_v1,2025-01-31
11480,treatment,onboarding_checklist_v1,2025-03-10
11481,control,onboarding_checklist_v1,2025-02-13
11482,control,onboarding_checklist_v1,2025-05-11
11483,control,onboarding_checklist_v1,2025-01-06
11484,treatment,onboarding_checklist_v1,2025-04-26
11485,treatment,onboarding_checklist_v1,2025-06-06
11486,control,onboarding_checklist_v1,2025-05-23
11487,treatment,onboarding_checklist_v1,2025-02-25
11488,control,onboarding_checklist_v1,2025-06-12
11489,treatment,onboarding_checklist_v1,2025-03-07
11490,treatment,onboarding_checklist_v1,2025-05-04
11491,treatment,onboarding_checklist_v1,2025-04-02
11492,treatment,onboarding_checklist_v1,2025-01-13
11493,treatment,onboarding_checklist_v1,2025-01-01
11494,control,onboarding_checklist_v1,2025-02-03
11495,treatment,onboarding_checklist_v1,2025-06-19
11496,control,onboarding_checklist_v1,2025-06-22
11497,treatment,onboarding_checklist_v1,2025-03-16
11498,treatment,onboarding_checklist_v1,2025-06-25
11499,control,onboarding_checklist_v1,2025-01-09
11500,control,onboarding_checklist_v1,2025-06-25
11501,control,onboarding_checklist_v1,2025-02-11
11502,treatment,onboarding_checklist_v1,2025-01-07
11503,control,onboarding_checklist_v1,2025-05-18
11504,treatment,onboarding_checklist_v1,2025-03-11
11505,control,onboarding_checklist_v1,2025-02-22
11506,treatment,onboarding_checklist_v1,2025-05-18
11507,treatment,onboarding_checklist_v1,2025-03-02
11508,control,onboarding_checklist_v1,2025-05-17
11509,treatment,onboarding_checklist_v1,2025-02-05
11510,control,onboarding_checklist_v1,2025-01-16
11511,treatment,onboarding_checklist_v1,2025-02-28
11512,control,onboarding_checklist_v1,2025-04-21
11513,treatment,onboarding_checklist_v1,2025-02-10
11514,control,onboarding_checklist_v1,2025-01-26
11515,treatment,onboarding_checklist_v1,2025-05-16
11516,control,onboarding_checklist_v1,2025-03-31
11517,treatment,onboarding_checklist_v1,2025-03-20
11518,control,onboarding_checklist_v1,2025-02-13
11519,control,onboarding_checklist_v1,2025-01-04
11520,treatment,onboarding_checklist_v1,2025-01-10
11521,control,onboarding_checklist_v1,2025-05-04
11522,control,onboarding_checklist_v1,2025-01-15
11523,treatment,onboarding_checklist_v1,2025-02-14
11524,control,onboarding_checklist_v1,2025-06-14
11525,treatment,onboarding_checklist_v1,2025-03-04
11526,control,onboarding_checklist_v1,2025-05-15
11527,treatment,onboarding_checklist_v1,2025-03-04
11528,treatment,onboarding_checklist_v1,2025-06-18
11529,control,onboarding_checklist_v1,2025-05-29
11530,control,onboarding_checklist_v1,2025-03-27
11531,treatment,onboarding_checklist_v1,2025-05-04
11532,treatment,onboarding_checklist_v1,2025-03-16
11533,control,onboarding_checklist_v1,2025-06-20
11534,control,onboarding_checklist_v1,2025-03-06
11535,control,onboarding_checklist_v1,2025-06-01
11536,treatment,onboarding_checklist_v1,2025-04-22
11537,treatment,onboarding_checklist_v1,2025-04-27
11538,control,onboarding_checklist_v1,2025-03-05
11539,treatment,onboarding_checklist_v1,2025-05-31
11540,treatment,onboarding_checklist_v1,2025-05-16
11541,treatment,onboarding_checklist_v1,2025-05-28
11542,control,onboarding_checklist_v1,2025-05-26
11543,control,onboarding_checklist_v1,2025-01-29
11544,control,onboarding_checklist_v1,2025-06-08
11545,treatment,onboarding_checklist_v1,2025-06-02
11546,control,onboarding_checklist_v1,2025-02-13
11547,control,onboarding_checklist_v1,2025-06-27
11548,treatment,onboarding_checklist_v1,2025-04-06
11549,treatment,onboarding_checklist_v1,2025-02-28
11550,control,onboarding_checklist_v1,2025-02-10
11551,control,onboarding_checklist_v1,2025-03-08
11552,control,onboarding_checklist_v1,2025-01-07
11553,control,onboarding_checklist_v1,2025-05-06
11554,control,onboarding_checklist_v1,2025-05-09
11555,control,onboarding_checklist_v1,2025-05-01
11556,control,onboarding_checklist_v1,2025-04-10
11557,treatment,onboarding_checklist_v1,2025-03-07
11558,treatment,onboarding_checklist_v1,2025-05-12
11559,control,onboarding_checklist_v1,2025-06-07
11560,treatment,onboarding_checklist_v1,2025-01-16
11561,control,onboarding_checklist_v1,2025-03-11
11562,treatment,onboarding_checklist_v1,2025-06-30
11563,treatment,onboarding_checklist_v1,2025-06-06
11564,treatment,onboarding_checklist_v1,2025-06-29
11565,treatment,onboarding_checklist_v1,2025-02-03
11566,control,onboarding_checklist_v1,2025-03-26
11567,control,onboarding_checklist_v1,2025-01-24
11568,control,onboarding_checklist_v1,2025-06-06
11569,control,onboarding_checklist_v1,2025-04-04
11570,treatment,onboarding_checklist_v1,2025-02-14
11571,control,onboarding_checklist_v1,2025-01-17
11572,control,onboarding_checklist_v1,2025-05-14
11573,treatment,onboarding_checklist_v1,2025-05-27
11574,treatment,onboarding_checklist_v1,2025-06-09
11575,treatment,onboarding_checklist_v1,2025-06-25
11576,treatment,onboarding_checklist_v1,2025-05-28
11577,treatment,onboarding_checklist_v1,2025-05-23
11578,control,onboarding_checklist_v1,2025-05-27
11579,treatment,onboarding_checklist_v1,2025-06-30
11580,control,onboarding_checklist_v1,2025-03-25
11581,control,onboarding_checklist_v1,2025-05-18
11582,treatment,onboarding_checklist_v1,2025-05-29
11583,control,onboarding_checklist_v1,2025-01-22
11584,control,onboarding_checklist_v1,2025-05-06
11585,control,onboarding_checklist_v1,2025-03-03
11586,treatment,onboarding_checklist_v1,2025-01-24
11587,treatment,onboarding_checklist_v1,2025-01-31
11588,control,onboarding_checklist_v1,2025-01-21
11589,treatment,onboarding_checklist_v1,2025-06-12
11590,control,onboarding_checklist_v1,2025-05-20
11591,treatment,onboarding_checklist_v1,2025-01-19
11592,control,onboarding_checklist_v1,2025-04-24
11593,control,onboarding_checklist_v1,2025-04-30
11594,treatment,onboarding_checklist_v1,2025-04-05
11595,treatment,onboarding_checklist_v1,2025-04-20
11596,control,onboarding_checklist_v1,2025-06-14
11597,control,onboarding_checklist_v1,2025-04-04
11598,treatment,onboarding_checklist_v1,2025-04-30
11599,control,onboarding_checklist_v1,2025-04-14
11600,control,onboarding_checklist_v1,2025-03-13
11601,treatment,onboarding_checklist_v1,2025-06-11
11602,control,onboarding_checklist_v1,2025-03-16
11603,control,onboarding_checklist_v1,2025-05-25
11604,control,onboarding_checklist_v1,2025-04-20
11605,control,onboarding_checklist_v1,2025-05-04
11606,treatment,onboarding_checklist_v1,2025-05-18
11607,treatment,onboarding_checklist_v1,2025-05-14
11608,control,onboarding_checklist_v1,2025-04-13
11609,treatment,onboarding_checklist_v1,2025-04-22
11610,control,onboarding_checklist_v1,2025-04-03
11611,control,onboarding_checklist_v1,2025-03-03
11612,treatment,onboarding_checklist_v1,2025-05-12
11613,control,onboarding_checklist_v1,2025-06-09
11614,treatment,onboarding_checklist_v1,2025-05-08
11615,control,onboarding_checklist_v1,2025-05-20
11616,treatment,onboarding_checklist_v1,2025-05-31
11617,treatment,onboarding_checklist_v1,2025-03-08
11618,control,onboarding_checklist_v1,2025-01-12
11619,treatment,onboarding_checklist_v1,2025-03-03
11620,control,onboarding_checklist_v1,2025-05-17
11621,control,onboarding_checklist_v1,2025-05-28
11622,control,onboarding_checklist_v1,2025-04-03
11623,treatment,onboarding_checklist_v1,2025-05-21
11624,treatment,onboarding_checklist_v1,2025-01-14
11625,treatment,onboarding_checklist_v1,2025-04-27
11626,treatment,onboarding_checklist_v1,2025-05-03
11627,control,onboarding_checklist_v1,2025-04-02
11628,treatment,onboarding_checklist_v1,2025-05-10
11629,treatment,onboarding_checklist_v1,2025-03-30
11630,treatment,onboarding_checklist_v1,2025-04-05
11631,treatment,onboarding_checklist_v1,2025-04-20
11632,treatment,onboarding_checklist_v1,2025-05-24
11633,control,onboarding_checklist_v1,2025-02-15
11634,treatment,onboarding_checklist_v1,2025-02-24
11635,treatment,onboarding_checklist_v1,2025-03-17
11636,treatment,onboarding_checklist_v1,2025-02-06
11637,control,onboarding_checklist_v1,2025-03-02
11638,control,onboarding_checklist_v1,2025-03-05
11639,treatment,onboarding_checklist_v1,2025-02-26
11640,treatment,onboarding_checklist_v1,2025-03-16
11641,treatment,onboarding_checklist_v1,2025-04-02
11642,treatment,onboarding_checklist_v1,2025-05-06
11643,treatment,onboarding_checklist_v1,2025-02-24
11644,treatment,onboarding_checklist_v1,2025-06-03
11645,control,onboarding_checklist_v1,2025-03-28
11646,control,onboarding_checklist_v1,2025-05-11
11647,treatment,onboarding_checklist_v1,2025-01-21
11648,control,onboarding_checklist_v1,2025-02-01
11649,control,onboarding_checklist_v1,2025-03-24
11650,treatment,onboarding_checklist_v1,2025-03-08
11651,control,onboarding_checklist_v1,2025-03-31
11652,treatment,onboarding_checklist_v1,2025-01-29
11653,control,onboarding_checklist_v1,2025-03-27
11654,treatment,onboarding_checklist_v1,2025-05-05
11655,control,onboarding_checklist_v1,2025-05-12
11656,treatment,onboarding_checklist_v1,2025-02-14
11657,treatment,onboarding_checklist_v1,2025-03-04
11658,control,onboarding_checklist_v1,2025-04-06
11659,control,onboarding_checklist_v1,2025-04-04
11660,control,onboarding_checklist_v1,2025-05-24
11661,control,onboarding_checklist_v1,2025-03-12
11662,control,onboarding_checklist_v1,2025-05-02
11663,control,onboarding_checklist_v1,2025-06-09
11664,treatment,onboarding_checklist_v1,2025-02-24
11665,control,onboarding_checklist_v1,2025-05-29
11666,control,onboarding_checklist_v1,2025-03-02
11667,control,onboarding_checklist_v1,2025-03-02
11668,control,onboarding_checklist_v1,2025-04-29
11669,treatment,onboarding_checklist_v1,2025-04-23
11670,treatment,onboarding_checklist_v1,2025-04-10
11671,treatment,onboarding_checklist_v1,2025-02-11
11672,control,onboarding_checklist_v1,2025-01-18
11673,control,onboarding_checklist_v1,2025-06-14
11674,control,onboarding_checklist_v1,2025-06-08
11675,treatment,onboarding_checklist_v1,2025-06-10
11676,control,onboarding_checklist_v1,2025-04-03
11677,treatment,onboarding_checklist_v1,2025-06-10
11678,treatment,onboarding_checklist_v1,2025-03-27
11679,treatment,onboarding_checklist_v1,2025-01-14
11680,treatment,onboarding_checklist_v1,2025-02-05
11681,treatment,onboarding_checklist_v1,2025-02-19
11682,control,onboarding_checklist_v1,2025-03-10
11683,control,onboarding_checklist_v1,2025-06-19
11684,treatment,onboarding_checklist_v1,2025-03-02
11685,treatment,onboarding_checklist_v1,2025-04-21
11686,control,onboarding_checklist_v1,2025-02-19
11687,control,onboarding_checklist_v1,2025-04-27
11688,control,onboarding_checklist_v1,2025-04-13
11689,treatment,onboarding_checklist_v1,2025-01-28
11690,control,onboarding_checklist_v1,2025-03-25
11691,control,onboarding_checklist_v1,2025-01-20
11692,control,onboarding_checklist_v1,2025-06-10
11693,treatment,onboarding_checklist_v1,2025-05-08
11694,treatment,onboarding_checklist_v1,2025-06-20
11695,control,onboarding_checklist_v1,2025-06-08
11696,treatment,onboarding_checklist_v1,2025-02-09
11697,control,onboarding_checklist_v1,2025-05-09
11698,treatment,onboarding_checklist_v1,2025-01-19
11699,treatment,onboarding_checklist_v1,2025-06-23
11700,control,onboarding_checklist_v1,2025-05-23
11701,treatment,onboarding_checklist_v1,2025-05-04
11702,treatment,onboarding_checklist_v1,2025-06-30
11703,control,onboarding_checklist_v1,2025-06-03
11704,control,onboarding_checklist_v1,2025-06-06
11705,treatment,onboarding_checklist_v1,2025-01-19
11706,control,onboarding_checklist_v1,2025-01-05
11707,treatment,onboarding_checklist_v1,2025-06-23
11708,control,onboarding_checklist_v1,2025-02-15
11709,treatment,onboarding_checklist_v1,2025-03-19
11710,treatment,onboarding_checklist_v1,2025-01-08
11711,treatment,onboarding_checklist_v1,2025-04-23
11712,control,onboarding_checklist_v1,2025-05-29
11713,treatment,onboarding_checklist_v1,2025-06-02
11714,treatment,onboarding_checklist_v1,2025-04-16
11715,treatment,onboarding_checklist_v1,2025-04-30
11716,treatment,onboarding_checklist_v1,2025-04-03
11717,control,onboarding_checklist_v1,2025-03-22
11718,treatment,onboarding_checklist_v1,2025-04-11
11719,control,onboarding_checklist_v1,2025-06-19
11720,control,onboarding_checklist_v1,2025-02-15
11721,treatment,onboarding_checklist_v1,2025-03-27
11722,control,onboarding_checklist_v1,2025-04-19
11723,treatment,onboarding_checklist_v1,2025-04-14
11724,control,onboarding_checklist_v1,2025-01-06
11725,control,onboarding_checklist_v1,2025-02-22
11726,treatment,onboarding_checklist_v1,2025-04-27
11727,control,onboarding_checklist_v1,2025-05-06
11728,treatment,onboarding_checklist_v1,2025-05-13
11729,treatment,onboarding_checklist_v1,2025-06-29
11730,control,onboarding_checklist_v1,2025-05-02
11731,control,onboarding_checklist_v1,2025-04-15
11732,control,onboarding_checklist_v1,2025-03-02
11733,treatment,onboarding_checklist_v1,2025-03-09
11734,control,onboarding_checklist_v1,2025-05-30
11735,treatment,onboarding_checklist_v1,2025-03-26
11736,treatment,onboarding_checklist_v1,2025-05-10
11737,control,onboarding_checklist_v1,2025-01-23
11738,treatment,onboarding_checklist_v1,2025-01-24
11739,control,onboarding_checklist_v1,2025-02-09
11740,treatment,onboarding_checklist_v1,2025-02-05
11741,control,onboarding_checklist_v1,2025-04-20
11742,treatment,onboarding_checklist_v1,2025-04-26
11743,control,onboarding_checklist_v1,2025-04-11
11744,treatment,onboarding_checklist_v1,2025-02-22
11745,control,onboarding_checklist_v1,2025-04-15
11746,treatment,onboarding_checklist_v1,2025-01-22
11747,treatment,onboarding_checklist_v1,2025-03-27
11748,treatment,onboarding_checklist_v1,2025-01-29
11749,treatment,onboarding_checklist_v1,2025-01-14
11750,control,onboarding_checklist_v1,2025-01-30
11751,control,onboarding_checklist_v1,2025-01-21
11752,control,onboarding_checklist_v1,2025-03-28
11753,treatment,onboarding_checklist_v1,2025-04-09
11754,control,onboarding_checklist_v1,2025-04-20
11755,control,onboarding_checklist_v1,2025-03-21
11756,treatment,onboarding_checklist_v1,2025-02-01
11757,control,onboarding_checklist_v1,2025-01-04
11758,treatment,onboarding_checklist_v1,2025-05-09
11759,control,onboarding_checklist_v1,2025-06-27
11760,control,onboarding_checklist_v1,2025-02-20
11761,treatment,onboarding_checklist_v1,2025-02-07
11762,treatment,onboarding_checklist_v1,2025-02-26
11763,treatment,onboarding_checklist_v1,2025-02-08
11764,control,onboarding_checklist_v1,2025-02-10
11765,control,onboarding_checklist_v1,2025-03-31
11766,control,onboarding_checklist_v1,2025-05-23
11767,control,onboarding_checklist_v1,2025-05-09
11768,treatment,onboarding_checklist_v1,2025-06-23
11769,control,onboarding_checklist_v1,2025-03-06
11770,treatment,onboarding_checklist_v1,2025-03-31
11771,treatment,onboarding_checklist_v1,2025-03-10
11772,control,onboarding_checklist_v1,2025-01-08
11773,treatment,onboarding_checklist_v1,2025-03-12
11774,control,onboarding_checklist_v1,2025-02-17
11775,treatment,onboarding_checklist_v1,2025-03-28
11776,control,onboarding_checklist_v1,2025-01-29
11777,treatment,onboarding_checklist_v1,2025-05-15
11778,control,onboarding_checklist_v1,2025-06-02
11779,control,onboarding_checklist_v1,2025-06-23
11780,control,onboarding_checklist_v1,2025-01-16
11781,control,onboarding_checklist_v1,2025-01-22
11782,treatment,onboarding_checklist_v1,2025-06-24
11783,control,onboarding_checklist_v1,2025-06-03
11784,treatment,onboarding_checklist_v1,2025-04-17
11785,control,onboarding_checklist_v1,2025-02-28
11786,control,onboarding_checklist_v1,2025-04-04
11787,control,onboarding_checklist_v1,2025-04-07
11788,control,onboarding_checklist_v1,2025-06-03
11789,treatment,onboarding_checklist_v1,2025-04-06
11790,control,onboarding_checklist_v1,2025-01-05
11791,treatment,onboarding_checklist_v1,2025-05-07
11792,control,onboarding_checklist_v1,2025-05-21
11793,control,onboarding_checklist_v1,2025-02-23
11794,control,onboarding_checklist_v1,2025-01-22
11795,treatment,onboarding_checklist_v1,2025-01-26
11796,treatment,onboarding_checklist_v1,2025-06-02
11797,treatment,onboarding_checklist_v1,2025-03-23
11798,control,onboarding_checklist_v1,2025-04-06
11799,control,onboarding_checklist_v1,2025-06-23
11800,treatment,onboarding_checklist_v1,2025-01-12
11801,treatment,onboarding_checklist_v1,2025-02-07
11802,treatment,onboarding_checklist_v1,2025-05-31
11803,control,onboarding_checklist_v1,2025-04-08
11804,treatment,onboarding_checklist_v1,2025-01-05
11805,control,onboarding_checklist_v1,2025-05-08
11806,treatment,onboarding_checklist_v1,2025-01-26
11807,control,onboarding_checklist_v1,2025-05-22
11808,treatment,onboarding_checklist_v1,2025-05-25
11809,control,onboarding_checklist_v1,2025-05-30
11810,treatment,onboarding_checklist_v1,2025-03-26
11811,treatment,onboarding_checklist_v1,2025-02-18
11812,treatment,onboarding_checklist_v1,2025-06-09
11813,control,onboarding_checklist_v1,2025-04-12
11814,control,onboarding_checklist_v1,2025-04-26
11815,treatment,onboarding_checklist_v1,2025-01-25
11816,treatment,onboarding_checklist_v1,2025-04-23
11817,treatment,onboarding_checklist_v1,2025-04-15
11818,control,onboarding_checklist_v1,2025-02-22
11819,control,onboarding_checklist_v1,2025-05-19
11820,control,onboarding_checklist_v1,2025-01-25
11821,treatment,onboarding_checklist_v1,2025-05-11
11822,control,onboarding_checklist_v1,2025-06-23
11823,control,onboarding_checklist_v1,2025-04-13
11824,treatment,onboarding_checklist_v1,2025-01-19
11825,treatment,onboarding_checklist_v1,2025-04-11
11826,treatment,onboarding_checklist_v1,2025-04-06
11827,control,onboarding_checklist_v1,2025-04-10
11828,control,onboarding_checklist_v1,2025-02-19
11829,treatment,onboarding_checklist_v1,2025-04-24
11830,control,onboarding_checklist_v1,2025-02-17
11831,treatment,onboarding_checklist_v1,2025-04-11
11832,control,onboarding_checklist_v1,2025-04-18
11833,treatment,onboarding_checklist_v1,2025-04-27
11834,control,onboarding_checklist_v1,2025-05-25
11835,treatment,onboarding_checklist_v1,2025-06-09
11836,treatment,onboarding_checklist_v1,2025-05-21
11837,control,onboarding_checklist_v1,2025-05-25
11838,control,onboarding_checklist_v1,2025-06-07
11839,control,onboarding_checklist_v1,2025-02-13
11840,treatment,onboarding_checklist_v1,2025-02-23
11841,control,onboarding_checklist_v1,2025-04-07
11842,control,onboarding_checklist_v1,2025-03-26
11843,treatment,onboarding_checklist_v1,2025-05-08
11844,treatment,onboarding_checklist_v1,2025-01-02
11845,treatment,onboarding_checklist_v1,2025-01-26
11846,control,onboarding_checklist_v1,2025-05-16
11847,treatment,onboarding_checklist_v1,2025-05-29
11848,control,onboarding_checklist_v1,2025-02-24
11849,control,onboarding_checklist_v1,2025-02-26
11850,treatment,onboarding_checklist_v1,2025-04-12
11851,control,onboarding_checklist_v1,2025-03-28
11852,treatment,onboarding_checklist_v1,2025-01-31
11853,control,onboarding_checklist_v1,2025-04-01
11854,control,onboarding_checklist_v1,2025-05-29
11855,treatment,onboarding_checklist_v1,2025-05-13
11856,control,onboarding_checklist_v1,2025-05-28
11857,treatment,onboarding_checklist_v1,2025-04-27
11858,treatment,onboarding_checklist_v1,2025-06-08
11859,control,onboarding_checklist_v1,2025-02-15
11860,treatment,onboarding_checklist_v1,2025-01-09
11861,treatment,onboarding_checklist_v1,2025-01-21
11862,treatment,onboarding_checklist_v1,2025-06-29
11863,control,onboarding_checklist_v1,2025-04-26
11864,treatment,onboarding_checklist_v1,2025-02-14
11865,treatment,onboarding_checklist_v1,2025-06-04
11866,treatment,onboarding_checklist_v1,2025-02-26
11867,control,onboarding_checklist_v1,2025-04-19
11868,control,onboarding_checklist_v1,2025-02-15
11869,treatment,onboarding_checklist_v1,2025-01-18
11870,treatment,onboarding_checklist_v1,2025-02-18
11871,treatment,onboarding_checklist_v1,2025-02-11
11872,treatment,onboarding_checklist_v1,2025-04-11
11873,control,onboarding_checklist_v1,2025-01-04
11874,treatment,onboarding_checklist_v1,2025-02-13
11875,control,onboarding_checklist_v1,2025-04-13
11876,control,onboarding_checklist_v1,2025-03-13
11877,control,onboarding_checklist_v1,2025-04-26
11878,treatment,onboarding_checklist_v1,2025-04-29
11879,control,onboarding_checklist_v1,2025-06-24
11880,control,onboarding_checklist_v1,2025-06-01
11881,control,onboarding_checklist_v1,2025-02-11
11882,control,onboarding_checklist_v1,2025-05-06
11883,treatment,onboarding_checklist_v1,2025-04-24
11884,control,onboarding_checklist_v1,2025-04-18
11885,control,onboarding_checklist_v1,2025-05-25
11886,control,onboarding_checklist_v1,2025-01-27
11887,treatment,onboarding_checklist_v1,2025-03-09
11888,treatment,onboarding_checklist_v1,2025-05-28
11889,treatment,onboarding_checklist_v1,2025-06-11
11890,control,onboarding_checklist_v1,2025-01-07
11891,control,onboarding_checklist_v1,2025-03-27
11892,control,onboarding_checklist_v1,2025-02-17
11893,treatment,onboarding_checklist_v1,2025-01-31
11894,control,onboarding_checklist_v1,2025-01-11
11895,control,onboarding_checklist_v1,2025-04-08
11896,treatment,onboarding_checklist_v1,2025-05-01
11897,treatment,onboarding_checklist_v1,2025-04-07
11898,control,onboarding_checklist_v1,2025-03-08
11899,treatment,onboarding_checklist_v1,2025-05-20
11900,control,onboarding_checklist_v1,2025-04-29
11901,control,onboarding_checklist_v1,2025-06-14
11902,control,onboarding_checklist_v1,2025-03-04
11903,treatment,onboarding_checklist_v1,2025-02-13
11904,control,onboarding_checklist_v1,2025-03-24
11905,treatment,onboarding_checklist_v1,2025-04-02
11906,control,onboarding_checklist_v1,2025-03-24
11907,treatment,onboarding_checklist_v1,2025-05-31
11908,treatment,onboarding_checklist_v1,2025-01-09
11909,treatment,onboarding_checklist_v1,2025-04-06
11910,treatment,onboarding_checklist_v1,2025-03-19
11911,treatment,onboarding_checklist_v1,2025-02-08
11912,treatment,onboarding_checklist_v1,2025-04-27
11913,control,onboarding_checklist_v1,2025-05-26
11914,treatment,onboarding_checklist_v1,2025-04-09
11915,control,onboarding_checklist_v1,2025-01-16
11916,control,onboarding_checklist_v1,2025-01-14
11917,treatment,onboarding_checklist_v1,2025-03-18
11918,control,onboarding_checklist_v1,2025-05-01
11919,treatment,onboarding_checklist_v1,2025-02-26
11920,control,onboarding_checklist_v1,2025-02-25
11921,control,onboarding_checklist_v1,2025-06-05
11922,treatment,onboarding_checklist_v1,2025-01-03
11923,treatment,onboarding_checklist_v1,2025-01-15
11924,control,onboarding_checklist_v1,2025-01-29
11925,treatment,onboarding_checklist_v1,2025-06-28
11926,control,onboarding_checklist_v1,2025-04-01
11927,control,onboarding_checklist_v1,2025-01-29
11928,treatment,onboarding_checklist_v1,2025-02-26
11929,treatment,onboarding_checklist_v1,2025-06-25
11930,treatment,onboarding_checklist_v1,2025-05-06
11931,control,onboarding_checklist_v1,2025-02-10
11932,control,onboarding_checklist_v1,2025-02-13
11933,control,onboarding_checklist_v1,2025-01-14
11934,treatment,onboarding_checklist_v1,2025-05-20
11935,control,onboarding_checklist_v1,2025-01-25
11936,control,onboarding_checklist_v1,2025-02-21
11937,control,onboarding_checklist_v1,2025-03-05
11938,treatment,onboarding_checklist_v1,2025-04-23
11939,control,onboarding_checklist_v1,2025-04-20
11940,treatment,onboarding_checklist_v1,2025-05-25
11941,treatment,onboarding_checklist_v1,2025-02-23
11942,control,onboarding_checklist_v1,2025-03-11
11943,control,onboarding_checklist_v1,2025-03-12
11944,control,onboarding_checklist_v1,2025-01-09
11945,treatment,onboarding_checklist_v1,2025-05-14
11946,treatment,onboarding_checklist_v1,2025-04-07
11947,control,onboarding_checklist_v1,2025-03-28
11948,treatment,onboarding_checklist_v1,2025-06-30
11949,control,onboarding_checklist_v1,2025-02-02
11950,treatment,onboarding_checklist_v1,2025-06-25
11951,treatment,onboarding_checklist_v1,2025-05-04
11952,treatment,onboarding_checklist_v1,2025-02-10
11953,control,onboarding_checklist_v1,2025-05-03
11954,control,onboarding_checklist_v1,2025-05-17
11955,treatment,onboarding_checklist_v1,2025-03-07
11956,control,onboarding_checklist_v1,2025-03-04
11957,treatment,onboarding_checklist_v1,2025-06-01
11958,treatment,onboarding_checklist_v1,2025-01-30
11959,treatment,onboarding_checklist_v1,2025-01-03
11960,treatment,onboarding_checklist_v1,2025-05-01
11961,treatment,onboarding_checklist_v1,2025-06-14
11962,treatment,onboarding_checklist_v1,2025-04-01
11963,control,onboarding_checklist_v1,2025-01-25
11964,treatment,onboarding_checklist_v1,2025-04-08
11965,control,onboarding_checklist_v1,2025-02-15
11966,treatment,onboarding_checklist_v1,2025-05-30
11967,treatment,onboarding_checklist_v1,2025-04-21
11968,treatment,onboarding_checklist_v1,2025-03-02
11969,control,onboarding_checklist_v1,2025-04-24
11970,control,onboarding_checklist_v1,2025-05-01
11971,treatment,onboarding_checklist_v1,2025-05-03
11972,treatment,onboarding_checklist_v1,2025-03-08
11973,control,onboarding_checklist_v1,2025-04-14
11974,treatment,onboarding_checklist_v1,2025-01-08
11975,treatment,onboarding_checklist_v1,2025-03-15
11976,treatment,onboarding_checklist_v1,2025-03-10
11977,treatment,onboarding_checklist_v1,2025-04-07
11978,treatment,onboarding_checklist_v1,2025-06-21
11979,treatment,onboarding_checklist_v1,2025-06-22
11980,control,onboarding_checklist_v1,2025-03-29
11981,treatment,onboarding_checklist_v1,2025-04-27
11982,treatment,onboarding_checklist_v1,2025-01-20
11983,treatment,onboarding_checklist_v1,2025-03-29
11984,treatment,onboarding_checklist_v1,2025-05-05
11985,treatment,onboarding_checklist_v1,2025-05-04
11986,control,onboarding_checklist_v1,2025-06-24
11987,control,onboarding_checklist_v1,2025-03-26
11988,control,onboarding_checklist_v1,2025-06-14
11989,treatment,onboarding_checklist_v1,2025-06-27
11990,treatment,onboarding_checklist_v1,2025-04-14
11991,control,onboarding_checklist_v1,2025-01-17
11992,control,onboarding_checklist_v1,2025-03-10
11993,treatment,onboarding_checklist_v1,2025-05-19
11994,control,onboarding_checklist_v1,2025-04-16
11995,control,onboarding_checklist_v1,2025-06-19
11996,control,onboarding_checklist_v1,2025-05-28
11997,treatment,onboarding_checklist_v1,2025-01-12
11998,treatment,onboarding_checklist_v1,2025-06-05
11999,treatment,onboarding_checklist_v1,2025-03-06
12000,control,onboarding_checklist_v1,2025-05-29
