user_id,signup_date,experiment_variant,country,acquisition_channel
1,2025-01-17,control,US,organic
2,2025-05-21,control,PK,organic
3,2025-04-29,treatment,Other,partner
4,2025-03-21,control,GB,organic
5,2025-03-20,control,Other,organic
6,2025-06-05,control,IN,organic
7,2025-01-16,treatment,Other,organic
8,2025-05-07,treatment,DE,paid
9,2025-02-06,treatment,US,organic
10,2025-01-18,treatment,US,referral
11,2025-04-06,treatment,IN,paid
12,2025-06-26,treatment,Other,paid
13,2025-05-14,control,DE,referral
14,2025-05-18,treatment,US,organic
15,2025-05-10,control,US,paid
16,2025-05-23,control,BR,paid
17,2025-04-03,control,Other,organic
18,2025-01-24,treatment,GB,organic
19,2025-06-01,treatment,IN,paid
20,2025-03-23,treatment,BR,paid
21,2025-04-01,treatment,Other,paid
22,2025-03-09,treatment,PK,organic
23,2025-02-03,control,US,organic
24,2025-06-17,treatment,IN,partner
25,2025-05-22,treatment,PK,organic
26,2025-04-27,treatment,Other,partner
27,2025-03-14,control,BR,paid
28,2025-05-29,control,US,paid
29,2025-04-09,treatment,BR,organic
30,2025-03-22,control,IN,referral
31,2025-03-23,control,US,partner
32,2025-02-11,control,Other,paid
33,2025-01-17,control,US,paid
34,2025-04-11,control,Other,paid
35,2025-06-10,treatment,DE,organic
36,2025-01-12,treatment,US,partner
37,2025-06-05,treatment,BR,organic
38,2025-05-30,control,IN,paid
39,2025-02-20,control,Other,organic
40,2025-04-25,control,BR,referral
41,2025-01-30,control,US,paid
42,2025-05-18,control,Other,paid
43,2025-05-07,treatment,BR,organic
44,2025-03-06,treatment,US,organic
45,2025-01-13,treatment,Other,organic
46,2025-06-25,control,US,partner
47,2025-03-22,control,US,organic
48,2025-06-11,control,BR,partner
49,2025-05-03,control,IN,organic
50,2025-05-21,treatment,BR,referral
51,2025-05-18,control,Other,paid
52,2025-02-05,treatment,US,referral
53,2025-03-07,treatment,Other,paid
54,2025-03-26,control,US,referral
55,2025-04-01,control,US,paid
56,2025-01-08,control,US,organic
57,2025-04-09,control,US,partner
58,2025-01-28,treatment,DE,paid
59,2025-05-15,treatment,Other,organic
60,2025-05-04,treatment,PK,organic
61,2025-06-16,treatment,IN,paid
62,2025-05-15,control,US,referral
63,2025-03-08,control,Other,referral
64,2025-06-25,control,GB,organic
65,2025-03-16,control,IN,paid
66,2025-02-28,treatment,IN,organic
67,2025-06-13,control,US,organic
68,2025-03-09,control,BR,referral
69,2025-01-14,control,Other,organic
70,2025-03-26,control,US,organic
71,2025-05-25,treatment,IN,organic
72,2025-02-04,control,Other,organic
73,2025-03-25,control,GB,organic
74,2025-01-24,control,GB,organic
75,2025-05-05,treatment,DE,paid
76,2025-03-28,treatment,PK,partner
77,2025-03-01,treatment,DE,organic
78,2025-02-11,control,DE,referral
79,2025-04-13,control,US,paid
80,2025-05-02,treatment,Other,organic
81,2025-06-20,control,Other,organic
82,2025-03-21,control,IN,organic
83,2025-01-30,treatment,Other,referral
84,2025-05-31,control,IN,paid
85,2025-04-24,control,Other,organic
86,2025-05-07,treatment,US,organic
87,2025-01-18,control,US,organic
88,2025-02-26,control,Other,paid
89,2025-05-19,control,DE,organic
90,2025-05-31,treatment,GB,paid
91,2025-03-20,control,IN,paid
92,2025-05-26,control,IN,paid
93,2025-06-02,treatment,GB,organic
94,2025-03-12,treatment,GB,paid
95,2025-06-12,treatment,DE,paid
96,2025-02-22,control,US,referral
97,2025-02-13,control,US,paid
98,2025-05-04,treatment,BR,organic
99,2025-04-26,treatment,PK,organic
100,2025-01-26,control,DE,paid
101,2025-05-31,treatment,GB,paid
102,2025-02-06,control,IN,paid
103,2025-05-26,treatment,US,paid
104,2025-01-02,treatment,GB,referral
105,2025-05-25,control,US,referral
106,2025-05-23,treatment,IN,organic
107,2025-05-22,treatment,US,organic
108,2025-05-01,control,DE,partner
109,2025-03-27,control,BR,paid
110,2025-05-08,treatment,PK,partner
111,2025-02-20,control,IN,paid
112,2025-05-22,control,Other,partner
113,2025-04-11,control,IN,organic
114,2025-03-25,treatment,GB,paid
115,2025-04-02,control,US,paid
116,2025-04-13,treatment,US,organic
117,2025-01-07,control,US,organic
118,2025-01-26,control,US,organic
119,2025-02-14,treatment,GB,organic
120,2025-01-21,control,IN,partner
121,2025-03-21,control,IN,partner
122,2025-05-01,control,GB,referral
123,2025-04-29,treatment,BR,partner
124,2025-03-27,control,US,referral
125,2025-06-04,control,BR,partner
126,2025-04-13,control,BR,organic
127,2025-01-15,control,GB,organic
128,2025-05-19,control,US,referral
129,2025-04-15,treatment,Other,paid
130,2025-04-25,control,BR,paid
131,2025-04-13,control,BR,paid
132,2025-04-11,treatment,US,organic
133,2025-01-17,treatment,US,organic
134,2025-04-12,control,GB,paid
135,2025-05-24,control,Other,paid
136,2025-02-25,control,US,organic
137,2025-04-20,treatment,GB,paid
138,2025-01-06,control,Other,organic
139,2025-03-04,control,DE,paid
140,2025-03-21,control,GB,paid
141,2025-06-27,control,IN,paid
142,2025-02-08,control,DE,partner
143,2025-02-20,control,Other,paid
144,2025-03-15,treatment,US,partner
145,2025-06-29,treatment,PK,referral
146,2025-06-04,treatment,US,referral
147,2025-01-07,treatment,PK,referral
148,2025-02-12,control,PK,paid
149,2025-05-29,treatment,PK,paid
150,2025-01-11,treatment,Other,paid
151,2025-06-04,treatment,IN,organic
152,2025-02-20,treatment,US,organic
153,2025-06-16,control,US,organic
154,2025-02-23,control,GB,paid
155,2025-03-20,control,DE,organic
156,2025-04-30,control,GB,paid
157,2025-01-23,control,IN,organic
158,2025-04-11,control,IN,organic
159,2025-04-02,control,Other,paid
160,2025-05-22,treatment,DE,referral
161,2025-06-30,treatment,PK,organic
162,2025-05-01,treatment,IN,partner
163,2025-03-16,control,Other,organic
164,2025-03-15,treatment,IN,paid
165,2025-03-17,treatment,GB,organic
166,2025-05-28,treatment,US,organic
167,2025-02-28,treatment,Other,organic
168,2025-01-31,control,IN,organic
169,2025-03-02,control,PK,paid
170,2025-01-05,treatment,PK,paid
171,2025-01-20,treatment,IN,organic
172,2025-01-17,control,IN,partner
173,2025-05-20,control,Other,paid
174,2025-05-11,control,Other,organic
175,2025-05-07,control,GB,organic
176,2025-03-25,treatment,US,organic
177,2025-05-10,treatment,US,referral
178,2025-01-30,control,DE,paid
179,2025-06-13,control,PK,organic
180,2025-04-01,control,PK,organic
181,2025-06-19,control,DE,organic
182,2025-01-28,treatment,GB,organic
183,2025-04-01,treatment,BR,paid
184,2025-05-07,treatment,PK,partner
185,2025-03-31,control,IN,organic
186,2025-03-22,treatment,US,organic
187,2025-01-31,treatment,GB,organic
188,2025-03-10,control,BR,organic
189,2025-02-13,treatment,BR,paid
190,2025-02-24,treatment,PK,partner
191,2025-05-04,treatment,Other,paid
192,2025-04-25,control,US,organic
193,2025-04-20,control,US,referral
194,2025-03-07,control,GB,referral
195,2025-06-23,control,GB,organic
196,2025-01-16,control,DE,partner
197,2025-03-04,treatment,US,paid
198,2025-01-22,control,US,referral
199,2025-03-03,control,PK,paid
200,2025-06-24,treatment,US,organic
201,2025-03-08,treatment,PK,referral
202,2025-06-14,control,GB,paid
203,2025-03-31,treatment,GB,partner
204,2025-05-07,control,US,organic
205,2025-03-24,control,US,organic
206,2025-02-18,treatment,GB,paid
207,2025-05-19,control,PK,paid
208,2025-06-25,control,Other,organic
209,2025-02-17,control,US,paid
210,2025-05-21,treatment,US,paid
211,2025-02-17,control,US,paid
212,2025-05-10,treatment,IN,organic
213,2025-05-23,control,US,paid
214,2025-03-23,treatment,US,paid
215,2025-05-14,control,Other,referral
216,2025-02-19,control,Other,paid
217,2025-01-15,treatment,IN,paid
218,2025-01-18,treatment,US,organic
219,2025-03-22,control,GB,organic
220,2025-06-13,control,US,organic
221,2025-01-24,control,IN,paid
222,2025-03-24,control,IN,referral
223,2025-05-08,treatment,US,partner
224,2025-02-06,control,Other,paid
225,2025-05-11,treatment,DE,paid
226,2025-02-25,control,PK,paid
227,2025-05-27,control,US,organic
228,2025-04-15,control,GB,paid
229,2025-04-09,control,US,organic
230,2025-02-01,control,IN,paid
231,2025-03-25,treatment,US,partner
232,2025-06-05,control,GB,paid
233,2025-01-04,treatment,PK,organic
234,2025-05-18,control,IN,paid
235,2025-03-31,control,IN,partner
236,2025-05-11,control,IN,organic
237,2025-05-01,control,IN,partner
238,2025-03-20,treatment,IN,partner
239,2025-02-25,treatment,GB,paid
240,2025-04-24,treatment,US,organic
241,2025-01-26,treatment,DE,organic
242,2025-04-16,control,US,organic
243,2025-01-18,control,DE,organic
244,2025-04-28,treatment,DE,referral
245,2025-04-24,control,US,partner
246,2025-01-16,control,PK,organic
247,2025-05-18,treatment,IN,paid
248,2025-03-17,treatment,BR,paid
249,2025-05-23,treatment,Other,organic
250,2025-01-08,control,GB,paid
251,2025-02-02,treatment,US,partner
252,2025-03-31,control,US,organic
253,2025-02-04,control,BR,organic
254,2025-03-01,control,US,paid
255,2025-04-30,treatment,Other,organic
256,2025-01-27,treatment,GB,partner
257,2025-05-03,treatment,DE,partner
258,2025-01-19,control,BR,organic
259,2025-02-01,control,GB,paid
260,2025-04-17,control,IN,referral
261,2025-05-24,treatment,IN,paid
262,2025-01-31,control,IN,paid
263,2025-02-24,control,IN,partner
264,2025-06-17,treatment,DE,organic
265,2025-06-29,control,DE,paid
266,2025-04-16,treatment,IN,organic
267,2025-03-22,control,GB,organic
268,2025-03-04,treatment,DE,referral
269,2025-04-21,control,US,paid
270,2025-04-17,control,IN,paid
271,2025-02-23,control,US,organic
272,2025-01-05,control,Other,referral
273,2025-01-28,treatment,US,organic
274,2025-06-23,control,GB,paid
275,2025-03-17,control,US,organic
276,2025-03-29,treatment,GB,paid
277,2025-03-26,control,GB,paid
278,2025-05-22,treatment,IN,organic
279,2025-01-12,treatment,US,paid
280,2025-01-15,control,US,organic
281,2025-02-19,treatment,US,paid
282,2025-03-30,control,GB,paid
283,2025-05-02,control,Other,referral
284,2025-03-30,control,GB,organic
285,2025-03-21,treatment,IN,organic
286,2025-06-19,treatment,DE,organic
287,2025-01-30,treatment,DE,organic
288,2025-04-14,treatment,PK,paid
289,2025-04-09,control,US,organic
290,2025-03-27,treatment,Other,organic
291,2025-05-27,treatment,DE,organic
292,2025-02-18,treatment,GB,paid
293,2025-06-22,treatment,Other,paid
294,2025-03-02,treatment,GB,organic
295,2025-04-09,control,Other,partner
296,2025-04-05,treatment,Other,organic
297,2025-06-03,treatment,US,paid
298,2025-03-21,treatment,GB,organic
299,2025-02-21,control,PK,referral
300,2025-01-04,treatment,US,organic
301,2025-03-07,control,IN,partner
302,2025-05-30,control,US,paid
303,2025-01-02,treatment,US,paid
304,2025-06-12,control,BR,paid
305,2025-04-09,treatment,IN,organic
306,2025-01-26,control,IN,organic
307,2025-02-24,treatment,IN,partner
308,2025-04-11,treatment,US,referral
309,2025-02-27,control,DE,organic
310,2025-01-20,treatment,US,organic
311,2025-05-01,control,US,organic
312,2025-05-02,treatment,GB,referral
313,2025-01-22,treatment,BR,paid
314,2025-02-20,control,US,paid
315,2025-02-14,treatment,US,organic
316,2025-04-30,treatment,IN,partner
317,2025-05-13,treatment,US,organic
318,2025-05-12,treatment,Other,organic
319,2025-06-19,control,GB,partner
320,2025-05-20,treatment,US,paid
321,2025-02-28,control,Other,paid
322,2025-01-20,control,BR,referral
323,2025-04-22,treatment,PK,organic
324,2025-06-15,control,DE,organic
325,2025-06-26,treatment,GB,organic
326,2025-02-11,control,IN,organic
327,2025-02-12,treatment,DE,paid
328,2025-01-07,treatment,BR,paid
329,2025-01-26,control,US,organic
330,2025-04-11,control,GB,referral
331,2025-04-09,control,US,organic
332,2025-03-09,treatment,PK,organic
333,2025-02-26,treatment,GB,organic
334,2025-05-31,control,Other,referral
335,2025-03-25,treatment,US,paid
336,2025-05-27,control,DE,partner
337,2025-06-24,control,GB,referral
338,2025-02-27,control,IN,referral
339,2025-02-06,control,PK,referral
340,2025-06-22,treatment,DE,paid
341,2025-04-25,treatment,GB,partner
342,2025-02-22,treatment,IN,paid
343,2025-04-23,treatment,US,organic
344,2025-04-04,control,BR,organic
345,2025-06-13,control,IN,referral
346,2025-02-16,treatment,US,organic
347,2025-06-29,treatment,IN,referral
348,2025-06-19,treatment,IN,partner
349,2025-02-02,control,US,organic
350,2025-01-30,treatment,GB,organic
351,2025-04-07,treatment,DE,organic
352,2025-01-09,treatment,IN,paid
353,2025-02-24,treatment,BR,paid
354,2025-03-20,control,DE,organic
355,2025-06-25,control,GB,paid
356,2025-06-29,control,US,paid
357,2025-01-28,control,US,organic
358,2025-06-11,treatment,US,organic
359,2025-01-17,treatment,US,organic
360,2025-05-16,control,US,referral
361,2025-06-03,control,IN,organic
362,2025-06-11,treatment,IN,organic
363,2025-02-10,treatment,US,organic
364,2025-06-11,control,BR,paid
365,2025-01-21,treatment,US,referral
366,2025-04-04,control,GB,organic
367,2025-03-26,control,Other,paid
368,2025-02-27,control,BR,paid
369,2025-01-05,treatment,US,referral
370,2025-05-20,treatment,GB,paid
371,2025-03-02,treatment,IN,paid
372,2025-04-30,control,US,organic
373,2025-03-16,treatment,Other,organic
374,2025-03-09,treatment,DE,referral
375,2025-06-10,control,US,organic
376,2025-01-18,control,BR,organic
377,2025-05-14,control,IN,paid
378,2025-05-16,treatment,DE,partner
379,2025-03-10,control,Other,organic
380,2025-02-17,control,Other,referral
381,2025-01-01,treatment,US,organic
382,2025-06-19,treatment,US,referral
383,2025-06-21,treatment,GB,referral
384,2025-02-13,treatment,IN,referral
385,2025-01-06,control,IN,partner
386,2025-01-23,treatment,US,partner
387,2025-01-13,control,Other,partner
388,2025-05-31,control,GB,paid
389,2025-06-11,treatment,PK,paid
390,2025-01-28,control,PK,organic
391,2025-05-16,control,US,organic
392,2025-02-02,treatment,US,paid
393,2025-03-08,control,US,organic
394,2025-04-19,control,Other,partner
395,2025-05-11,treatment,GB,organic
396,2025-06-08,treatment,PK,organic
397,2025-01-09,treatment,DE,organic
398,2025-02-05,control,DE,organic
399,2025-02-20,treatment,Other,organic
400,2025-02-26,treatment,DE,paid
401,2025-06-30,control,IN,organic
402,2025-05-21,control,DE,referral
403,2025-02-27,control,US,organic
404,2025-06-25,treatment,US,paid
405,2025-04-01,control,US,paid
406,2025-04-01,treatment,IN,organic
407,2025-03-20,treatment,GB,organic
408,2025-01-27,control,DE,referral
409,2025-06-19,treatment,US,paid
410,2025-01-03,control,IN,organic
411,2025-02-01,control,PK,paid
412,2025-02-11,treatment,IN,organic
413,2025-02-20,control,Other,organic
414,2025-01-24,treatment,US,organic
415,2025-01-04,treatment,US,referral
416,2025-05-03,control,BR,organic
417,2025-06-25,control,US,paid
418,2025-01-23,control,IN,organic
419,2025-02-23,treatment,PK,organic
420,2025-04-02,treatment,US,organic
421,2025-06-17,control,Other,paid
422,2025-05-06,treatment,US,referral
423,2025-05-19,treatment,IN,referral
424,2025-04-16,treatment,GB,organic
425,2025-03-17,control,IN,organic
426,2025-02-06,control,US,organic
427,2025-06-06,control,Other,referral
428,2025-05-26,control,Other,paid
429,2025-01-05,control,BR,referral
430,2025-05-10,control,BR,organic
431,2025-01-16,control,IN,paid
432,2025-05-14,control,BR,paid
433,2025-05-30,control,BR,paid
434,2025-01-24,treatment,BR,paid
435,2025-03-20,treatment,Other,organic
436,2025-01-23,control,IN,organic
437,2025-04-13,treatment,US,partner
438,2025-06-17,control,Other,organic
439,2025-01-15,treatment,US,paid
440,2025-03-13,treatment,US,partner
441,2025-06-26,control,Other,paid
442,2025-02-24,treatment,US,paid
443,2025-01-24,treatment,US,organic
444,2025-03-30,treatment,BR,referral
445,2025-04-03,control,PK,partner
446,2025-04-30,control,US,partner
447,2025-02-26,treatment,DE,organic
448,2025-06-22,control,US,partner
449,2025-04-05,treatment,DE,organic
450,2025-02-21,treatment,GB,paid
451,2025-06-23,control,US,organic
452,2025-06-17,control,Other,organic
453,2025-04-01,control,IN,paid
454,2025-01-05,control,PK,paid
455,2025-04-19,treatment,Other,partner
456,2025-04-11,treatment,Other,organic
457,2025-01-27,control,IN,referral
458,2025-04-25,treatment,GB,paid
459,2025-06-02,treatment,PK,organic
460,2025-01-20,treatment,BR,organic
461,2025-05-11,control,US,referral
462,2025-01-26,treatment,GB,referral
463,2025-05-16,treatment,GB,organic
464,2025-03-17,control,DE,organic
465,2025-01-02,treatment,PK,paid
466,2025-06-24,treatment,DE,paid
467,2025-01-31,control,US,paid
468,2025-04-18,treatment,US,referral
469,2025-02-02,treatment,Other,organic
470,2025-06-18,treatment,DE,organic
471,2025-05-14,control,DE,organic
472,2025-05-26,treatment,IN,partner
473,2025-03-20,treatment,PK,paid
474,2025-03-26,treatment,BR,organic
475,2025-04-25,control,IN,referral
476,2025-05-23,control,US,paid
477,2025-06-03,treatment,Other,organic
478,2025-01-04,control,BR,organic
479,2025-05-01,control,IN,referral
480,2025-01-20,control,US,paid
481,2025-02-22,treatment,IN,organic
482,2025-05-31,control,GB,organic
483,2025-02-15,treatment,DE,organic
484,2025-05-25,treatment,IN,paid
485,2025-03-25,treatment,PK,organic
486,2025-02-12,treatment,GB,organic
487,2025-03-02,control,Other,organic
488,2025-04-07,treatment,US,partner
489,2025-05-19,control,BR,paid
490,2025-04-20,treatment,US,organic
491,2025-06-18,control,GB,paid
492,2025-06-07,treatment,Other,paid
493,2025-05-17,treatment,US,referral
494,2025-04-20,control,Other,partner
495,2025-02-22,treatment,GB,paid
496,2025-03-16,control,IN,paid
497,2025-01-22,control,US,organic
498,2025-03-09,control,IN,referral
499,2025-06-17,control,Other,paid
500,2025-03-19,treatment,BR,organic
501,2025-01-21,treatment,GB,paid
502,2025-04-28,control,PK,organic
503,2025-06-24,treatment,IN,paid
504,2025-06-07,treatment,US,organic
505,2025-02-19,treatment,IN,organic
506,2025-03-24,control,IN,organic
507,2025-04-07,treatment,IN,organic
508,2025-02-14,control,GB,organic
509,2025-02-18,treatment,DE,paid
510,2025-02-12,treatment,Other,paid
511,2025-06-30,treatment,BR,paid
512,2025-05-16,control,BR,organic
513,2025-06-02,control,Other,referral
514,2025-05-28,treatment,US,referral
515,2025-06-23,control,GB,paid
516,2025-01-20,control,IN,paid
517,2025-06-09,treatment,IN,referral
518,2025-01-13,treatment,Other,paid
519,2025-03-28,control,IN,organic
520,2025-04-18,control,GB,paid
521,2025-03-06,treatment,GB,organic
522,2025-01-27,control,US,referral
523,2025-02-04,control,Other,paid
524,2025-05-30,control,US,partner
525,2025-02-27,control,BR,organic
526,2025-02-26,treatment,DE,paid
527,2025-06-17,control,US,paid
528,2025-01-27,control,GB,referral
529,2025-06-15,treatment,IN,referral
530,2025-06-16,control,US,organic
531,2025-04-19,control,Other,partner
532,2025-01-30,treatment,Other,partner
533,2025-01-29,treatment,US,partner
534,2025-02-21,control,Other,paid
535,2025-04-15,control,GB,referral
536,2025-01-28,control,US,organic
537,2025-03-24,control,GB,organic
538,2025-01-21,treatment,PK,organic
539,2025-04-08,treatment,IN,paid
540,2025-01-04,treatment,US,partner
541,2025-05-09,treatment,IN,paid
542,2025-01-11,control,IN,paid
543,2025-02-05,treatment,IN,referral
544,2025-02-01,treatment,BR,paid
545,2025-05-31,control,PK,paid
546,2025-01-10,treatment,IN,paid
547,2025-03-19,control,US,paid
548,2025-04-17,treatment,PK,paid
549,2025-04-04,treatment,GB,referral
550,2025-05-04,control,IN,paid
551,2025-05-26,treatment,IN,organic
552,2025-03-13,control,GB,paid
553,2025-05-30,treatment,US,partner
554,2025-02-27,control,IN,organic
555,2025-06-28,control,PK,referral
556,2025-04-02,control,PK,paid
557,2025-05-14,treatment,IN,organic
558,2025-06-08,control,US,paid
559,2025-05-24,treatment,GB,organic
560,2025-06-04,control,IN,organic
561,2025-04-08,control,DE,organic
562,2025-01-08,control,IN,paid
563,2025-03-31,control,GB,paid
564,2025-02-02,treatment,US,paid
565,2025-06-10,control,IN,paid
566,2025-02-12,treatment,IN,organic
567,2025-02-11,treatment,IN,referral
568,2025-02-15,treatment,US,partner
569,2025-04-27,treatment,PK,referral
570,2025-04-14,treatment,DE,organic
571,2025-06-21,treatment,IN,partner
572,2025-03-17,treatment,IN,referral
573,2025-02-21,treatment,DE,organic
574,2025-01-09,treatment,IN,organic
575,2025-01-02,control,BR,organic
576,2025-03-09,treatment,BR,paid
577,2025-06-17,control,IN,paid
578,2025-04-05,treatment,US,organic
579,2025-06-11,treatment,Other,organic
580,2025-01-19,treatment,GB,paid
581,2025-01-17,treatment,US,paid
582,2025-05-31,treatment,IN,paid
583,2025-01-20,treatment,US,organic
584,2025-01-10,control,Other,paid
585,2025-03-15,control,DE,partner
586,2025-06-17,control,GB,organic
587,2025-05-05,control,US,paid
588,2025-01-18,treatment,US,organic
589,2025-06-01,treatment,US,organic
590,2025-06-02,treatment,US,referral
591,2025-05-25,control,GB,partner
592,2025-06-13,treatment,GB,organic
593,2025-02-13,control,DE,organic
594,2025-06-27,treatment,US,organic
595,2025-02-28,treatment,US,paid
596,2025-05-26,control,US,organic
597,2025-04-15,control,US,paid
598,2025-05-22,control,GB,organic
599,2025-04-24,control,US,paid
600,2025-04-27,control,GB,partner
601,2025-04-22,control,Other,organic
602,2025-05-21,control,US,referral
603,2025-05-14,control,US,referral
604,2025-01-25,control,IN,organic
605,2025-05-30,treatment,DE,partner
606,2025-04-08,control,US,paid
607,2025-02-28,treatment,PK,paid
608,2025-04-04,control,IN,paid
609,2025-06-25,control,Other,organic
610,2025-06-05,control,Other,organic
611,2025-05-31,treatment,BR,organic
612,2025-03-25,control,IN,paid
613,2025-05-22,treatment,DE,partner
614,2025-03-11,control,Other,organic
615,2025-05-05,treatment,BR,organic
616,2025-04-26,control,GB,organic
617,2025-02-15,control,US,partner
618,2025-02-18,treatment,BR,organic
619,2025-01-12,control,BR,partner
620,2025-01-26,control,PK,organic
621,2025-03-20,treatment,US,organic
622,2025-03-28,control,PK,organic
623,2025-01-30,control,US,paid
624,2025-03-17,control,BR,organic
625,2025-04-20,control,GB,partner
626,2025-02-12,treatment,GB,paid
627,2025-03-03,treatment,DE,organic
628,2025-03-08,treatment,US,paid
629,2025-04-02,control,US,organic
630,2025-03-08,treatment,PK,paid
631,2025-05-14,treatment,US,referral
632,2025-03-01,control,IN,partner
633,2025-03-20,treatment,IN,paid
634,2025-03-10,treatment,US,organic
635,2025-02-03,treatment,Other,organic
636,2025-05-05,control,PK,organic
637,2025-02-12,control,PK,paid
638,2025-02-23,treatment,PK,organic
639,2025-05-24,treatment,BR,organic
640,2025-06-21,control,Other,partner
641,2025-05-02,control,US,partner
642,2025-06-15,treatment,US,organic
643,2025-06-04,control,IN,partner
644,2025-03-29,control,GB,referral
645,2025-05-20,treatment,IN,organic
646,2025-03-01,control,GB,partner
647,2025-03-25,control,GB,partner
648,2025-04-07,control,Other,paid
649,2025-06-23,treatment,US,referral
650,2025-06-03,control,US,organic
651,2025-03-30,treatment,IN,paid
652,2025-04-29,treatment,PK,paid
653,2025-02-06,treatment,PK,paid
654,2025-05-26,treatment,US,organic
655,2025-04-11,treatment,Other,paid
656,2025-04-07,control,IN,referral
657,2025-05-19,treatment,PK,referral
658,2025-04-25,treatment,US,organic
659,2025-01-14,treatment,GB,organic
660,2025-02-22,control,BR,organic
661,2025-02-01,control,BR,paid
662,2025-05-14,treatment,US,organic
663,2025-01-07,control,BR,partner
664,2025-02-06,treatment,IN,paid
665,2025-04-19,control,GB,organic
666,2025-05-06,treatment,BR,paid
667,2025-04-02,treatment,GB,organic
668,2025-06-05,control,Other,organic
669,2025-06-16,control,BR,organic
670,2025-01-24,treatment,BR,paid
671,2025-06-22,control,Other,referral
672,2025-04-22,control,IN,organic
673,2025-04-26,treatment,US,referral
674,2025-01-18,control,IN,organic
675,2025-04-23,treatment,Other,organic
676,2025-05-12,control,US,paid
677,2025-04-16,control,IN,referral
678,2025-01-16,treatment,US,partner
679,2025-04-05,control,PK,paid
680,2025-06-19,control,IN,paid
681,2025-05-11,treatment,Other,organic
682,2025-01-25,treatment,IN,organic
683,2025-06-23,treatment,US,partner
684,2025-06-23,treatment,BR,paid
685,2025-01-31,control,Other,organic
686,2025-05-25,control,US,organic
687,2025-03-15,treatment,US,organic
688,2025-04-18,treatment,IN,referral
689,2025-03-22,treatment,BR,organic
690,2025-05-22,control,US,partner
691,2025-06-30,control,US,paid
692,2025-05-24,control,GB,referral
693,2025-06-18,treatment,IN,organic
694,2025-06-21,treatment,DE,organic
695,2025-01-17,control,DE,organic
696,2025-02-15,control,PK,organic
697,2025-05-11,control,US,partner
698,2025-04-17,control,IN,referral
699,2025-01-10,treatment,GB,organic
700,2025-01-18,treatment,DE,paid
701,2025-04-05,control,BR,paid
702,2025-04-22,treatment,IN,paid
703,2025-01-31,treatment,Other,organic
704,2025-02-01,control,US,organic
705,2025-01-24,control,US,organic
706,2025-04-13,control,DE,partner
707,2025-01-02,control,BR,organic
708,2025-04-14,treatment,US,paid
709,2025-03-28,treatment,Other,partner
710,2025-03-26,control,PK,organic
711,2025-05-03,control,DE,organic
712,2025-04-05,treatment,DE,organic
713,2025-05-12,control,US,paid
714,2025-05-19,treatment,BR,paid
715,2025-06-16,treatment,BR,organic
716,2025-05-25,treatment,Other,organic
717,2025-04-04,treatment,BR,paid
718,2025-03-31,treatment,US,paid
719,2025-02-12,treatment,US,organic
720,2025-04-19,control,US,referral
721,2025-01-26,control,Other,organic
722,2025-06-18,control,PK,organic
723,2025-06-02,control,PK,organic
724,2025-01-22,control,PK,paid
725,2025-05-23,control,US,paid
726,2025-01-22,control,IN,paid
727,2025-05-11,control,IN,organic
728,2025-01-16,control,US,organic
729,2025-03-30,treatment,DE,organic
730,2025-04-30,treatment,IN,organic
731,2025-05-12,treatment,Other,paid
732,2025-03-17,treatment,US,paid
733,2025-06-16,treatment,Other,organic
734,2025-05-21,treatment,Other,organic
735,2025-02-07,control,Other,organic
736,2025-05-02,treatment,US,paid
737,2025-05-13,control,US,organic
738,2025-03-02,treatment,IN,paid
739,2025-05-14,treatment,GB,organic
740,2025-06-12,control,US,organic
741,2025-05-28,treatment,IN,organic
742,2025-05-19,control,US,organic
743,2025-04-25,control,DE,referral
744,2025-02-18,control,Other,organic
745,2025-05-24,control,DE,organic
746,2025-03-07,control,Other,organic
747,2025-04-07,treatment,DE,organic
748,2025-02-26,treatment,GB,partner
749,2025-02-26,control,US,partner
750,2025-01-29,treatment,GB,organic
751,2025-06-23,control,GB,organic
752,2025-01-27,control,PK,paid
753,2025-01-16,treatment,Other,paid
754,2025-06-19,treatment,US,paid
755,2025-04-11,control,US,organic
756,2025-03-21,control,IN,organic
757,2025-05-14,treatment,DE,organic
758,2025-03-11,treatment,GB,organic
759,2025-01-24,control,US,paid
760,2025-05-13,control,US,referral
761,2025-02-01,control,BR,organic
762,2025-04-11,treatment,US,referral
763,2025-06-21,treatment,IN,organic
764,2025-06-19,treatment,GB,organic
765,2025-03-07,control,DE,paid
766,2025-05-22,treatment,BR,organic
767,2025-04-21,treatment,US,partner
768,2025-03-28,control,Other,partner
769,2025-01-26,treatment,IN,organic
770,2025-03-10,control,Other,organic
771,2025-04-28,control,DE,organic
772,2025-06-28,treatment,DE,partner
773,2025-01-01,control,US,organic
774,2025-05-10,treatment,BR,referral
775,2025-06-03,treatment,BR,organic
776,2025-06-22,control,DE,paid
777,2025-03-18,control,US,organic
778,2025-01-22,treatment,US,referral
779,2025-02-19,control,US,paid
780,2025-06-03,treatment,GB,organic
781,2025-06-08,control,BR,organic
782,2025-04-26,control,Other,paid
783,2025-01-23,treatment,US,paid
784,2025-01-23,control,US,referral
785,2025-03-28,treatment,GB,organic
786,2025-04-17,treatment,US,partner
787,2025-01-06,control,IN,organic
788,2025-05-05,treatment,US,referral
789,2025-04-09,treatment,Other,partner
790,2025-01-03,treatment,Other,paid
791,2025-01-18,control,DE,partner
792,2025-03-24,control,Other,organic
793,2025-05-11,treatment,IN,paid
794,2025-05-30,treatment,Other,organic
795,2025-03-20,treatment,US,organic
796,2025-02-23,treatment,Other,paid
797,2025-06-25,treatment,US,referral
798,2025-03-24,control,GB,partner
799,2025-02-27,treatment,Other,paid
800,2025-03-22,control,GB,referral
801,2025-01-03,control,US,referral
802,2025-02-24,treatment,US,referral
803,2025-04-04,control,US,organic
804,2025-06-16,control,GB,paid
805,2025-05-14,treatment,DE,paid
806,2025-05-22,treatment,BR,referral
807,2025-04-09,treatment,PK,paid
808,2025-01-21,treatment,US,referral
809,2025-03-12,control,PK,partner
810,2025-06-30,treatment,BR,paid
811,2025-01-08,control,IN,referral
812,2025-06-09,control,IN,paid
813,2025-05-04,control,Other,paid
814,2025-02-21,control,US,paid
815,2025-05-21,treatment,BR,partner
816,2025-06-01,control,Other,referral
817,2025-01-08,treatment,IN,referral
818,2025-01-20,control,US,organic
819,2025-05-01,control,IN,paid
820,2025-06-30,treatment,PK,referral
821,2025-01-05,treatment,US,partner
822,2025-05-01,treatment,IN,partner
823,2025-01-25,control,PK,paid
824,2025-04-28,control,BR,paid
825,2025-04-23,treatment,US,organic
826,2025-01-17,treatment,BR,referral
827,2025-05-04,control,BR,organic
828,2025-06-12,treatment,DE,referral
829,2025-06-06,treatment,IN,organic
830,2025-01-06,treatment,DE,partner
831,2025-02-14,control,Other,paid
832,2025-02-13,treatment,PK,organic
833,2025-03-24,control,PK,paid
834,2025-01-26,treatment,BR,paid
835,2025-06-04,control,US,referral
836,2025-05-21,control,IN,paid
837,2025-05-27,control,US,paid
838,2025-02-05,treatment,BR,organic
839,2025-01-03,treatment,US,referral
840,2025-06-14,treatment,BR,partner
841,2025-02-22,treatment,IN,referral
842,2025-04-29,treatment,DE,organic
843,2025-06-14,treatment,DE,referral
844,2025-01-07,control,US,organic
845,2025-01-01,treatment,GB,partner
846,2025-01-01,control,DE,organic
847,2025-01-29,control,Other,organic
848,2025-01-10,control,Other,organic
849,2025-05-29,control,Other,referral
850,2025-04-20,treatment,US,paid
851,2025-06-27,treatment,GB,paid
852,2025-05-26,control,DE,organic
853,2025-06-24,treatment,IN,referral
854,2025-02-13,control,IN,organic
855,2025-02-22,control,PK,organic
856,2025-06-03,control,DE,referral
857,2025-02-14,control,BR,paid
858,2025-01-11,control,Other,paid
859,2025-05-02,control,US,organic
860,2025-05-25,control,PK,paid
861,2025-06-25,control,IN,organic
862,2025-06-17,treatment,US,paid
863,2025-01-22,control,Other,organic
864,2025-05-20,control,Other,paid
865,2025-06-03,treatment,IN,organic
866,2025-05-07,control,US,organic
867,2025-05-29,treatment,US,organic
868,2025-06-01,control,IN,paid
869,2025-03-22,treatment,US,organic
870,2025-01-08,treatment,US,paid
871,2025-03-24,treatment,DE,organic
872,2025-02-06,treatment,US,organic
873,2025-01-21,control,IN,paid
874,2025-01-23,control,BR,organic
875,2025-05-07,control,US,paid
876,2025-04-02,treatment,BR,paid
877,2025-04-08,control,US,referral
878,2025-05-15,control,US,paid
879,2025-04-10,treatment,DE,organic
880,2025-04-25,control,DE,organic
881,2025-01-16,control,GB,organic
882,2025-06-04,treatment,IN,referral
883,2025-03-23,control,GB,organic
884,2025-01-29,treatment,BR,organic
885,2025-05-28,treatment,GB,paid
886,2025-05-13,treatment,IN,paid
887,2025-01-10,control,BR,partner
888,2025-02-04,control,US,organic
889,2025-01-03,treatment,IN,referral
890,2025-02-19,treatment,PK,paid
891,2025-01-19,treatment,US,referral
892,2025-05-09,control,IN,organic
893,2025-04-05,control,PK,organic
894,2025-06-27,control,US,organic
895,2025-05-16,control,Other,referral
896,2025-04-21,control,DE,organic
897,2025-04-03,treatment,IN,organic
898,2025-01-10,control,Other,organic
899,2025-01-13,treatment,Other,referral
900,2025-04-22,treatment,BR,organic
901,2025-01-01,control,IN,organic
902,2025-01-08,treatment,US,paid
903,2025-02-09,treatment,GB,referral
904,2025-06-10,control,Other,referral
905,2025-03-25,control,GB,paid
906,2025-05-09,treatment,PK,organic
907,2025-03-16,treatment,US,organic
908,2025-02-01,treatment,US,organic
909,2025-03-09,treatment,US,organic
910,2025-01-17,control,BR,organic
911,2025-05-20,treatment,US,paid
912,2025-02-03,treatment,GB,organic
913,2025-03-10,treatment,Other,paid
914,2025-06-27,treatment,PK,organic
915,2025-04-18,treatment,IN,partner
916,2025-03-24,treatment,US,referral
917,2025-04-09,control,GB,organic
918,2025-05-22,treatment,IN,organic
919,2025-02-16,control,US,partner
920,2025-04-26,treatment,DE,partner
921,2025-06-07,treatment,Other,organic
922,2025-04-14,treatment,US,organic
923,2025-03-22,control,Other,partner
924,2025-01-27,treatment,US,paid
925,2025-02-14,control,US,paid
926,2025-06-21,control,US,organic
927,2025-04-08,control,Other,referral
928,2025-02-24,treatment,IN,paid
929,2025-03-17,control,IN,paid
930,2025-04-15,treatment,GB,paid
931,2025-04-08,control,Other,organic
932,2025-05-07,treatment,BR,organic
933,2025-02-16,treatment,BR,paid
934,2025-04-28,treatment,IN,paid
935,2025-03-22,treatment,IN,partner
936,2025-06-20,treatment,IN,paid
937,2025-01-29,treatment,US,organic
938,2025-01-27,treatment,Other,organic
939,2025-03-25,control,US,paid
940,2025-04-03,control,Other,organic
941,2025-05-06,treatment,GB,paid
942,2025-03-15,control,US,organic
943,2025-06-15,treatment,GB,organic
944,2025-03-27,treatment,BR,organic
945,2025-01-24,control,GB,paid
946,2025-01-22,treatment,PK,organic
947,2025-06-26,treatment,IN,paid
948,2025-01-25,treatment,US,organic
949,2025-06-21,treatment,BR,partner
950,2025-02-20,treatment,PK,paid
951,2025-01-17,treatment,Other,referral
952,2025-02-25,treatment,GB,referral
953,2025-04-22,control,Other,referral
954,2025-03-19,treatment,US,referral
955,2025-05-23,treatment,IN,organic
956,2025-04-21,control,PK,organic
957,2025-03-14,control,DE,paid
958,2025-04-25,treatment,US,paid
959,2025-06-25,control,IN,paid
960,2025-03-16,treatment,GB,paid
961,2025-01-28,control,US,organic
962,2025-03-15,control,US,organic
963,2025-06-02,treatment,IN,paid
964,2025-02-09,control,US,paid
965,2025-06-21,control,DE,referral
966,2025-04-17,treatment,Other,paid
967,2025-04-19,treatment,IN,organic
968,2025-02-27,control,BR,organic
969,2025-06-16,treatment,BR,organic
970,2025-01-07,treatment,US,organic
971,2025-02-24,treatment,DE,referral
972,2025-03-17,control,US,paid
973,2025-03-28,control,US,referral
974,2025-03-27,treatment,US,paid
975,2025-01-27,treatment,IN,organic
976,2025-02-10,control,US,paid
977,2025-01-18,treatment,US,organic
978,2025-04-14,control,Other,organic
979,2025-03-05,treatment,US,paid
980,2025-04-13,treatment,IN,organic
981,2025-04-17,treatment,DE,organic
982,2025-05-08,treatment,BR,paid
983,2025-04-10,control,US,paid
984,2025-04-28,treatment,US,organic
985,2025-04-17,control,PK,paid
986,2025-04-29,treatment,DE,organic
987,2025-04-22,treatment,US,paid
988,2025-02-27,control,GB,paid
989,2025-02-14,control,BR,paid
990,2025-05-23,control,US,paid
991,2025-03-04,control,BR,organic
992,2025-04-10,control,BR,organic
993,2025-02-05,treatment,IN,paid
994,2025-03-20,treatment,PK,organic
995,2025-04-06,treatment,DE,organic
996,2025-04-24,treatment,Other,paid
997,2025-04-06,treatment,DE,organic
998,2025-03-07,control,DE,paid
999,2025-06-24,treatment,IN,paid
1000,2025-04-03,treatment,IN,referral
1001,2025-05-27,treatment,US,referral
1002,2025-05-14,treatment,Other,paid
1003,2025-04-12,treatment,Other,referral
1004,2025-06-10,treatment,GB,paid
1005,2025-01-24,treatment,BR,paid
1006,2025-06-16,control,IN,referral
1007,2025-06-03,treatment,Other,referral
1008,2025-04-02,control,BR,referral
1009,2025-05-13,control,US,partner
1010,2025-04-05,treatment,IN,paid
1011,2025-02-18,control,US,partner
1012,2025-05-25,treatment,IN,organic
1013,2025-02-14,control,BR,organic
1014,2025-02-26,treatment,IN,organic
1015,2025-04-04,control,US,paid
1016,2025-06-01,treatment,DE,organic
1017,2025-03-11,control,IN,organic
1018,2025-03-31,control,GB,organic
1019,2025-01-08,control,US,paid
1020,2025-01-21,treatment,US,organic
1021,2025-01-11,treatment,Other,paid
1022,2025-01-14,treatment,DE,paid
1023,2025-06-07,control,IN,referral
1024,2025-06-02,control,BR,paid
1025,2025-05-29,control,PK,organic
1026,2025-01-11,treatment,BR,partner
1027,2025-01-15,treatment,US,referral
1028,2025-02-20,control,US,organic
1029,2025-04-13,treatment,US,organic
1030,2025-03-02,treatment,PK,paid
1031,2025-03-30,control,IN,referral
1032,2025-02-01,control,IN,referral
1033,2025-05-13,control,IN,referral
1034,2025-02-26,control,PK,partner
1035,2025-01-13,control,Other,paid
1036,2025-05-15,treatment,IN,organic
1037,2025-06-13,control,US,organic
1038,2025-01-03,treatment,US,organic
1039,2025-03-21,treatment,BR,organic
1040,2025-05-30,treatment,IN,organic
1041,2025-05-08,treatment,BR,paid
1042,2025-06-05,control,GB,referral
1043,2025-03-17,control,IN,organic
1044,2025-03-09,control,DE,referral
1045,2025-05-09,treatment,GB,partner
1046,2025-01-28,treatment,PK,organic
1047,2025-02-13,control,BR,organic
1048,2025-04-19,control,GB,paid
1049,2025-05-01,treatment,GB,referral
1050,2025-01-22,control,BR,paid
1051,2025-04-03,treatment,DE,organic
1052,2025-03-08,control,US,paid
1053,2025-04-01,control,IN,referral
1054,2025-06-23,control,IN,organic
1055,2025-01-14,control,US,paid
1056,2025-06-30,control,BR,paid
1057,2025-03-23,treatment,BR,organic
1058,2025-05-20,control,GB,partner
1059,2025-03-18,treatment,GB,organic
1060,2025-02-26,control,GB,referral
1061,2025-05-20,control,DE,paid
1062,2025-05-05,control,PK,organic
1063,2025-01-27,control,DE,paid
1064,2025-05-08,control,Other,organic
1065,2025-05-17,control,GB,organic
1066,2025-03-12,treatment,IN,organic
1067,2025-06-17,treatment,BR,referral
1068,2025-04-27,treatment,IN,partner
1069,2025-03-02,control,Other,organic
1070,2025-01-02,treatment,BR,paid
1071,2025-05-03,treatment,DE,partner
1072,2025-02-07,control,Other,paid
1073,2025-05-17,control,Other,organic
1074,2025-04-06,treatment,Other,organic
1075,2025-03-26,treatment,US,organic
1076,2025-01-30,control,US,organic
1077,2025-05-09,control,DE,paid
1078,2025-01-31,treatment,IN,paid
1079,2025-03-17,control,US,paid
1080,2025-06-01,treatment,GB,organic
1081,2025-06-16,treatment,BR,paid
1082,2025-06-29,treatment,US,paid
1083,2025-06-23,treatment,IN,referral
1084,2025-04-11,control,US,organic
1085,2025-02-06,treatment,PK,organic
1086,2025-06-01,treatment,GB,organic
1087,2025-05-26,treatment,BR,organic
1088,2025-06-29,control,BR,paid
1089,2025-04-28,control,GB,paid
1090,2025-01-26,control,DE,organic
1091,2025-04-02,control,PK,paid
1092,2025-03-23,treatment,BR,paid
1093,2025-06-02,treatment,US,paid
1094,2025-03-13,treatment,IN,referral
1095,2025-03-01,treatment,US,referral
1096,2025-01-15,control,DE,paid
1097,2025-06-01,control,DE,organic
1098,2025-05-17,control,DE,referral
1099,2025-01-08,control,US,organic
1100,2025-03-20,control,US,paid
1101,2025-03-28,control,US,partner
1102,2025-03-26,control,DE,organic
1103,2025-06-16,treatment,IN,organic
1104,2025-01-28,control,IN,organic
1105,2025-02-25,control,US,partner
1106,2025-02-02,control,US,organic
1107,2025-02-14,treatment,IN,referral
1108,2025-06-14,treatment,BR,organic
1109,2025-06-20,control,PK,organic
1110,2025-01-09,control,US,organic
1111,2025-04-25,treatment,US,referral
1112,2025-02-12,treatment,GB,organic
1113,2025-02-04,treatment,IN,partner
1114,2025-02-22,treatment,DE,paid
1115,2025-02-05,treatment,US,partner
1116,2025-03-30,treatment,US,organic
1117,2025-06-30,control,IN,paid
1118,2025-04-17,treatment,GB,organic
1119,2025-05-11,control,IN,paid
1120,2025-03-31,treatment,GB,paid
1121,2025-01-03,control,GB,organic
1122,2025-01-16,control,US,partner
1123,2025-02-18,treatment,Other,organic
1124,2025-02-14,treatment,US,organic
1125,2025-06-02,control,US,paid
1126,2025-06-02,treatment,PK,paid
1127,2025-06-04,control,US,organic
1128,2025-04-26,control,GB,partner
1129,2025-04-11,treatment,US,organic
1130,2025-04-28,control,IN,paid
1131,2025-03-15,control,DE,organic
1132,2025-05-02,treatment,PK,organic
1133,2025-05-24,control,IN,paid
1134,2025-05-19,control,BR,referral
1135,2025-04-22,control,US,paid
1136,2025-01-11,treatment,PK,organic
1137,2025-05-12,control,Other,organic
1138,2025-03-08,control,PK,partner
1139,2025-05-15,treatment,US,organic
1140,2025-04-08,control,IN,paid
1141,2025-06-09,control,IN,organic
1142,2025-03-03,treatment,Other,organic
1143,2025-06-18,treatment,US,organic
1144,2025-06-02,control,PK,organic
1145,2025-03-01,treatment,IN,paid
1146,2025-03-29,treatment,Other,organic
1147,2025-04-07,control,IN,referral
1148,2025-05-20,treatment,Other,organic
1149,2025-05-05,treatment,GB,organic
1150,2025-06-04,treatment,US,organic
1151,2025-03-08,treatment,GB,organic
1152,2025-04-02,treatment,PK,organic
1153,2025-03-19,treatment,US,organic
1154,2025-06-14,treatment,IN,organic
1155,2025-02-25,treatment,Other,organic
1156,2025-04-17,treatment,Other,organic
1157,2025-01-22,treatment,IN,organic
1158,2025-06-03,treatment,PK,organic
1159,2025-03-11,control,US,organic
1160,2025-03-03,control,DE,organic
1161,2025-04-16,treatment,BR,paid
1162,2025-04-01,control,PK,organic
1163,2025-06-03,treatment,GB,partner
1164,2025-04-07,treatment,US,organic
1165,2025-04-04,treatment,IN,organic
1166,2025-01-20,control,DE,referral
1167,2025-01-04,treatment,PK,organic
1168,2025-03-14,control,DE,organic
1169,2025-06-30,treatment,PK,referral
1170,2025-06-16,control,BR,paid
1171,2025-04-24,treatment,PK,paid
1172,2025-04-25,treatment,IN,organic
1173,2025-03-12,treatment,US,organic
1174,2025-02-02,treatment,GB,organic
1175,2025-01-02,control,Other,referral
1176,2025-03-03,control,US,organic
1177,2025-02-27,control,IN,paid
1178,2025-02-04,treatment,US,partner
1179,2025-02-16,treatment,IN,partner
1180,2025-01-05,control,US,organic
1181,2025-04-21,control,BR,paid
1182,2025-06-17,control,BR,paid
1183,2025-05-06,treatment,US,referral
1184,2025-03-23,control,DE,partner
1185,2025-03-18,control,Other,paid
1186,2025-02-25,control,IN,paid
1187,2025-01-26,control,Other,organic
1188,2025-04-19,control,PK,paid
1189,2025-04-13,control,IN,paid
1190,2025-01-02,treatment,BR,paid
1191,2025-03-17,treatment,Other,paid
1192,2025-02-20,control,BR,organic
1193,2025-01-31,treatment,DE,paid
1194,2025-05-08,control,PK,partner
1195,2025-04-06,treatment,Other,organic
1196,2025-04-25,treatment,DE,referral
1197,2025-05-10,control,US,paid
1198,2025-06-27,treatment,IN,organic
1199,2025-05-26,treatment,IN,organic
1200,2025-04-23,treatment,GB,paid
1201,2025-06-09,control,IN,referral
1202,2025-03-28,control,BR,organic
1203,2025-06-28,control,GB,partner
1204,2025-05-18,treatment,IN,referral
1205,2025-04-28,treatment,GB,organic
1206,2025-06-13,control,PK,organic
1207,2025-04-04,treatment,US,organic
1208,2025-05-11,control,PK,organic
1209,2025-02-21,control,GB,organic
1210,2025-06-24,treatment,Other,organic
1211,2025-04-23,treatment,IN,partner
1212,2025-05-22,treatment,US,paid
1213,2025-03-25,treatment,Other,referral
1214,2025-06-06,treatment,DE,paid
1215,2025-01-14,treatment,BR,paid
1216,2025-01-21,control,Other,referral
1217,2025-04-02,treatment,Other,organic
1218,2025-05-13,treatment,IN,paid
1219,2025-05-27,control,Other,referral
1220,2025-03-21,control,GB,partner
1221,2025-04-28,control,US,organic
1222,2025-04-11,control,US,referral
1223,2025-06-24,treatment,GB,paid
1224,2025-04-29,control,IN,organic
1225,2025-03-17,treatment,GB,organic
1226,2025-06-25,control,BR,paid
1227,2025-01-20,control,US,organic
1228,2025-06-28,control,GB,organic
1229,2025-01-28,control,IN,organic
1230,2025-02-22,treatment,US,referral
1231,2025-05-29,control,IN,referral
1232,2025-05-13,control,IN,referral
1233,2025-06-25,control,BR,paid
1234,2025-05-16,control,Other,partner
1235,2025-04-26,treatment,Other,paid
1236,2025-03-04,treatment,US,paid
1237,2025-01-01,control,IN,paid
1238,2025-01-23,treatment,US,organic
1239,2025-02-23,control,DE,paid
1240,2025-01-08,treatment,IN,organic
1241,2025-04-02,treatment,IN,partner
1242,2025-05-21,control,PK,organic
1243,2025-06-24,treatment,IN,organic
1244,2025-03-30,treatment,IN,organic
1245,2025-06-08,control,BR,organic
1246,2025-06-28,treatment,US,partner
1247,2025-06-05,treatment,US,paid
1248,2025-03-26,control,BR,organic
1249,2025-02-28,treatment,IN,paid
1250,2025-06-27,treatment,US,paid
1251,2025-02-13,treatment,DE,organic
1252,2025-03-16,treatment,US,organic
1253,2025-01-14,treatment,BR,organic
1254,2025-05-24,treatment,GB,paid
1255,2025-04-28,treatment,US,referral
1256,2025-01-16,control,US,organic
1257,2025-02-10,control,GB,paid
1258,2025-04-11,treatment,BR,paid
1259,2025-04-08,treatment,Other,organic
1260,2025-05-26,control,US,paid
1261,2025-02-18,treatment,BR,organic
1262,2025-06-17,treatment,BR,organic
1263,2025-03-22,treatment,IN,organic
1264,2025-05-29,control,GB,organic
1265,2025-02-13,treatment,US,paid
1266,2025-01-07,control,Other,referral
1267,2025-01-10,control,Other,organic
1268,2025-03-09,treatment,DE,partner
1269,2025-06-22,treatment,BR,organic
1270,2025-01-09,control,US,organic
1271,2025-03-08,treatment,US,paid
1272,2025-01-20,treatment,US,paid
1273,2025-06-18,control,IN,partner
1274,2025-05-03,control,US,organic
1275,2025-05-19,treatment,US,organic
1276,2025-05-10,treatment,US,paid
1277,2025-04-29,control,US,paid
1278,2025-05-21,treatment,DE,referral
1279,2025-01-02,treatment,BR,referral
1280,2025-06-06,treatment,BR,organic
1281,2025-05-14,treatment,DE,referral
1282,2025-05-14,control,DE,paid
1283,2025-03-13,control,IN,paid
1284,2025-05-25,control,GB,organic
1285,2025-03-11,treatment,US,partner
1286,2025-01-09,treatment,Other,paid
1287,2025-06-14,treatment,IN,organic
1288,2025-02-12,control,DE,organic
1289,2025-01-19,treatment,US,paid
1290,2025-04-23,control,US,partner
1291,2025-02-12,control,US,paid
1292,2025-06-05,control,Other,referral
1293,2025-03-22,treatment,BR,organic
1294,2025-01-01,control,US,organic
1295,2025-06-22,treatment,US,paid
1296,2025-04-04,treatment,US,organic
1297,2025-02-17,treatment,US,organic
1298,2025-05-03,control,BR,paid
1299,2025-04-07,treatment,GB,organic
1300,2025-01-06,treatment,Other,organic
1301,2025-05-18,control,IN,organic
1302,2025-03-14,treatment,Other,organic
1303,2025-05-07,treatment,Other,organic
1304,2025-06-12,control,Other,organic
1305,2025-04-21,treatment,Other,partner
1306,2025-05-02,control,GB,paid
1307,2025-02-16,control,US,paid
1308,2025-02-13,treatment,US,organic
1309,2025-03-17,control,IN,organic
1310,2025-06-04,control,IN,referral
1311,2025-04-05,control,US,paid
1312,2025-03-04,control,PK,referral
1313,2025-05-22,control,PK,organic
1314,2025-06-04,treatment,IN,paid
1315,2025-06-13,control,DE,paid
1316,2025-02-24,control,US,organic
1317,2025-05-09,treatment,BR,referral
1318,2025-04-17,treatment,US,organic
1319,2025-03-23,control,IN,paid
1320,2025-03-13,control,GB,organic
1321,2025-01-21,control,US,paid
1322,2025-02-19,control,DE,referral
1323,2025-04-10,control,BR,organic
1324,2025-06-10,treatment,GB,partner
1325,2025-06-06,treatment,Other,organic
1326,2025-02-03,control,US,referral
1327,2025-05-03,treatment,Other,paid
1328,2025-01-16,control,US,partner
1329,2025-05-03,control,US,paid
1330,2025-03-03,control,Other,paid
1331,2025-03-23,control,IN,organic
1332,2025-05-10,treatment,IN,referral
1333,2025-03-18,control,IN,referral
1334,2025-05-27,treatment,DE,paid
1335,2025-04-07,control,PK,paid
1336,2025-06-30,treatment,US,paid
1337,2025-04-26,treatment,PK,organic
1338,2025-02-23,control,Other,organic
1339,2025-05-21,control,Other,paid
1340,2025-03-15,treatment,IN,paid
1341,2025-04-07,treatment,IN,paid
1342,2025-01-25,control,BR,paid
1343,2025-01-22,treatment,GB,organic
1344,2025-04-15,control,Other,organic
1345,2025-02-03,control,IN,organic
1346,2025-06-30,treatment,DE,organic
1347,2025-06-04,control,PK,paid
1348,2025-05-07,control,US,referral
1349,2025-05-13,control,PK,partner
1350,2025-04-18,control,PK,organic
1351,2025-01-11,control,US,referral
1352,2025-03-13,control,US,paid
1353,2025-03-31,treatment,IN,organic
1354,2025-06-15,treatment,US,paid
1355,2025-02-09,control,Other,partner
1356,2025-03-31,control,US,organic
1357,2025-03-04,treatment,US,paid
1358,2025-01-25,control,US,organic
1359,2025-01-19,control,PK,organic
1360,2025-03-08,treatment,BR,organic
1361,2025-01-15,control,PK,organic
1362,2025-01-13,treatment,Other,paid
1363,2025-03-05,treatment,IN,organic
1364,2025-02-06,treatment,US,paid
1365,2025-04-11,control,US,referral
1366,2025-01-04,control,Other,referral
1367,2025-02-24,control,US,organic
1368,2025-03-24,treatment,Other,organic
1369,2025-06-24,treatment,Other,organic
1370,2025-04-25,treatment,IN,organic
1371,2025-06-09,control,IN,organic
1372,2025-03-04,treatment,Other,paid
1373,2025-03-23,treatment,IN,paid
1374,2025-03-18,treatment,IN,organic
1375,2025-06-10,treatment,DE,organic
1376,2025-06-23,control,DE,referral
1377,2025-06-24,control,GB,partner
1378,2025-05-17,treatment,Other,paid
1379,2025-04-02,control,IN,paid
1380,2025-04-08,control,PK,paid
1381,2025-06-27,control,US,organic
1382,2025-02-21,control,Other,referral
1383,2025-03-04,treatment,DE,organic
1384,2025-06-12,control,IN,paid
1385,2025-03-11,control,US,organic
1386,2025-02-12,treatment,Other,paid
1387,2025-04-12,treatment,IN,referral
1388,2025-02-28,control,DE,paid
1389,2025-06-11,control,GB,organic
1390,2025-06-14,control,GB,paid
1391,2025-02-25,control,GB,paid
1392,2025-04-06,control,US,paid
1393,2025-06-28,control,DE,paid
1394,2025-05-15,treatment,DE,paid
1395,2025-02-09,treatment,DE,paid
1396,2025-04-17,treatment,IN,organic
1397,2025-04-23,control,DE,paid
1398,2025-04-29,control,US,organic
1399,2025-01-05,treatment,Other,paid
1400,2025-02-24,treatment,DE,organic
1401,2025-06-04,treatment,IN,referral
1402,2025-02-13,control,Other,organic
1403,2025-02-24,control,IN,paid
1404,2025-02-28,treatment,BR,organic
1405,2025-02-02,treatment,BR,referral
1406,2025-01-29,control,PK,organic
1407,2025-03-04,treatment,PK,paid
1408,2025-06-08,treatment,US,organic
1409,2025-01-01,treatment,IN,referral
1410,2025-02-21,control,Other,organic
1411,2025-01-11,treatment,PK,paid
1412,2025-04-12,treatment,US,organic
1413,2025-02-15,control,DE,organic
1414,2025-05-24,treatment,BR,organic
1415,2025-04-16,treatment,US,paid
1416,2025-05-22,treatment,IN,organic
1417,2025-04-25,control,DE,partner
1418,2025-03-21,treatment,GB,organic
1419,2025-06-05,control,GB,paid
1420,2025-03-28,control,Other,organic
1421,2025-06-21,control,Other,organic
1422,2025-06-30,control,PK,referral
1423,2025-04-17,control,Other,referral
1424,2025-05-03,control,Other,paid
1425,2025-02-16,treatment,DE,referral
1426,2025-05-28,control,US,organic
1427,2025-05-02,treatment,PK,partner
1428,2025-06-13,control,IN,paid
1429,2025-02-18,treatment,GB,referral
1430,2025-05-23,treatment,Other,paid
1431,2025-03-27,treatment,GB,organic
1432,2025-02-03,treatment,Other,paid
1433,2025-01-31,treatment,BR,partner
1434,2025-04-12,control,US,organic
1435,2025-02-27,control,Other,organic
1436,2025-01-19,control,IN,paid
1437,2025-03-19,control,IN,organic
1438,2025-04-29,control,IN,organic
1439,2025-02-27,control,US,paid
1440,2025-06-22,treatment,US,partner
1441,2025-05-22,treatment,US,paid
1442,2025-04-03,treatment,US,partner
1443,2025-06-19,treatment,GB,organic
1444,2025-03-20,control,BR,organic
1445,2025-01-26,control,US,organic
1446,2025-01-07,treatment,BR,organic
1447,2025-06-19,treatment,US,paid
1448,2025-06-23,control,US,organic
1449,2025-05-14,control,Other,organic
1450,2025-01-19,control,Other,paid
1451,2025-02-23,control,PK,paid
1452,2025-01-08,control,US,paid
1453,2025-01-10,control,IN,paid
1454,2025-02-14,treatment,US,partner
1455,2025-04-14,treatment,BR,paid
1456,2025-01-12,treatment,Other,partner
1457,2025-06-28,treatment,GB,partner
1458,2025-03-24,treatment,Other,referral
1459,2025-02-17,control,IN,organic
1460,2025-04-04,treatment,GB,paid
1461,2025-05-24,control,US,organic
1462,2025-02-26,treatment,PK,organic
1463,2025-01-09,control,DE,paid
1464,2025-01-10,treatment,US,organic
1465,2025-06-04,treatment,US,paid
1466,2025-01-21,control,Other,referral
1467,2025-04-26,control,US,organic
1468,2025-03-11,control,Other,partner
1469,2025-05-21,treatment,IN,referral
1470,2025-01-11,treatment,GB,referral
1471,2025-06-12,control,GB,organic
1472,2025-05-07,treatment,IN,partner
1473,2025-03-23,control,DE,organic
1474,2025-02-07,control,US,referral
1475,2025-06-26,control,US,organic
1476,2025-02-24,treatment,Other,organic
1477,2025-03-30,control,IN,organic
1478,2025-03-13,control,BR,paid
1479,2025-02-11,control,US,referral
1480,2025-03-17,treatment,DE,paid
1481,2025-01-28,treatment,PK,paid
1482,2025-01-01,treatment,US,organic
1483,2025-02-22,treatment,Other,partner
1484,2025-01-21,treatment,Other,organic
1485,2025-03-17,control,GB,partner
1486,2025-06-06,treatment,Other,referral
1487,2025-01-30,control,IN,organic
1488,2025-01-01,control,IN,organic
1489,2025-01-21,control,US,paid
1490,2025-04-02,control,Other,partner
1491,2025-02-19,treatment,DE,paid
1492,2025-03-30,treatment,PK,referral
1493,2025-01-06,treatment,GB,partner
1494,2025-03-02,control,GB,organic
1495,2025-03-16,treatment,Other,paid
1496,2025-03-20,treatment,DE,paid
1497,2025-04-10,control,US,organic
1498,2025-05-22,treatment,PK,referral
1499,2025-03-26,treatment,US,organic
1500,2025-06-02,control,Other,paid
1501,2025-04-06,treatment,Other,paid
1502,2025-02-17,treatment,US,referral
1503,2025-02-11,control,BR,paid
1504,2025-02-28,control,Other,paid
1505,2025-04-19,treatment,Other,organic
1506,2025-02-13,treatment,BR,referral
1507,2025-06-15,treatment,IN,organic
1508,2025-03-28,treatment,IN,paid
1509,2025-06-06,treatment,US,referral
1510,2025-05-04,treatment,IN,paid
1511,2025-03-02,treatment,GB,organic
1512,2025-02-11,treatment,GB,organic
1513,2025-05-15,control,DE,paid
1514,2025-03-01,treatment,Other,organic
1515,2025-02-14,treatment,US,organic
1516,2025-06-18,treatment,US,organic
1517,2025-03-29,treatment,US,organic
1518,2025-01-09,treatment,US,paid
1519,2025-03-31,control,Other,paid
1520,2025-03-25,control,DE,paid
1521,2025-06-06,control,US,paid
1522,2025-05-09,control,Other,organic
1523,2025-02-04,control,US,partner
1524,2025-01-28,control,DE,paid
1525,2025-04-20,control,PK,referral
1526,2025-01-09,control,IN,paid
1527,2025-02-27,treatment,US,organic
1528,2025-01-26,treatment,IN,paid
1529,2025-01-04,control,IN,organic
1530,2025-06-16,control,IN,partner
1531,2025-01-17,control,US,paid
1532,2025-01-02,control,PK,organic
1533,2025-06-18,control,BR,organic
1534,2025-02-04,control,IN,paid
1535,2025-05-28,control,Other,organic
1536,2025-01-06,treatment,Other,organic
1537,2025-01-28,treatment,PK,partner
1538,2025-01-21,treatment,GB,organic
1539,2025-05-08,control,US,organic
1540,2025-04-23,control,BR,organic
1541,2025-03-28,treatment,US,paid
1542,2025-02-13,control,IN,paid
1543,2025-01-17,treatment,IN,paid
1544,2025-04-14,treatment,BR,partner
1545,2025-02-11,treatment,US,organic
1546,2025-04-17,control,Other,organic
1547,2025-05-05,treatment,BR,organic
1548,2025-06-03,control,BR,organic
1549,2025-03-31,control,BR,organic
1550,2025-01-01,control,US,organic
1551,2025-02-20,treatment,IN,referral
1552,2025-06-04,treatment,US,organic
1553,2025-04-07,control,BR,partner
1554,2025-04-23,control,US,partner
1555,2025-03-24,treatment,US,paid
1556,2025-01-30,treatment,US,referral
1557,2025-06-12,control,US,paid
1558,2025-05-20,control,Other,organic
1559,2025-06-30,treatment,PK,paid
1560,2025-06-04,treatment,US,organic
1561,2025-02-22,treatment,US,paid
1562,2025-02-16,control,PK,referral
1563,2025-02-14,control,US,paid
1564,2025-06-16,control,DE,organic
1565,2025-04-11,control,US,paid
1566,2025-03-24,treatment,BR,partner
1567,2025-06-25,control,Other,organic
1568,2025-04-20,treatment,US,organic
1569,2025-06-14,treatment,Other,organic
1570,2025-06-28,treatment,Other,partner
1571,2025-01-15,treatment,Other,paid
1572,2025-03-07,treatment,IN,organic
1573,2025-05-13,control,Other,paid
1574,2025-05-28,control,BR,paid
1575,2025-01-27,control,Other,organic
1576,2025-02-27,treatment,US,referral
1577,2025-04-10,treatment,IN,paid
1578,2025-05-25,control,IN,organic
1579,2025-01-21,control,US,partner
1580,2025-04-19,control,GB,organic
1581,2025-02-23,control,US,organic
1582,2025-02-09,treatment,DE,organic
1583,2025-04-04,control,US,organic
1584,2025-03-16,treatment,US,paid
1585,2025-04-26,treatment,GB,organic
1586,2025-02-27,control,BR,organic
1587,2025-05-30,control,US,partner
1588,2025-01-15,treatment,US,organic
1589,2025-06-06,treatment,GB,organic
1590,2025-01-06,control,DE,organic
1591,2025-05-14,control,US,referral
1592,2025-03-04,treatment,Other,organic
1593,2025-03-11,treatment,GB,organic
1594,2025-01-04,treatment,GB,referral
1595,2025-05-08,treatment,BR,organic
1596,2025-01-30,treatment,Other,referral
1597,2025-04-30,control,DE,paid
1598,2025-05-12,treatment,US,referral
1599,2025-06-02,control,BR,organic
1600,2025-05-09,treatment,DE,partner
1601,2025-02-24,treatment,DE,organic
1602,2025-05-14,treatment,Other,organic
1603,2025-05-30,treatment,Other,referral
1604,2025-02-27,treatment,BR,organic
1605,2025-01-23,treatment,US,organic
1606,2025-06-11,treatment,BR,paid
1607,2025-01-27,treatment,Other,organic
1608,2025-04-18,control,Other,organic
1609,2025-02-12,control,US,paid
1610,2025-01-23,treatment,US,organic
1611,2025-05-21,treatment,US,paid
1612,2025-01-27,treatment,PK,paid
1613,2025-05-02,treatment,DE,organic
1614,2025-05-06,control,GB,organic
1615,2025-01-11,control,GB,organic
1616,2025-02-01,treatment,US,organic
1617,2025-05-24,control,Other,organic
1618,2025-04-02,treatment,DE,paid
1619,2025-01-22,treatment,US,organic
1620,2025-06-29,treatment,IN,paid
1621,2025-02-17,control,IN,organic
1622,2025-01-01,treatment,IN,organic
1623,2025-06-17,control,PK,organic
1624,2025-01-04,control,US,organic
1625,2025-04-11,control,US,paid
1626,2025-06-29,control,US,paid
1627,2025-04-15,treatment,IN,partner
1628,2025-04-16,treatment,Other,organic
1629,2025-03-12,control,GB,organic
1630,2025-01-23,treatment,PK,referral
1631,2025-04-14,treatment,IN,paid
1632,2025-06-12,treatment,Other,organic
1633,2025-01-17,treatment,DE,organic
1634,2025-06-09,treatment,US,paid
1635,2025-03-17,control,IN,organic
1636,2025-04-08,control,PK,paid
1637,2025-01-30,control,IN,organic
1638,2025-04-23,treatment,Other,partner
1639,2025-02-03,treatment,GB,paid
1640,2025-02-19,control,IN,referral
1641,2025-05-11,control,US,organic
1642,2025-01-10,treatment,DE,paid
1643,2025-03-22,control,US,referral
1644,2025-04-18,treatment,US,organic
1645,2025-01-24,treatment,US,paid
1646,2025-02-23,control,IN,organic
1647,2025-03-04,control,Other,paid
1648,2025-05-01,control,GB,referral
1649,2025-06-26,control,DE,paid
1650,2025-06-01,treatment,US,referral
1651,2025-02-04,treatment,DE,organic
1652,2025-01-04,control,GB,referral
1653,2025-01-10,treatment,BR,paid
1654,2025-04-18,control,Other,organic
1655,2025-01-29,control,BR,referral
1656,2025-02-11,treatment,IN,organic
1657,2025-06-03,treatment,IN,organic
1658,2025-06-08,treatment,US,referral
1659,2025-06-01,control,GB,organic
1660,2025-02-15,treatment,US,organic
1661,2025-04-23,control,DE,organic
1662,2025-04-21,treatment,Other,referral
1663,2025-02-03,treatment,DE,organic
1664,2025-04-11,treatment,DE,organic
1665,2025-04-06,control,US,organic
1666,2025-03-13,control,GB,organic
1667,2025-05-17,treatment,Other,organic
1668,2025-05-03,control,GB,referral
1669,2025-04-07,treatment,IN,referral
1670,2025-05-12,treatment,US,referral
1671,2025-05-19,treatment,US,paid
1672,2025-04-13,control,GB,organic
1673,2025-02-18,treatment,Other,organic
1674,2025-05-18,control,US,paid
1675,2025-05-10,control,IN,organic
1676,2025-06-27,treatment,US,paid
1677,2025-01-28,control,IN,organic
1678,2025-03-17,treatment,BR,paid
1679,2025-06-17,treatment,IN,organic
1680,2025-04-04,treatment,GB,paid
1681,2025-06-20,treatment,US,partner
1682,2025-01-03,treatment,Other,organic
1683,2025-01-07,control,BR,organic
1684,2025-05-25,treatment,US,organic
1685,2025-03-06,control,DE,organic
1686,2025-04-05,treatment,US,paid
1687,2025-03-19,control,DE,partner
1688,2025-03-15,treatment,DE,referral
1689,2025-06-20,control,US,paid
1690,2025-01-18,control,DE,paid
1691,2025-05-20,control,IN,organic
1692,2025-06-11,control,Other,partner
1693,2025-04-29,control,IN,paid
1694,2025-03-13,control,BR,organic
1695,2025-01-29,control,IN,partner
1696,2025-05-04,treatment,US,paid
1697,2025-03-26,control,IN,organic
1698,2025-01-28,treatment,US,paid
1699,2025-03-07,control,US,organic
1700,2025-06-24,treatment,IN,organic
1701,2025-02-18,control,US,organic
1702,2025-02-02,treatment,IN,paid
1703,2025-05-04,treatment,IN,organic
1704,2025-02-06,treatment,US,organic
1705,2025-06-16,control,GB,organic
1706,2025-06-05,treatment,IN,organic
1707,2025-06-28,control,IN,paid
1708,2025-06-15,control,PK,paid
1709,2025-02-14,control,GB,organic
1710,2025-02-08,treatment,PK,organic
1711,2025-03-04,control,GB,organic
1712,2025-03-27,treatment,US,paid
1713,2025-06-09,control,IN,referral
1714,2025-05-13,control,US,organic
1715,2025-04-27,control,US,organic
1716,2025-06-08,control,US,organic
1717,2025-04-27,treatment,PK,paid
1718,2025-03-10,treatment,Other,organic
1719,2025-03-16,treatment,Other,paid
1720,2025-04-04,control,GB,paid
1721,2025-01-17,control,DE,organic
1722,2025-05-15,treatment,PK,organic
1723,2025-04-29,control,GB,partner
1724,2025-05-13,control,GB,organic
1725,2025-04-07,treatment,US,paid
1726,2025-05-22,control,BR,paid
1727,2025-06-21,control,IN,organic
1728,2025-04-14,control,GB,referral
1729,2025-03-22,treatment,US,organic
1730,2025-01-19,control,IN,organic
1731,2025-05-21,treatment,IN,paid
1732,2025-06-13,control,US,partner
1733,2025-05-07,control,GB,organic
1734,2025-06-06,control,Other,paid
1735,2025-06-05,treatment,IN,organic
1736,2025-05-25,control,BR,paid
1737,2025-04-02,treatment,IN,organic
1738,2025-01-19,control,Other,organic
1739,2025-01-01,control,GB,partner
1740,2025-02-06,control,GB,paid
1741,2025-03-20,treatment,GB,organic
1742,2025-05-15,control,PK,partner
1743,2025-03-24,treatment,US,organic
1744,2025-01-05,treatment,US,paid
1745,2025-02-08,treatment,US,paid
1746,2025-06-27,treatment,IN,referral
1747,2025-06-28,treatment,IN,organic
1748,2025-03-10,treatment,GB,paid
1749,2025-05-26,control,US,paid
1750,2025-05-11,treatment,IN,organic
1751,2025-06-18,treatment,US,partner
1752,2025-06-10,control,IN,organic
1753,2025-04-24,treatment,US,organic
1754,2025-03-13,treatment,Other,paid
1755,2025-04-24,control,DE,organic
1756,2025-02-27,treatment,IN,referral
1757,2025-03-05,control,US,organic
1758,2025-04-21,control,US,organic
1759,2025-04-14,control,IN,paid
1760,2025-04-16,treatment,BR,referral
1761,2025-03-11,control,IN,paid
1762,2025-03-16,treatment,BR,organic
1763,2025-01-02,control,BR,organic
1764,2025-04-19,control,Other,referral
1765,2025-04-15,treatment,DE,partner
1766,2025-06-19,control,Other,paid
1767,2025-04-02,treatment,GB,paid
1768,2025-03-26,control,GB,organic
1769,2025-01-13,treatment,IN,paid
1770,2025-02-05,treatment,US,organic
1771,2025-03-03,control,US,organic
1772,2025-03-10,control,US,organic
1773,2025-03-07,control,BR,paid
1774,2025-03-13,treatment,IN,paid
1775,2025-05-20,treatment,US,organic
1776,2025-01-24,control,US,referral
1777,2025-03-02,control,GB,organic
1778,2025-01-30,treatment,GB,paid
1779,2025-02-25,control,US,referral
1780,2025-05-04,treatment,US,referral
1781,2025-01-09,treatment,PK,referral
1782,2025-03-03,control,IN,referral
1783,2025-01-05,treatment,GB,paid
1784,2025-06-22,control,US,paid
1785,2025-05-12,control,US,referral
1786,2025-02-14,treatment,GB,organic
1787,2025-02-05,treatment,GB,paid
1788,2025-01-18,treatment,Other,organic
1789,2025-03-27,treatment,IN,paid
1790,2025-05-17,control,DE,organic
1791,2025-04-16,treatment,US,paid
1792,2025-06-09,treatment,IN,organic
1793,2025-03-04,control,Other,organic
1794,2025-02-20,control,US,organic
1795,2025-03-28,treatment,PK,paid
1796,2025-02-06,treatment,US,partner
1797,2025-06-26,control,IN,organic
1798,2025-02-03,treatment,US,organic
1799,2025-03-28,control,IN,paid
1800,2025-04-05,control,US,paid
1801,2025-01-11,control,BR,organic
1802,2025-03-26,treatment,IN,paid
1803,2025-03-24,control,IN,referral
1804,2025-02-16,control,IN,organic
1805,2025-01-24,control,US,paid
1806,2025-01-09,treatment,IN,organic
1807,2025-01-02,treatment,US,partner
1808,2025-03-29,control,IN,referral
1809,2025-01-17,treatment,US,paid
1810,2025-06-23,control,DE,partner
1811,2025-02-14,control,GB,organic
1812,2025-04-29,treatment,Other,paid
1813,2025-05-02,treatment,IN,referral
1814,2025-03-31,control,US,referral
1815,2025-06-09,treatment,IN,paid
1816,2025-01-21,control,US,organic
1817,2025-02-12,treatment,GB,organic
1818,2025-02-15,treatment,GB,organic
1819,2025-01-25,treatment,IN,referral
1820,2025-02-23,control,Other,organic
1821,2025-02-26,treatment,Other,paid
1822,2025-05-19,treatment,US,organic
1823,2025-02-24,control,US,paid
1824,2025-06-08,control,PK,organic
1825,2025-05-20,treatment,GB,paid
1826,2025-06-13,control,BR,organic
1827,2025-01-20,treatment,Other,organic
1828,2025-06-28,control,US,organic
1829,2025-04-22,treatment,GB,partner
1830,2025-06-27,control,Other,paid
1831,2025-03-06,treatment,IN,paid
1832,2025-06-22,treatment,Other,partner
1833,2025-04-17,control,IN,paid
1834,2025-01-13,treatment,GB,paid
1835,2025-03-16,treatment,PK,paid
1836,2025-01-25,control,IN,organic
1837,2025-06-20,control,Other,organic
1838,2025-02-25,treatment,DE,referral
1839,2025-02-10,treatment,BR,organic
1840,2025-04-11,control,GB,organic
1841,2025-03-18,treatment,US,referral
1842,2025-01-18,control,Other,organic
1843,2025-05-28,control,Other,paid
1844,2025-06-03,treatment,BR,paid
1845,2025-05-15,control,Other,organic
1846,2025-04-22,control,GB,organic
1847,2025-03-14,treatment,PK,organic
1848,2025-04-09,control,IN,referral
1849,2025-04-05,control,IN,referral
1850,2025-01-30,treatment,IN,referral
1851,2025-01-15,treatment,IN,organic
1852,2025-02-15,treatment,Other,organic
1853,2025-03-24,treatment,GB,paid
1854,2025-01-30,control,PK,paid
1855,2025-01-20,control,US,organic
1856,2025-06-04,treatment,US,organic
1857,2025-03-09,control,IN,organic
1858,2025-04-16,control,IN,organic
1859,2025-04-05,treatment,Other,paid
1860,2025-05-14,treatment,US,partner
1861,2025-05-14,treatment,US,organic
1862,2025-02-23,control,BR,paid
1863,2025-06-03,control,Other,organic
1864,2025-03-09,control,Other,organic
1865,2025-06-01,treatment,Other,organic
1866,2025-03-15,control,DE,organic
1867,2025-01-21,control,Other,organic
1868,2025-05-18,control,US,paid
1869,2025-01-06,treatment,Other,paid
1870,2025-05-20,treatment,BR,paid
1871,2025-01-08,control,GB,paid
1872,2025-02-07,control,BR,organic
1873,2025-04-20,control,PK,organic
1874,2025-06-20,control,US,organic
1875,2025-03-15,treatment,US,organic
1876,2025-01-22,control,IN,organic
1877,2025-02-12,treatment,Other,partner
1878,2025-06-12,treatment,IN,partner
1879,2025-05-12,treatment,US,referral
1880,2025-01-19,treatment,IN,paid
1881,2025-03-11,control,US,paid
1882,2025-02-17,control,GB,paid
1883,2025-02-02,control,US,paid
1884,2025-06-03,treatment,DE,organic
1885,2025-04-22,control,GB,partner
1886,2025-02-02,control,US,referral
1887,2025-04-28,control,GB,organic
1888,2025-03-16,control,IN,paid
1889,2025-01-12,treatment,GB,referral
1890,2025-03-23,treatment,US,partner
1891,2025-02-03,treatment,BR,organic
1892,2025-02-14,treatment,IN,paid
1893,2025-06-09,control,PK,organic
1894,2025-05-09,control,DE,organic
1895,2025-01-25,control,IN,organic
1896,2025-06-04,treatment,PK,organic
1897,2025-04-14,treatment,IN,organic
1898,2025-06-08,control,BR,paid
1899,2025-05-16,treatment,US,referral
1900,2025-03-03,control,GB,paid
1901,2025-04-07,control,GB,organic
1902,2025-04-07,treatment,GB,paid
1903,2025-05-11,treatment,Other,referral
1904,2025-02-14,treatment,US,paid
1905,2025-03-02,treatment,BR,paid
1906,2025-02-14,control,Other,organic
1907,2025-02-23,treatment,IN,organic
1908,2025-01-30,treatment,US,partner
1909,2025-01-07,treatment,Other,organic
1910,2025-06-20,control,GB,organic
1911,2025-01-14,treatment,US,organic
1912,2025-06-10,control,DE,paid
1913,2025-01-01,control,US,paid
1914,2025-05-21,treatment,PK,paid
1915,2025-03-01,treatment,US,referral
1916,2025-04-04,treatment,PK,organic
1917,2025-02-21,treatment,US,organic
1918,2025-03-30,control,Other,partner
1919,2025-03-23,treatment,US,paid
1920,2025-04-06,control,Other,referral
1921,2025-03-13,treatment,US,paid
1922,2025-04-08,control,Other,organic
1923,2025-05-30,treatment,PK,partner
1924,2025-03-20,treatment,BR,organic
1925,2025-03-07,treatment,US,paid
1926,2025-01-24,control,IN,organic
1927,2025-03-07,control,IN,paid
1928,2025-01-23,control,BR,paid
1929,2025-02-03,control,IN,organic
1930,2025-06-22,treatment,Other,partner
1931,2025-01-17,control,Other,organic
1932,2025-03-29,treatment,BR,organic
1933,2025-06-01,control,US,organic
1934,2025-06-22,control,US,paid
1935,2025-01-27,treatment,IN,paid
1936,2025-01-30,control,Other,paid
1937,2025-03-09,control,DE,paid
1938,2025-04-11,control,US,referral
1939,2025-06-23,control,GB,partner
1940,2025-02-07,treatment,GB,referral
1941,2025-01-30,control,Other,organic
1942,2025-02-15,control,IN,paid
1943,2025-06-08,treatment,US,organic
1944,2025-01-06,treatment,GB,organic
1945,2025-03-10,treatment,US,paid
1946,2025-01-22,control,IN,paid
1947,2025-01-29,treatment,IN,paid
1948,2025-06-15,control,US,paid
1949,2025-01-01,control,GB,paid
1950,2025-02-28,treatment,Other,partner
1951,2025-06-15,treatment,PK,organic
1952,2025-04-21,treatment,BR,organic
1953,2025-01-13,treatment,DE,organic
1954,2025-03-26,control,Other,organic
1955,2025-06-25,treatment,IN,partner
1956,2025-03-14,treatment,Other,organic
1957,2025-04-06,control,US,organic
1958,2025-04-07,control,US,organic
1959,2025-04-30,control,US,organic
1960,2025-02-03,treatment,Other,paid
1961,2025-06-01,control,IN,partner
1962,2025-06-28,control,US,paid
1963,2025-01-26,treatment,Other,organic
1964,2025-05-29,treatment,Other,paid
1965,2025-05-28,control,US,referral
1966,2025-05-15,treatment,IN,organic
1967,2025-03-09,treatment,IN,paid
1968,2025-03-26,treatment,US,paid
1969,2025-06-01,control,IN,paid
1970,2025-01-28,control,US,organic
1971,2025-05-31,treatment,Other,paid
1972,2025-06-16,control,PK,referral
1973,2025-05-04,treatment,Other,paid
1974,2025-03-03,control,IN,organic
1975,2025-04-12,treatment,US,organic
1976,2025-01-10,treatment,GB,paid
1977,2025-06-18,treatment,IN,paid
1978,2025-03-03,treatment,GB,partner
1979,2025-01-11,treatment,IN,paid
1980,2025-05-24,control,GB,organic
1981,2025-04-30,control,US,referral
1982,2025-04-23,treatment,BR,paid
1983,2025-01-10,treatment,IN,paid
1984,2025-05-16,treatment,BR,paid
1985,2025-04-26,treatment,IN,organic
1986,2025-05-24,control,DE,organic
1987,2025-05-30,treatment,IN,organic
1988,2025-02-08,treatment,IN,organic
1989,2025-02-08,treatment,BR,paid
1990,2025-06-17,treatment,DE,organic
1991,2025-04-07,treatment,BR,referral
1992,2025-03-21,treatment,US,organic
1993,2025-02-21,control,IN,paid
1994,2025-04-26,treatment,US,paid
1995,2025-05-17,control,Other,organic
1996,2025-01-01,control,PK,paid
1997,2025-04-11,control,BR,partner
1998,2025-06-29,control,PK,partner
1999,2025-02-20,control,IN,organic
2000,2025-02-20,treatment,US,paid
2001,2025-06-08,treatment,IN,organic
2002,2025-01-12,treatment,Other,paid
2003,2025-03-13,control,US,organic
2004,2025-03-24,control,US,partner
2005,2025-05-25,treatment,BR,paid
2006,2025-01-24,treatment,DE,organic
2007,2025-03-20,treatment,IN,partner
2008,2025-01-28,treatment,BR,paid
2009,2025-05-23,treatment,PK,organic
2010,2025-04-25,treatment,US,referral
2011,2025-03-31,treatment,DE,paid
2012,2025-03-13,treatment,Other,organic
2013,2025-01-28,treatment,GB,organic
2014,2025-06-16,control,BR,organic
2015,2025-04-28,control,US,organic
2016,2025-02-27,control,US,referral
2017,2025-03-16,treatment,DE,organic
2018,2025-05-12,treatment,GB,paid
2019,2025-05-11,control,IN,partner
2020,2025-03-25,treatment,IN,partner
2021,2025-02-24,control,Other,referral
2022,2025-04-30,control,Other,referral
2023,2025-04-30,treatment,US,partner
2024,2025-04-19,control,US,referral
2025,2025-01-14,control,Other,paid
2026,2025-03-27,control,GB,organic
2027,2025-04-22,control,GB,organic
2028,2025-06-21,treatment,US,organic
2029,2025-04-06,treatment,IN,organic
2030,2025-03-04,treatment,GB,organic
2031,2025-04-11,treatment,US,organic
2032,2025-02-02,control,BR,paid
2033,2025-01-17,treatment,IN,organic
2034,2025-05-03,control,US,organic
2035,2025-06-28,control,IN,paid
2036,2025-06-03,treatment,DE,organic
2037,2025-04-16,control,DE,paid
2038,2025-01-08,control,GB,organic
2039,2025-06-28,control,US,paid
2040,2025-03-23,treatment,GB,referral
2041,2025-02-22,control,Other,organic
2042,2025-06-11,control,US,referral
2043,2025-05-16,treatment,Other,referral
2044,2025-05-16,control,US,partner
2045,2025-02-20,treatment,GB,referral
2046,2025-06-29,control,IN,paid
2047,2025-03-23,treatment,PK,organic
2048,2025-04-07,treatment,US,organic
2049,2025-05-16,treatment,US,organic
2050,2025-04-30,treatment,IN,organic
2051,2025-02-01,control,GB,partner
2052,2025-02-24,treatment,IN,organic
2053,2025-03-07,treatment,PK,paid
2054,2025-06-21,treatment,US,partner
2055,2025-05-10,treatment,PK,organic
2056,2025-03-08,treatment,US,organic
2057,2025-05-13,treatment,Other,organic
2058,2025-05-14,control,Other,organic
2059,2025-03-13,treatment,IN,paid
2060,2025-03-14,treatment,Other,organic
2061,2025-06-11,treatment,PK,paid
2062,2025-04-12,control,US,organic
2063,2025-01-28,treatment,US,paid
2064,2025-05-11,treatment,US,organic
2065,2025-04-17,treatment,DE,paid
2066,2025-04-03,control,IN,organic
2067,2025-05-12,control,DE,referral
2068,2025-06-14,control,IN,paid
2069,2025-03-01,control,DE,organic
2070,2025-03-17,treatment,US,paid
2071,2025-02-04,control,US,organic
2072,2025-04-28,treatment,Other,referral
2073,2025-03-14,control,GB,partner
2074,2025-03-03,control,GB,organic
2075,2025-05-07,treatment,US,paid
2076,2025-03-15,control,Other,organic
2077,2025-03-26,control,US,paid
2078,2025-03-21,control,IN,organic
2079,2025-02-16,treatment,US,paid
2080,2025-01-23,treatment,US,referral
2081,2025-05-30,control,IN,organic
2082,2025-01-17,treatment,IN,referral
2083,2025-02-28,control,IN,organic
2084,2025-05-01,treatment,US,partner
2085,2025-01-24,control,Other,referral
2086,2025-04-29,treatment,BR,organic
2087,2025-05-13,treatment,Other,organic
2088,2025-04-30,control,US,paid
2089,2025-02-25,control,DE,paid
2090,2025-01-04,control,GB,organic
2091,2025-06-10,control,IN,partner
2092,2025-03-01,control,IN,referral
2093,2025-05-26,control,DE,partner
2094,2025-02-05,treatment,US,organic
2095,2025-01-30,control,US,organic
2096,2025-05-21,treatment,US,organic
2097,2025-06-20,control,PK,organic
2098,2025-06-05,treatment,GB,organic
2099,2025-05-16,control,US,organic
2100,2025-02-14,treatment,GB,paid
2101,2025-06-15,control,US,organic
2102,2025-05-01,control,Other,organic
2103,2025-02-01,treatment,GB,paid
2104,2025-01-24,treatment,Other,paid
2105,2025-06-07,treatment,IN,referral
2106,2025-02-19,control,BR,paid
2107,2025-05-19,control,DE,organic
2108,2025-01-26,treatment,IN,paid
2109,2025-02-20,treatment,IN,paid
2110,2025-02-21,treatment,US,organic
2111,2025-02-20,control,Other,organic
2112,2025-05-03,control,GB,partner
2113,2025-06-15,treatment,GB,organic
2114,2025-06-14,treatment,DE,organic
2115,2025-05-15,control,IN,organic
2116,2025-02-06,treatment,GB,referral
2117,2025-06-23,treatment,GB,paid
2118,2025-04-09,control,US,partner
2119,2025-04-09,control,DE,referral
2120,2025-05-07,treatment,US,referral
2121,2025-05-20,control,Other,organic
2122,2025-06-22,treatment,GB,organic
2123,2025-04-16,treatment,Other,referral
2124,2025-04-21,control,IN,partner
2125,2025-05-15,treatment,IN,referral
2126,2025-02-16,control,Other,partner
2127,2025-02-25,control,US,paid
2128,2025-04-24,treatment,BR,paid
2129,2025-01-12,treatment,US,paid
2130,2025-02-28,control,US,paid
2131,2025-05-10,treatment,GB,organic
2132,2025-06-26,treatment,IN,organic
2133,2025-04-05,treatment,PK,organic
2134,2025-03-14,treatment,US,organic
2135,2025-03-21,control,IN,organic
2136,2025-05-05,control,US,paid
2137,2025-04-09,treatment,US,paid
2138,2025-01-05,control,US,paid
2139,2025-04-08,treatment,BR,paid
2140,2025-03-14,control,DE,organic
2141,2025-05-07,control,US,organic
2142,2025-06-08,control,US,paid
2143,2025-06-24,control,BR,organic
2144,2025-04-21,control,PK,paid
2145,2025-03-07,treatment,US,referral
2146,2025-03-22,treatment,IN,organic
2147,2025-02-01,control,IN,referral
2148,2025-06-19,control,DE,organic
2149,2025-06-03,treatment,US,paid
2150,2025-06-04,control,Other,referral
2151,2025-03-01,treatment,DE,paid
2152,2025-02-28,treatment,GB,paid
2153,2025-06-05,treatment,Other,paid
2154,2025-04-09,treatment,PK,organic
2155,2025-05-08,treatment,IN,paid
2156,2025-03-30,treatment,PK,paid
2157,2025-03-22,treatment,US,organic
2158,2025-04-25,control,IN,organic
2159,2025-05-28,control,GB,partner
2160,2025-03-02,control,Other,organic
2161,2025-05-27,control,GB,referral
2162,2025-02-14,treatment,US,organic
2163,2025-03-14,control,DE,organic
2164,2025-06-15,control,IN,paid
2165,2025-06-22,control,BR,paid
2166,2025-06-17,treatment,IN,paid
2167,2025-02-27,treatment,US,organic
2168,2025-06-02,treatment,US,paid
2169,2025-06-19,control,BR,paid
2170,2025-06-27,control,GB,organic
2171,2025-01-04,treatment,IN,paid
2172,2025-05-15,treatment,Other,organic
2173,2025-06-30,treatment,IN,organic
2174,2025-05-19,treatment,DE,organic
2175,2025-02-12,control,BR,organic
2176,2025-05-19,treatment,Other,referral
2177,2025-01-20,treatment,IN,partner
2178,2025-03-28,treatment,PK,organic
2179,2025-04-24,treatment,GB,organic
2180,2025-03-24,control,IN,partner
2181,2025-05-07,control,US,organic
2182,2025-02-13,treatment,IN,organic
2183,2025-04-20,treatment,Other,paid
2184,2025-04-27,control,Other,organic
2185,2025-04-25,control,US,paid
2186,2025-02-22,treatment,PK,partner
2187,2025-02-25,control,US,paid
2188,2025-02-16,control,DE,paid
2189,2025-03-25,treatment,IN,organic
2190,2025-04-17,treatment,DE,organic
2191,2025-03-07,treatment,GB,referral
2192,2025-03-16,treatment,IN,partner
2193,2025-02-21,control,IN,referral
2194,2025-02-09,treatment,BR,organic
2195,2025-04-29,treatment,BR,referral
2196,2025-05-28,treatment,IN,organic
2197,2025-02-22,treatment,DE,paid
2198,2025-06-05,control,US,paid
2199,2025-04-14,control,BR,organic
2200,2025-01-31,control,IN,paid
2201,2025-03-08,control,GB,paid
2202,2025-01-02,treatment,US,referral
2203,2025-01-08,control,Other,organic
2204,2025-03-02,treatment,Other,organic
2205,2025-03-24,control,IN,paid
2206,2025-05-25,control,PK,organic
2207,2025-01-25,control,Other,organic
2208,2025-06-01,control,BR,organic
2209,2025-02-12,treatment,US,organic
2210,2025-01-26,treatment,IN,paid
2211,2025-05-07,control,Other,partner
2212,2025-05-21,treatment,IN,referral
2213,2025-04-20,treatment,US,paid
2214,2025-01-21,treatment,Other,organic
2215,2025-01-21,control,IN,paid
2216,2025-03-12,control,DE,paid
2217,2025-03-23,treatment,Other,referral
2218,2025-06-30,treatment,IN,paid
2219,2025-02-21,control,PK,paid
2220,2025-02-04,treatment,Other,organic
2221,2025-06-21,control,US,referral
2222,2025-01-28,treatment,IN,referral
2223,2025-01-05,control,GB,organic
2224,2025-03-18,treatment,Other,partner
2225,2025-03-14,control,Other,organic
2226,2025-04-23,control,PK,organic
2227,2025-06-08,treatment,IN,referral
2228,2025-06-18,control,PK,paid
2229,2025-02-22,treatment,GB,organic
2230,2025-06-27,treatment,DE,organic
2231,2025-04-25,control,US,organic
2232,2025-01-13,control,PK,organic
2233,2025-06-19,treatment,IN,paid
2234,2025-01-25,treatment,IN,organic
2235,2025-04-17,treatment,US,paid
2236,2025-05-24,control,IN,paid
2237,2025-02-15,treatment,DE,paid
2238,2025-02-18,treatment,Other,partner
2239,2025-03-28,treatment,Other,organic
2240,2025-06-10,control,BR,organic
2241,2025-02-10,control,PK,organic
2242,2025-05-01,treatment,US,organic
2243,2025-03-23,treatment,US,paid
2244,2025-01-21,control,IN,organic
2245,2025-05-09,treatment,IN,paid
2246,2025-05-31,control,US,partner
2247,2025-04-15,control,US,organic
2248,2025-02-01,control,BR,organic
2249,2025-01-29,control,US,referral
2250,2025-03-18,control,DE,referral
2251,2025-04-02,control,DE,organic
2252,2025-04-10,control,Other,paid
2253,2025-02-14,treatment,GB,organic
2254,2025-04-01,treatment,US,paid
2255,2025-02-23,treatment,US,paid
2256,2025-05-05,control,US,organic
2257,2025-05-25,treatment,IN,organic
2258,2025-04-29,control,DE,paid
2259,2025-01-01,treatment,US,paid
2260,2025-06-29,treatment,Other,referral
2261,2025-01-05,control,PK,paid
2262,2025-06-30,control,US,referral
2263,2025-01-06,treatment,US,paid
2264,2025-04-04,treatment,PK,paid
2265,2025-01-20,treatment,IN,organic
2266,2025-01-18,treatment,Other,organic
2267,2025-05-04,treatment,US,paid
2268,2025-05-12,control,IN,organic
2269,2025-01-22,treatment,US,organic
2270,2025-06-26,control,GB,organic
2271,2025-02-28,control,IN,partner
2272,2025-02-27,control,IN,paid
2273,2025-02-23,treatment,US,referral
2274,2025-03-25,treatment,US,partner
2275,2025-02-02,control,IN,paid
2276,2025-03-18,control,US,paid
2277,2025-02-08,control,GB,paid
2278,2025-01-10,treatment,US,paid
2279,2025-03-08,treatment,US,referral
2280,2025-05-02,control,PK,referral
2281,2025-05-19,control,US,paid
2282,2025-03-05,treatment,BR,referral
2283,2025-02-28,control,IN,paid
2284,2025-05-23,treatment,US,organic
2285,2025-05-04,control,IN,organic
2286,2025-05-31,control,GB,organic
2287,2025-06-14,control,PK,organic
2288,2025-05-29,treatment,PK,paid
2289,2025-06-19,control,PK,organic
2290,2025-03-17,control,GB,partner
2291,2025-03-13,treatment,PK,organic
2292,2025-02-28,treatment,IN,organic
2293,2025-02-12,control,GB,paid
2294,2025-05-16,control,US,organic
2295,2025-05-10,treatment,US,organic
2296,2025-05-26,control,US,organic
2297,2025-01-31,treatment,GB,paid
2298,2025-03-30,control,Other,organic
2299,2025-02-10,control,Other,paid
2300,2025-06-11,control,US,organic
2301,2025-02-18,treatment,Other,organic
2302,2025-01-27,control,IN,organic
2303,2025-04-14,control,DE,organic
2304,2025-06-09,control,Other,referral
2305,2025-06-15,treatment,IN,organic
2306,2025-01-18,control,BR,paid
2307,2025-02-28,treatment,US,referral
2308,2025-01-28,treatment,US,organic
2309,2025-02-25,control,Other,referral
2310,2025-04-07,treatment,US,paid
2311,2025-02-20,treatment,US,paid
2312,2025-01-13,control,US,referral
2313,2025-04-03,control,DE,organic
2314,2025-01-10,control,GB,paid
2315,2025-02-11,control,Other,paid
2316,2025-01-01,treatment,DE,paid
2317,2025-01-16,treatment,Other,organic
2318,2025-03-20,treatment,BR,organic
2319,2025-06-03,control,BR,partner
2320,2025-05-21,control,US,paid
2321,2025-01-18,control,US,organic
2322,2025-01-07,treatment,Other,organic
2323,2025-03-03,control,IN,paid
2324,2025-04-29,treatment,DE,organic
2325,2025-05-16,treatment,Other,organic
2326,2025-05-29,control,PK,partner
2327,2025-03-03,treatment,US,organic
2328,2025-01-31,treatment,IN,organic
2329,2025-01-05,treatment,PK,paid
2330,2025-01-27,control,PK,organic
2331,2025-01-12,control,US,organic
2332,2025-06-05,treatment,US,paid
2333,2025-02-18,control,DE,paid
2334,2025-05-29,treatment,US,organic
2335,2025-04-11,control,US,referral
2336,2025-04-08,treatment,IN,referral
2337,2025-03-24,treatment,BR,paid
2338,2025-05-29,control,US,paid
2339,2025-01-08,control,BR,referral
2340,2025-01-17,treatment,US,organic
2341,2025-03-18,control,GB,paid
2342,2025-03-13,treatment,PK,organic
2343,2025-04-09,treatment,Other,organic
2344,2025-05-14,control,US,partner
2345,2025-04-17,treatment,Other,organic
2346,2025-02-16,treatment,Other,organic
2347,2025-03-01,treatment,IN,organic
2348,2025-05-17,control,Other,paid
2349,2025-02-06,control,US,referral
2350,2025-04-02,control,US,organic
2351,2025-04-08,treatment,PK,referral
2352,2025-05-16,treatment,DE,organic
2353,2025-05-10,treatment,GB,partner
2354,2025-03-26,control,US,referral
2355,2025-02-25,treatment,US,organic
2356,2025-03-08,treatment,US,referral
2357,2025-03-16,treatment,US,organic
2358,2025-02-09,control,Other,paid
2359,2025-04-24,treatment,GB,organic
2360,2025-02-07,control,PK,organic
2361,2025-04-28,control,US,partner
2362,2025-05-17,treatment,GB,referral
2363,2025-06-24,control,Other,paid
2364,2025-01-22,control,US,partner
2365,2025-05-18,treatment,GB,organic
2366,2025-01-16,treatment,PK,organic
2367,2025-03-03,control,US,referral
2368,2025-02-01,treatment,US,organic
2369,2025-01-30,control,Other,referral
2370,2025-02-01,control,DE,organic
2371,2025-01-08,control,IN,organic
2372,2025-05-29,treatment,US,organic
2373,2025-01-12,control,US,organic
2374,2025-03-14,control,DE,organic
2375,2025-05-07,treatment,IN,organic
2376,2025-06-29,treatment,GB,organic
2377,2025-06-04,treatment,Other,referral
2378,2025-01-25,treatment,PK,paid
2379,2025-06-28,control,BR,organic
2380,2025-04-29,control,DE,organic
2381,2025-02-02,control,IN,organic
2382,2025-03-23,treatment,IN,organic
2383,2025-06-16,control,US,paid
2384,2025-03-13,control,Other,organic
2385,2025-02-03,control,DE,partner
2386,2025-06-08,control,Other,organic
2387,2025-06-22,treatment,Other,organic
2388,2025-06-26,treatment,US,paid
2389,2025-06-22,control,GB,organic
2390,2025-06-07,treatment,BR,organic
2391,2025-03-24,treatment,BR,organic
2392,2025-02-04,control,PK,paid
2393,2025-04-22,control,US,referral
2394,2025-02-09,treatment,IN,organic
2395,2025-03-27,control,Other,referral
2396,2025-04-29,treatment,Other,paid
2397,2025-06-21,treatment,US,paid
2398,2025-02-22,treatment,Other,organic
2399,2025-02-15,treatment,US,referral
2400,2025-05-13,treatment,BR,organic
2401,2025-01-02,treatment,US,organic
2402,2025-04-13,control,IN,paid
2403,2025-05-16,treatment,US,partner
2404,2025-04-10,treatment,US,organic
2405,2025-03-11,treatment,GB,organic
2406,2025-05-30,treatment,Other,partner
2407,2025-03-09,control,BR,referral
2408,2025-05-09,treatment,IN,paid
2409,2025-03-26,treatment,IN,organic
2410,2025-01-05,treatment,GB,organic
2411,2025-04-07,treatment,US,partner
2412,2025-01-09,treatment,US,organic
2413,2025-06-18,treatment,DE,referral
2414,2025-04-19,control,Other,paid
2415,2025-03-09,control,US,partner
2416,2025-03-30,treatment,IN,paid
2417,2025-04-23,treatment,PK,organic
2418,2025-02-17,treatment,Other,referral
2419,2025-02-22,control,GB,partner
2420,2025-03-17,control,Other,partner
2421,2025-02-16,control,IN,organic
2422,2025-05-18,treatment,BR,organic
2423,2025-01-19,treatment,IN,referral
2424,2025-05-30,treatment,US,paid
2425,2025-03-05,control,PK,organic
2426,2025-04-12,treatment,IN,organic
2427,2025-01-29,treatment,PK,organic
2428,2025-03-11,control,Other,organic
2429,2025-05-17,treatment,IN,organic
2430,2025-02-18,treatment,US,partner
2431,2025-01-24,control,GB,paid
2432,2025-04-05,control,Other,organic
2433,2025-01-30,treatment,IN,paid
2434,2025-02-26,treatment,Other,organic
2435,2025-03-23,treatment,GB,referral
2436,2025-04-13,treatment,BR,referral
2437,2025-04-26,control,Other,organic
2438,2025-05-03,treatment,IN,partner
2439,2025-06-02,treatment,GB,organic
2440,2025-01-12,control,US,paid
2441,2025-03-07,treatment,Other,partner
2442,2025-01-01,control,PK,referral
2443,2025-01-02,control,DE,organic
2444,2025-02-08,control,BR,organic
2445,2025-04-19,treatment,US,organic
2446,2025-06-11,control,DE,organic
2447,2025-05-21,control,US,organic
2448,2025-04-27,treatment,US,organic
2449,2025-05-21,control,PK,paid
2450,2025-02-01,treatment,GB,organic
2451,2025-06-02,treatment,PK,organic
2452,2025-06-11,control,DE,paid
2453,2025-01-18,control,US,organic
2454,2025-03-27,treatment,GB,paid
2455,2025-05-31,control,US,referral
2456,2025-03-28,control,IN,paid
2457,2025-06-02,treatment,Other,paid
2458,2025-06-19,treatment,IN,paid
2459,2025-03-27,treatment,IN,paid
2460,2025-01-11,treatment,Other,paid
2461,2025-03-03,treatment,IN,referral
2462,2025-02-08,treatment,BR,referral
2463,2025-03-27,treatment,IN,organic
2464,2025-04-17,treatment,DE,organic
2465,2025-03-25,treatment,US,referral
2466,2025-02-05,treatment,IN,paid
2467,2025-02-24,control,IN,paid
2468,2025-05-03,treatment,US,organic
2469,2025-01-05,treatment,Other,organic
2470,2025-02-08,control,US,paid
2471,2025-06-11,control,IN,referral
2472,2025-01-18,treatment,Other,organic
2473,2025-03-17,control,GB,partner
2474,2025-02-07,control,Other,referral
2475,2025-01-19,control,PK,referral
2476,2025-03-18,control,IN,referral
2477,2025-04-05,treatment,Other,organic
2478,2025-02-01,control,IN,organic
2479,2025-01-15,control,DE,organic
2480,2025-01-25,treatment,IN,organic
2481,2025-04-28,control,DE,organic
2482,2025-06-05,control,GB,referral
2483,2025-02-02,treatment,US,referral
2484,2025-02-27,treatment,GB,organic
2485,2025-03-04,treatment,PK,paid
2486,2025-03-07,treatment,Other,paid
2487,2025-02-14,treatment,Other,paid
2488,2025-01-11,control,US,partner
2489,2025-04-06,treatment,BR,organic
2490,2025-03-06,treatment,BR,organic
2491,2025-03-03,control,US,referral
2492,2025-02-17,treatment,BR,organic
2493,2025-06-18,control,GB,referral
2494,2025-04-21,treatment,Other,organic
2495,2025-03-17,treatment,US,paid
2496,2025-02-07,treatment,PK,paid
2497,2025-05-26,control,Other,referral
2498,2025-06-10,treatment,IN,organic
2499,2025-01-06,treatment,US,referral
2500,2025-06-18,control,US,referral
2501,2025-05-07,control,Other,referral
2502,2025-01-19,treatment,US,partner
2503,2025-05-17,control,US,referral
2504,2025-01-20,treatment,Other,referral
2505,2025-01-10,treatment,IN,paid
2506,2025-01-21,control,IN,referral
2507,2025-03-25,treatment,US,partner
2508,2025-04-23,control,DE,paid
2509,2025-03-15,treatment,PK,organic
2510,2025-01-23,treatment,GB,organic
2511,2025-02-06,control,US,referral
2512,2025-06-04,treatment,US,partner
2513,2025-06-24,treatment,IN,organic
2514,2025-05-17,treatment,GB,partner
2515,2025-01-19,control,Other,organic
2516,2025-05-29,treatment,GB,organic
2517,2025-05-06,treatment,US,partner
2518,2025-04-06,control,Other,partner
2519,2025-01-26,treatment,Other,paid
2520,2025-06-30,control,IN,partner
2521,2025-03-22,treatment,Other,referral
2522,2025-01-08,control,US,referral
2523,2025-02-08,treatment,DE,referral
2524,2025-03-14,control,US,organic
2525,2025-01-12,control,DE,organic
2526,2025-02-28,treatment,PK,organic
2527,2025-03-26,treatment,PK,organic
2528,2025-06-21,treatment,US,organic
2529,2025-01-16,treatment,GB,organic
2530,2025-04-15,control,Other,organic
2531,2025-06-15,treatment,BR,paid
2532,2025-05-26,control,GB,organic
2533,2025-06-17,control,GB,organic
2534,2025-01-31,treatment,GB,organic
2535,2025-05-26,treatment,DE,organic
2536,2025-06-27,control,DE,paid
2537,2025-03-01,control,BR,referral
2538,2025-04-01,treatment,DE,paid
2539,2025-04-07,control,BR,paid
2540,2025-03-31,control,US,partner
2541,2025-02-22,control,US,paid
2542,2025-06-25,control,GB,organic
2543,2025-06-23,control,Other,organic
2544,2025-03-10,treatment,PK,paid
2545,2025-05-26,control,US,paid
2546,2025-03-13,treatment,DE,referral
2547,2025-05-24,treatment,IN,organic
2548,2025-04-16,treatment,DE,partner
2549,2025-03-27,treatment,IN,paid
2550,2025-01-24,treatment,Other,partner
2551,2025-04-29,treatment,US,paid
2552,2025-02-28,treatment,BR,organic
2553,2025-02-09,treatment,BR,organic
2554,2025-02-04,treatment,BR,organic
2555,2025-06-27,treatment,US,organic
2556,2025-01-19,control,IN,referral
2557,2025-05-25,treatment,US,organic
2558,2025-06-06,treatment,IN,organic
2559,2025-01-06,control,IN,organic
2560,2025-04-17,treatment,GB,paid
2561,2025-04-15,control,Other,organic
2562,2025-03-06,control,PK,organic
2563,2025-05-01,treatment,BR,referral
2564,2025-03-15,control,Other,organic
2565,2025-03-21,control,PK,partner
2566,2025-03-20,control,US,organic
2567,2025-05-25,treatment,BR,paid
2568,2025-04-25,control,BR,paid
2569,2025-03-10,treatment,IN,organic
2570,2025-06-17,treatment,Other,paid
2571,2025-05-26,treatment,DE,organic
2572,2025-06-18,treatment,US,organic
2573,2025-05-13,treatment,DE,referral
2574,2025-03-12,control,PK,partner
2575,2025-05-20,treatment,GB,organic
2576,2025-03-01,treatment,US,paid
2577,2025-02-19,control,GB,organic
2578,2025-03-23,control,IN,organic
2579,2025-06-25,treatment,US,organic
2580,2025-04-13,control,GB,paid
2581,2025-03-11,treatment,US,paid
2582,2025-03-25,control,DE,paid
2583,2025-02-22,treatment,US,partner
2584,2025-04-30,control,US,referral
2585,2025-03-05,treatment,IN,organic
2586,2025-04-11,control,US,organic
2587,2025-03-08,control,US,paid
2588,2025-02-28,control,BR,organic
2589,2025-06-25,control,US,organic
2590,2025-03-04,treatment,US,organic
2591,2025-01-13,treatment,DE,organic
2592,2025-03-10,control,GB,paid
2593,2025-04-07,treatment,BR,paid
2594,2025-01-18,control,Other,referral
2595,2025-02-25,control,DE,partner
2596,2025-01-31,treatment,BR,referral
2597,2025-04-01,treatment,Other,organic
2598,2025-05-11,treatment,DE,paid
2599,2025-06-25,control,PK,organic
2600,2025-03-12,control,BR,partner
2601,2025-06-06,treatment,IN,paid
2602,2025-02-08,control,Other,organic
2603,2025-05-22,control,US,paid
2604,2025-04-12,treatment,Other,paid
2605,2025-05-18,treatment,DE,partner
2606,2025-05-17,control,IN,organic
2607,2025-04-07,control,DE,organic
2608,2025-02-16,treatment,US,partner
2609,2025-04-06,control,US,paid
2610,2025-05-30,control,Other,organic
2611,2025-06-25,control,IN,paid
2612,2025-06-17,treatment,Other,paid
2613,2025-02-02,treatment,GB,organic
2614,2025-04-19,control,US,organic
2615,2025-01-19,control,GB,organic
2616,2025-05-02,treatment,US,organic
2617,2025-06-29,treatment,DE,organic
2618,2025-01-10,treatment,Other,organic
2619,2025-04-29,control,Other,paid
2620,2025-06-21,treatment,DE,paid
2621,2025-06-03,treatment,GB,organic
2622,2025-03-13,treatment,IN,organic
2623,2025-01-19,control,IN,organic
2624,2025-06-17,treatment,IN,organic
2625,2025-06-16,control,BR,partner
2626,2025-04-15,control,US,organic
2627,2025-06-27,control,US,referral
2628,2025-01-01,treatment,Other,paid
2629,2025-04-22,control,IN,referral
2630,2025-01-07,treatment,Other,referral
2631,2025-06-19,treatment,GB,referral
2632,2025-05-04,treatment,BR,paid
2633,2025-06-15,control,GB,organic
2634,2025-04-12,treatment,Other,paid
2635,2025-01-16,control,GB,organic
2636,2025-01-05,control,IN,organic
2637,2025-03-02,control,US,referral
2638,2025-05-15,control,US,paid
2639,2025-01-28,treatment,US,organic
2640,2025-06-04,control,BR,referral
2641,2025-02-13,control,PK,organic
2642,2025-03-31,treatment,Other,referral
2643,2025-02-06,control,IN,referral
2644,2025-03-26,control,BR,organic
2645,2025-03-23,control,PK,organic
2646,2025-01-01,control,US,partner
2647,2025-04-13,treatment,PK,organic
2648,2025-05-23,control,IN,partner
2649,2025-06-19,control,BR,organic
2650,2025-03-01,treatment,US,organic
2651,2025-06-09,control,US,paid
2652,2025-06-09,treatment,GB,paid
2653,2025-06-28,treatment,Other,organic
2654,2025-03-09,control,IN,paid
2655,2025-06-04,control,BR,organic
2656,2025-04-13,control,DE,organic
2657,2025-01-11,control,IN,referral
2658,2025-02-18,control,GB,paid
2659,2025-05-02,treatment,US,paid
2660,2025-01-30,control,IN,paid
2661,2025-03-20,control,GB,paid
2662,2025-05-21,control,GB,organic
2663,2025-01-28,treatment,DE,partner
2664,2025-03-31,treatment,US,organic
2665,2025-02-08,control,Other,partner
2666,2025-04-08,treatment,PK,referral
2667,2025-02-13,control,Other,paid
2668,2025-06-24,treatment,Other,paid
2669,2025-01-14,treatment,GB,organic
2670,2025-06-24,treatment,GB,organic
2671,2025-05-24,control,IN,paid
2672,2025-06-04,control,US,organic
2673,2025-06-04,treatment,Other,organic
2674,2025-02-03,control,US,paid
2675,2025-06-18,control,BR,organic
2676,2025-04-18,treatment,IN,organic
2677,2025-06-24,treatment,Other,paid
2678,2025-06-08,treatment,IN,organic
2679,2025-04-15,treatment,BR,organic
2680,2025-03-09,treatment,GB,organic
2681,2025-01-22,control,BR,paid
2682,2025-01-19,treatment,IN,partner
2683,2025-03-12,treatment,BR,organic
2684,2025-05-27,treatment,IN,paid
2685,2025-04-02,control,US,organic
2686,2025-03-29,control,GB,paid
2687,2025-02-14,treatment,Other,organic
2688,2025-04-13,control,GB,referral
2689,2025-04-26,control,IN,paid
2690,2025-06-27,treatment,BR,paid
2691,2025-05-13,treatment,Other,organic
2692,2025-04-20,control,US,referral
2693,2025-06-14,control,GB,organic
2694,2025-03-18,control,Other,paid
2695,2025-06-19,treatment,IN,referral
2696,2025-03-08,control,BR,paid
2697,2025-01-24,control,GB,referral
2698,2025-03-17,control,DE,paid
2699,2025-01-24,control,Other,referral
2700,2025-01-22,control,IN,organic
2701,2025-06-09,control,Other,organic
2702,2025-05-24,treatment,Other,paid
2703,2025-02-10,control,BR,paid
2704,2025-06-01,control,IN,paid
2705,2025-01-13,control,IN,paid
2706,2025-02-21,control,PK,paid
2707,2025-05-08,control,IN,organic
2708,2025-02-24,control,US,organic
2709,2025-05-13,control,Other,partner
2710,2025-06-08,control,IN,organic
2711,2025-01-12,treatment,Other,organic
2712,2025-01-05,control,DE,paid
2713,2025-06-20,treatment,DE,organic
2714,2025-04-05,treatment,IN,paid
2715,2025-04-02,control,IN,paid
2716,2025-03-25,control,US,paid
2717,2025-03-20,control,DE,partner
2718,2025-05-05,control,IN,referral
2719,2025-04-15,treatment,Other,paid
2720,2025-01-30,control,US,partner
2721,2025-04-24,treatment,US,organic
2722,2025-05-01,control,DE,organic
2723,2025-01-21,treatment,US,paid
2724,2025-03-10,treatment,US,paid
2725,2025-05-24,treatment,BR,organic
2726,2025-04-22,treatment,IN,organic
2727,2025-01-25,treatment,DE,organic
2728,2025-01-08,control,GB,organic
2729,2025-04-16,control,Other,organic
2730,2025-03-25,control,DE,partner
2731,2025-06-23,control,PK,referral
2732,2025-04-05,treatment,GB,paid
2733,2025-06-18,control,PK,paid
2734,2025-02-08,control,PK,organic
2735,2025-03-22,treatment,US,paid
2736,2025-01-26,control,IN,paid
2737,2025-04-14,treatment,IN,referral
2738,2025-02-04,control,DE,organic
2739,2025-03-31,treatment,IN,partner
2740,2025-03-04,treatment,GB,referral
2741,2025-02-03,control,DE,organic
2742,2025-01-18,treatment,Other,partner
2743,2025-04-03,control,US,organic
2744,2025-06-21,treatment,US,partner
2745,2025-02-05,treatment,US,paid
2746,2025-03-15,control,Other,organic
2747,2025-02-10,treatment,US,organic
2748,2025-05-27,treatment,US,paid
2749,2025-03-17,treatment,IN,referral
2750,2025-06-26,treatment,IN,referral
2751,2025-02-14,treatment,BR,organic
2752,2025-01-15,control,Other,referral
2753,2025-04-16,treatment,US,paid
2754,2025-04-28,treatment,IN,organic
2755,2025-06-29,control,IN,organic
2756,2025-06-07,control,GB,referral
2757,2025-06-10,control,Other,paid
2758,2025-04-25,control,BR,organic
2759,2025-03-07,control,US,paid
2760,2025-03-19,control,US,referral
2761,2025-01-25,treatment,US,organic
2762,2025-03-20,control,Other,organic
2763,2025-03-07,control,US,organic
2764,2025-01-07,treatment,Other,organic
2765,2025-02-07,control,US,organic
2766,2025-04-07,control,Other,referral
2767,2025-03-08,treatment,PK,organic
2768,2025-06-29,treatment,US,referral
2769,2025-03-28,treatment,US,partner
2770,2025-06-23,control,PK,organic
2771,2025-04-30,control,US,organic
2772,2025-01-08,treatment,US,organic
2773,2025-02-06,treatment,PK,paid
2774,2025-05-08,treatment,Other,paid
2775,2025-04-09,treatment,IN,paid
2776,2025-02-24,control,Other,referral
2777,2025-04-05,control,BR,referral
2778,2025-06-13,treatment,IN,paid
2779,2025-03-12,treatment,GB,referral
2780,2025-01-09,control,PK,partner
2781,2025-02-26,treatment,IN,paid
2782,2025-06-19,control,BR,organic
2783,2025-05-18,treatment,Other,referral
2784,2025-06-01,control,DE,referral
2785,2025-06-15,treatment,IN,paid
2786,2025-01-22,control,BR,paid
2787,2025-02-21,treatment,US,organic
2788,2025-01-11,treatment,GB,paid
2789,2025-01-01,control,Other,referral
2790,2025-06-01,treatment,GB,referral
2791,2025-06-19,treatment,IN,organic
2792,2025-01-29,treatment,BR,organic
2793,2025-05-11,control,Other,organic
2794,2025-04-07,treatment,IN,organic
2795,2025-01-13,treatment,US,referral
2796,2025-06-15,treatment,GB,organic
2797,2025-06-07,control,IN,referral
2798,2025-04-13,treatment,US,paid
2799,2025-05-09,control,BR,paid
2800,2025-03-13,control,GB,paid
2801,2025-05-24,control,US,referral
2802,2025-03-22,control,Other,organic
2803,2025-06-29,control,Other,organic
2804,2025-01-12,control,IN,paid
2805,2025-02-01,treatment,US,organic
2806,2025-06-25,treatment,Other,organic
2807,2025-02-22,control,IN,partner
2808,2025-02-26,treatment,Other,paid
2809,2025-05-24,treatment,US,organic
2810,2025-02-04,treatment,US,paid
2811,2025-04-03,treatment,IN,organic
2812,2025-02-21,treatment,Other,organic
2813,2025-02-05,treatment,US,organic
2814,2025-06-24,treatment,GB,organic
2815,2025-02-06,treatment,BR,organic
2816,2025-01-18,control,Other,paid
2817,2025-05-02,treatment,PK,organic
2818,2025-06-06,treatment,Other,organic
2819,2025-01-24,treatment,IN,organic
2820,2025-05-09,treatment,Other,organic
2821,2025-04-08,control,BR,paid
2822,2025-05-31,control,US,organic
2823,2025-01-23,treatment,IN,paid
2824,2025-06-26,treatment,IN,paid
2825,2025-04-23,treatment,DE,organic
2826,2025-06-02,treatment,US,paid
2827,2025-03-07,treatment,PK,paid
2828,2025-06-20,treatment,PK,paid
2829,2025-04-24,control,GB,organic
2830,2025-01-23,treatment,Other,organic
2831,2025-06-17,control,GB,paid
2832,2025-05-25,treatment,US,partner
2833,2025-02-24,control,US,organic
2834,2025-04-09,treatment,DE,paid
2835,2025-03-12,control,US,organic
2836,2025-04-09,control,IN,partner
2837,2025-06-24,treatment,PK,organic
2838,2025-06-12,treatment,BR,paid
2839,2025-02-09,control,Other,paid
2840,2025-06-25,treatment,Other,paid
2841,2025-03-21,control,DE,paid
2842,2025-05-08,control,US,paid
2843,2025-05-19,control,US,paid
2844,2025-03-29,treatment,IN,paid
2845,2025-03-24,treatment,DE,organic
2846,2025-03-24,treatment,IN,referral
2847,2025-06-06,treatment,IN,organic
2848,2025-03-11,treatment,IN,organic
2849,2025-02-20,treatment,US,organic
2850,2025-03-07,treatment,GB,paid
2851,2025-02-05,control,GB,organic
2852,2025-03-12,control,PK,paid
2853,2025-01-21,control,IN,paid
2854,2025-01-17,treatment,IN,organic
2855,2025-05-12,treatment,IN,organic
2856,2025-01-15,control,BR,referral
2857,2025-04-13,treatment,US,referral
2858,2025-05-22,treatment,US,referral
2859,2025-05-12,control,US,organic
2860,2025-03-22,control,US,partner
2861,2025-02-05,control,GB,referral
2862,2025-06-18,control,PK,paid
2863,2025-06-01,treatment,US,paid
2864,2025-04-21,treatment,US,organic
2865,2025-01-16,control,US,paid
2866,2025-01-07,control,US,referral
2867,2025-02-27,control,US,paid
2868,2025-01-29,control,US,organic
2869,2025-06-05,control,US,organic
2870,2025-02-07,treatment,Other,paid
2871,2025-02-21,treatment,GB,paid
2872,2025-06-26,treatment,US,paid
2873,2025-05-29,control,DE,partner
2874,2025-02-09,treatment,US,organic
2875,2025-03-11,control,BR,organic
2876,2025-04-04,control,DE,organic
2877,2025-05-01,treatment,Other,referral
2878,2025-06-19,treatment,Other,referral
2879,2025-06-07,control,IN,referral
2880,2025-06-26,control,US,referral
2881,2025-01-08,treatment,DE,organic
2882,2025-02-12,treatment,GB,organic
2883,2025-04-12,treatment,PK,paid
2884,2025-01-09,control,US,organic
2885,2025-03-06,control,IN,paid
2886,2025-01-28,control,GB,organic
2887,2025-06-18,control,DE,organic
2888,2025-01-12,treatment,GB,paid
2889,2025-01-27,treatment,GB,organic
2890,2025-02-05,control,IN,partner
2891,2025-01-27,treatment,BR,organic
2892,2025-04-13,treatment,US,partner
2893,2025-03-07,treatment,US,organic
2894,2025-06-15,control,Other,referral
2895,2025-02-17,control,DE,paid
2896,2025-04-08,control,IN,organic
2897,2025-04-30,control,DE,organic
2898,2025-04-24,control,IN,organic
2899,2025-05-25,control,IN,referral
2900,2025-02-06,control,US,organic
2901,2025-04-02,control,BR,organic
2902,2025-05-25,treatment,BR,paid
2903,2025-06-06,treatment,US,paid
2904,2025-04-22,control,IN,organic
2905,2025-04-28,treatment,US,organic
2906,2025-06-06,control,US,paid
2907,2025-04-24,control,PK,organic
2908,2025-06-21,treatment,Other,paid
2909,2025-01-24,control,US,organic
2910,2025-03-04,control,IN,partner
2911,2025-01-21,control,US,paid
2912,2025-01-17,treatment,IN,paid
2913,2025-03-27,treatment,DE,referral
2914,2025-02-10,control,PK,partner
2915,2025-03-15,control,GB,referral
2916,2025-03-21,control,GB,paid
2917,2025-04-23,treatment,PK,referral
2918,2025-06-21,control,US,organic
2919,2025-06-03,treatment,US,referral
2920,2025-03-10,treatment,DE,paid
2921,2025-02-28,control,BR,paid
2922,2025-05-20,treatment,US,referral
2923,2025-01-23,control,BR,paid
2924,2025-04-08,control,GB,paid
2925,2025-03-18,control,IN,partner
2926,2025-02-03,control,Other,paid
2927,2025-04-22,treatment,DE,organic
2928,2025-02-28,treatment,BR,organic
2929,2025-02-03,control,DE,paid
2930,2025-04-29,control,US,organic
2931,2025-02-01,treatment,PK,paid
2932,2025-05-02,control,Other,referral
2933,2025-01-30,control,PK,organic
2934,2025-03-20,treatment,Other,partner
2935,2025-05-27,treatment,DE,paid
2936,2025-02-11,treatment,IN,partner
2937,2025-05-19,control,US,organic
2938,2025-05-11,control,Other,paid
2939,2025-06-13,control,BR,paid
2940,2025-01-31,treatment,US,referral
2941,2025-05-10,control,PK,partner
2942,2025-06-19,control,BR,referral
2943,2025-05-19,control,Other,organic
2944,2025-02-04,treatment,IN,organic
2945,2025-05-29,treatment,Other,paid
2946,2025-01-20,treatment,BR,organic
2947,2025-04-17,control,BR,partner
2948,2025-04-01,treatment,IN,paid
2949,2025-04-07,control,US,referral
2950,2025-04-05,control,US,partner
2951,2025-01-06,control,Other,organic
2952,2025-04-02,treatment,Other,organic
2953,2025-06-19,control,Other,paid
2954,2025-03-21,treatment,US,referral
2955,2025-02-20,control,US,paid
2956,2025-06-30,control,Other,organic
2957,2025-01-18,treatment,US,paid
2958,2025-03-30,treatment,DE,organic
2959,2025-04-03,control,GB,organic
2960,2025-03-28,treatment,Other,partner
2961,2025-06-16,control,BR,organic
2962,2025-03-18,control,GB,organic
2963,2025-06-26,treatment,BR,organic
2964,2025-01-13,treatment,US,referral
2965,2025-05-13,control,IN,organic
2966,2025-04-18,control,IN,organic
2967,2025-02-13,treatment,IN,organic
2968,2025-02-11,control,DE,paid
2969,2025-05-11,treatment,GB,organic
2970,2025-04-26,treatment,US,referral
2971,2025-04-21,treatment,Other,referral
2972,2025-01-10,control,DE,paid
2973,2025-04-19,treatment,DE,organic
2974,2025-06-27,control,GB,paid
2975,2025-01-04,control,Other,organic
2976,2025-03-26,control,PK,organic
2977,2025-03-31,control,US,referral
2978,2025-06-12,treatment,IN,organic
2979,2025-02-21,treatment,DE,organic
2980,2025-03-28,treatment,PK,organic
2981,2025-05-10,treatment,Other,organic
2982,2025-01-11,treatment,IN,organic
2983,2025-05-25,treatment,Other,organic
2984,2025-05-29,treatment,BR,referral
2985,2025-05-11,treatment,GB,organic
2986,2025-04-28,treatment,IN,organic
2987,2025-05-16,control,IN,partner
2988,2025-05-22,treatment,US,paid
2989,2025-06-13,control,BR,referral
2990,2025-03-19,control,US,paid
2991,2025-03-24,treatment,US,organic
2992,2025-04-26,control,Other,organic
2993,2025-02-04,control,US,referral
2994,2025-06-04,control,PK,referral
2995,2025-05-20,control,GB,paid
2996,2025-04-25,treatment,IN,paid
2997,2025-02-24,treatment,Other,paid
2998,2025-03-04,control,PK,organic
2999,2025-03-20,treatment,PK,organic
3000,2025-04-30,treatment,US,partner
3001,2025-05-21,treatment,GB,organic
3002,2025-05-02,control,IN,organic
3003,2025-06-18,control,IN,paid
3004,2025-06-23,control,PK,organic
3005,2025-05-08,control,IN,partner
3006,2025-03-09,treatment,US,organic
3007,2025-04-19,control,GB,referral
3008,2025-03-18,treatment,Other,organic
3009,2025-04-24,treatment,BR,organic
3010,2025-05-27,control,IN,paid
3011,2025-03-08,control,BR,referral
3012,2025-04-02,treatment,Other,organic
3013,2025-01-09,treatment,Other,organic
3014,2025-05-14,control,US,organic
3015,2025-03-30,treatment,Other,organic
3016,2025-03-25,treatment,GB,referral
3017,2025-04-07,treatment,DE,partner
3018,2025-02-09,control,Other,paid
3019,2025-04-19,treatment,GB,organic
3020,2025-05-15,treatment,GB,paid
3021,2025-03-05,control,IN,paid
3022,2025-01-24,treatment,Other,organic
3023,2025-03-12,treatment,US,organic
3024,2025-02-05,control,IN,paid
3025,2025-03-09,treatment,BR,referral
3026,2025-04-24,treatment,DE,organic
3027,2025-01-21,treatment,IN,referral
3028,2025-05-16,treatment,BR,referral
3029,2025-02-10,control,PK,partner
3030,2025-06-11,control,IN,partner
3031,2025-05-13,control,Other,organic
3032,2025-02-19,treatment,PK,organic
3033,2025-04-12,control,US,referral
3034,2025-01-21,treatment,IN,referral
3035,2025-01-19,control,IN,organic
3036,2025-06-23,control,US,paid
3037,2025-05-26,treatment,IN,referral
3038,2025-01-28,treatment,IN,organic
3039,2025-02-21,control,US,organic
3040,2025-02-05,control,DE,organic
3041,2025-03-13,control,BR,organic
3042,2025-02-22,control,DE,paid
3043,2025-03-01,control,Other,organic
3044,2025-04-06,treatment,US,referral
3045,2025-02-04,control,IN,organic
3046,2025-06-09,control,IN,referral
3047,2025-05-12,control,DE,organic
3048,2025-05-18,control,BR,referral
3049,2025-01-31,treatment,US,organic
3050,2025-05-09,control,US,paid
3051,2025-06-01,control,BR,organic
3052,2025-02-01,treatment,US,paid
3053,2025-05-16,treatment,PK,organic
3054,2025-03-06,treatment,IN,organic
3055,2025-05-23,treatment,US,paid
3056,2025-03-28,treatment,GB,organic
3057,2025-05-26,treatment,Other,partner
3058,2025-01-27,treatment,US,paid
3059,2025-03-12,control,IN,organic
3060,2025-02-19,treatment,US,partner
3061,2025-02-14,treatment,Other,organic
3062,2025-02-25,treatment,DE,referral
3063,2025-03-11,control,DE,organic
3064,2025-01-24,treatment,BR,paid
3065,2025-05-08,control,GB,referral
3066,2025-04-10,treatment,IN,organic
3067,2025-05-31,control,US,paid
3068,2025-05-08,treatment,US,organic
3069,2025-01-27,treatment,US,paid
3070,2025-01-13,control,IN,organic
3071,2025-03-18,control,Other,organic
3072,2025-03-29,control,US,organic
3073,2025-02-13,treatment,Other,paid
3074,2025-05-22,treatment,PK,partner
3075,2025-04-16,treatment,US,partner
3076,2025-05-16,control,US,paid
3077,2025-01-20,treatment,GB,referral
3078,2025-05-28,treatment,US,referral
3079,2025-02-07,control,IN,paid
3080,2025-03-23,control,BR,organic
3081,2025-03-21,control,DE,paid
3082,2025-05-29,control,IN,organic
3083,2025-02-20,control,GB,referral
3084,2025-02-13,control,Other,organic
3085,2025-03-03,control,IN,organic
3086,2025-03-07,control,GB,referral
3087,2025-02-02,control,BR,organic
3088,2025-02-01,treatment,US,partner
3089,2025-02-11,treatment,Other,partner
3090,2025-03-26,control,DE,paid
3091,2025-03-04,treatment,Other,paid
3092,2025-03-12,treatment,Other,organic
3093,2025-05-11,control,BR,organic
3094,2025-02-13,control,IN,referral
3095,2025-06-14,control,BR,organic
3096,2025-05-17,treatment,US,organic
3097,2025-02-01,control,Other,organic
3098,2025-02-26,control,DE,paid
3099,2025-02-03,treatment,Other,paid
3100,2025-02-19,treatment,IN,organic
3101,2025-03-08,control,US,organic
3102,2025-01-24,treatment,DE,referral
3103,2025-01-03,control,US,organic
3104,2025-03-21,treatment,US,organic
3105,2025-05-07,treatment,IN,organic
3106,2025-02-24,treatment,US,referral
3107,2025-06-05,control,Other,organic
3108,2025-03-08,control,DE,organic
3109,2025-06-13,treatment,DE,paid
3110,2025-02-12,control,GB,organic
3111,2025-04-08,treatment,US,partner
3112,2025-05-19,control,BR,referral
3113,2025-01-11,control,GB,paid
3114,2025-06-18,control,IN,organic
3115,2025-03-08,control,BR,organic
3116,2025-04-01,treatment,US,paid
3117,2025-04-24,control,DE,organic
3118,2025-04-27,treatment,GB,paid
3119,2025-01-05,treatment,US,organic
3120,2025-06-06,treatment,IN,paid
3121,2025-04-23,treatment,US,organic
3122,2025-06-30,treatment,US,paid
3123,2025-03-27,treatment,BR,organic
3124,2025-04-22,control,DE,organic
3125,2025-03-21,treatment,Other,paid
3126,2025-06-11,treatment,PK,paid
3127,2025-05-31,control,IN,partner
3128,2025-06-14,treatment,BR,organic
3129,2025-04-02,control,DE,organic
3130,2025-05-24,treatment,US,paid
3131,2025-03-06,control,PK,organic
3132,2025-03-25,treatment,DE,referral
3133,2025-05-18,control,GB,organic
3134,2025-01-15,treatment,IN,referral
3135,2025-05-09,control,IN,paid
3136,2025-01-03,treatment,BR,organic
3137,2025-04-16,control,US,organic
3138,2025-03-28,treatment,Other,paid
3139,2025-03-26,control,US,paid
3140,2025-03-31,control,Other,organic
3141,2025-03-31,control,DE,paid
3142,2025-03-15,treatment,Other,paid
3143,2025-03-23,control,Other,paid
3144,2025-04-13,treatment,DE,paid
3145,2025-05-19,control,PK,referral
3146,2025-04-10,treatment,US,paid
3147,2025-04-27,control,US,organic
3148,2025-06-01,control,GB,organic
3149,2025-06-29,control,IN,organic
3150,2025-01-20,control,US,organic
3151,2025-05-10,control,BR,organic
3152,2025-02-10,control,Other,referral
3153,2025-02-05,treatment,Other,organic
3154,2025-05-24,treatment,US,paid
3155,2025-01-13,control,BR,organic
3156,2025-06-03,treatment,US,organic
3157,2025-05-20,control,US,organic
3158,2025-06-30,control,Other,paid
3159,2025-05-01,control,Other,organic
3160,2025-06-07,control,US,organic
3161,2025-01-22,control,US,paid
3162,2025-06-11,treatment,GB,organic
3163,2025-01-30,treatment,DE,organic
3164,2025-02-26,treatment,US,organic
3165,2025-01-24,control,US,organic
3166,2025-03-14,control,DE,organic
3167,2025-05-16,treatment,US,organic
3168,2025-02-18,control,PK,paid
3169,2025-05-29,control,IN,paid
3170,2025-04-20,control,BR,partner
3171,2025-04-24,control,DE,referral
3172,2025-06-19,treatment,PK,organic
3173,2025-03-20,control,US,organic
3174,2025-03-04,control,Other,referral
3175,2025-06-30,treatment,US,organic
3176,2025-04-11,treatment,Other,paid
3177,2025-04-22,control,US,paid
3178,2025-02-23,control,PK,paid
3179,2025-02-08,treatment,US,organic
3180,2025-01-31,control,PK,organic
3181,2025-02-10,control,BR,organic
3182,2025-02-05,control,US,organic
3183,2025-05-16,control,IN,organic
3184,2025-01-11,treatment,US,paid
3185,2025-04-24,treatment,BR,organic
3186,2025-06-21,treatment,GB,organic
3187,2025-05-19,treatment,IN,organic
3188,2025-03-14,treatment,Other,partner
3189,2025-01-11,treatment,DE,organic
3190,2025-05-31,treatment,IN,organic
3191,2025-01-01,control,Other,paid
3192,2025-05-04,control,IN,organic
3193,2025-05-02,treatment,GB,organic
3194,2025-02-04,control,DE,organic
3195,2025-05-14,control,US,partner
3196,2025-02-01,control,DE,paid
3197,2025-02-10,treatment,US,paid
3198,2025-05-27,control,PK,referral
3199,2025-06-27,control,IN,paid
3200,2025-02-17,control,IN,organic
3201,2025-06-16,control,US,paid
3202,2025-06-15,treatment,US,paid
3203,2025-05-20,control,PK,organic
3204,2025-01-26,control,BR,referral
3205,2025-02-24,control,Other,organic
3206,2025-05-03,treatment,BR,organic
3207,2025-06-30,treatment,US,organic
3208,2025-05-28,control,IN,organic
3209,2025-03-18,control,IN,partner
3210,2025-02-12,treatment,US,paid
3211,2025-06-23,treatment,IN,organic
3212,2025-02-19,control,US,paid
3213,2025-03-03,control,US,referral
3214,2025-06-24,control,US,organic
3215,2025-04-12,control,IN,paid
3216,2025-02-17,treatment,IN,paid
3217,2025-01-01,treatment,US,organic
3218,2025-03-19,treatment,PK,paid
3219,2025-06-28,treatment,IN,paid
3220,2025-03-20,control,DE,referral
3221,2025-05-07,treatment,US,referral
3222,2025-02-15,control,GB,partner
3223,2025-05-21,control,US,organic
3224,2025-05-21,treatment,Other,referral
3225,2025-04-21,control,PK,paid
3226,2025-05-20,treatment,US,organic
3227,2025-04-15,treatment,BR,partner
3228,2025-03-10,treatment,US,referral
3229,2025-05-14,treatment,US,referral
3230,2025-06-01,control,GB,organic
3231,2025-06-02,control,US,organic
3232,2025-02-08,treatment,US,partner
3233,2025-05-03,treatment,GB,partner
3234,2025-01-01,treatment,DE,organic
3235,2025-04-14,control,DE,organic
3236,2025-04-14,control,BR,paid
3237,2025-03-07,control,GB,organic
3238,2025-06-29,treatment,DE,paid
3239,2025-06-09,treatment,DE,partner
3240,2025-01-07,treatment,Other,organic
3241,2025-02-07,control,US,paid
3242,2025-02-07,control,BR,paid
3243,2025-06-12,control,US,organic
3244,2025-04-04,control,GB,organic
3245,2025-05-12,control,BR,paid
3246,2025-05-27,treatment,IN,referral
3247,2025-05-19,control,Other,paid
3248,2025-01-17,control,DE,partner
3249,2025-01-26,treatment,US,organic
3250,2025-03-13,treatment,PK,partner
3251,2025-03-03,control,US,paid
3252,2025-05-16,control,BR,organic
3253,2025-01-29,treatment,PK,organic
3254,2025-03-09,treatment,DE,organic
3255,2025-02-12,treatment,BR,organic
3256,2025-02-04,control,US,partner
3257,2025-02-01,treatment,US,referral
3258,2025-02-05,treatment,Other,organic
3259,2025-04-13,control,US,organic
3260,2025-03-16,control,GB,paid
3261,2025-03-20,treatment,BR,referral
3262,2025-03-28,control,GB,referral
3263,2025-05-15,treatment,US,organic
3264,2025-06-05,treatment,US,organic
3265,2025-04-06,control,DE,organic
3266,2025-04-27,treatment,DE,paid
3267,2025-05-14,control,PK,organic
3268,2025-05-05,treatment,GB,organic
3269,2025-01-25,treatment,Other,referral
3270,2025-06-27,treatment,GB,organic
3271,2025-01-30,control,GB,partner
3272,2025-03-16,treatment,Other,referral
3273,2025-04-29,treatment,PK,organic
3274,2025-03-15,treatment,GB,organic
3275,2025-02-14,treatment,GB,paid
3276,2025-06-17,control,PK,paid
3277,2025-01-13,treatment,US,paid
3278,2025-02-14,control,GB,partner
3279,2025-06-29,control,BR,referral
3280,2025-05-13,treatment,PK,paid
3281,2025-01-16,treatment,BR,organic
3282,2025-05-17,treatment,DE,organic
3283,2025-06-25,control,Other,paid
3284,2025-01-18,control,US,organic
3285,2025-03-16,control,PK,referral
3286,2025-03-26,control,US,organic
3287,2025-01-24,treatment,IN,organic
3288,2025-02-06,treatment,BR,referral
3289,2025-02-01,control,US,paid
3290,2025-02-03,control,BR,organic
3291,2025-03-15,control,Other,paid
3292,2025-03-25,treatment,DE,paid
3293,2025-02-13,treatment,US,organic
3294,2025-02-22,control,US,organic
3295,2025-02-04,control,IN,paid
3296,2025-05-25,control,IN,paid
3297,2025-02-08,control,DE,organic
3298,2025-06-14,treatment,US,organic
3299,2025-04-08,treatment,IN,paid
3300,2025-05-26,control,GB,organic
3301,2025-04-26,treatment,US,partner
3302,2025-02-18,control,DE,organic
3303,2025-04-19,control,BR,paid
3304,2025-02-19,treatment,Other,partner
3305,2025-01-22,control,BR,organic
3306,2025-02-16,control,US,paid
3307,2025-02-19,treatment,PK,organic
3308,2025-01-25,treatment,GB,paid
3309,2025-01-05,control,Other,partner
3310,2025-06-20,treatment,GB,partner
3311,2025-04-03,control,Other,organic
3312,2025-03-14,treatment,Other,referral
3313,2025-06-18,control,Other,referral
3314,2025-02-10,treatment,US,organic
3315,2025-03-14,control,PK,referral
3316,2025-06-03,treatment,IN,organic
3317,2025-04-25,treatment,GB,partner
3318,2025-03-14,control,DE,referral
3319,2025-02-16,treatment,IN,paid
3320,2025-01-07,control,Other,organic
3321,2025-01-16,treatment,PK,partner
3322,2025-01-30,control,DE,organic
3323,2025-05-23,control,IN,paid
3324,2025-04-26,treatment,US,paid
3325,2025-03-20,control,DE,organic
3326,2025-05-22,treatment,PK,organic
3327,2025-01-30,treatment,IN,organic
3328,2025-02-08,control,PK,partner
3329,2025-03-13,control,BR,referral
3330,2025-06-16,treatment,GB,referral
3331,2025-04-22,treatment,IN,paid
3332,2025-06-04,control,US,paid
3333,2025-02-14,control,Other,paid
3334,2025-06-03,treatment,Other,paid
3335,2025-01-14,treatment,Other,referral
3336,2025-02-11,treatment,Other,organic
3337,2025-04-05,control,BR,partner
3338,2025-01-10,treatment,DE,partner
3339,2025-06-05,treatment,PK,organic
3340,2025-06-07,control,GB,partner
3341,2025-04-09,control,PK,referral
3342,2025-02-25,control,US,organic
3343,2025-01-18,treatment,Other,organic
3344,2025-04-23,control,BR,paid
3345,2025-04-08,treatment,PK,referral
3346,2025-05-18,treatment,DE,organic
3347,2025-04-20,control,IN,paid
3348,2025-01-24,treatment,Other,paid
3349,2025-01-23,treatment,DE,organic
3350,2025-05-22,control,US,organic
3351,2025-01-29,treatment,US,organic
3352,2025-06-19,treatment,BR,referral
3353,2025-01-20,control,IN,organic
3354,2025-05-12,treatment,IN,paid
3355,2025-06-26,treatment,US,paid
3356,2025-03-21,control,US,partner
3357,2025-01-11,treatment,Other,partner
3358,2025-06-08,treatment,IN,partner
3359,2025-02-03,treatment,US,paid
3360,2025-04-06,control,US,organic
3361,2025-06-28,control,US,organic
3362,2025-05-15,control,PK,paid
3363,2025-01-09,treatment,IN,organic
3364,2025-05-29,treatment,IN,organic
3365,2025-01-30,treatment,IN,organic
3366,2025-05-16,control,Other,organic
3367,2025-04-23,treatment,GB,paid
3368,2025-02-22,treatment,GB,partner
3369,2025-03-18,treatment,DE,organic
3370,2025-01-22,treatment,Other,organic
3371,2025-06-28,treatment,BR,paid
3372,2025-02-13,control,BR,organic
3373,2025-02-25,treatment,PK,partner
3374,2025-04-02,treatment,US,organic
3375,2025-05-02,treatment,DE,organic
3376,2025-04-02,control,IN,paid
3377,2025-04-02,treatment,Other,paid
3378,2025-04-16,control,US,paid
3379,2025-06-05,control,DE,organic
3380,2025-03-13,control,Other,organic
3381,2025-05-31,control,IN,organic
3382,2025-05-23,control,IN,referral
3383,2025-06-23,control,US,organic
3384,2025-06-15,treatment,US,organic
3385,2025-05-25,control,GB,paid
3386,2025-02-14,treatment,US,paid
3387,2025-05-21,treatment,PK,organic
3388,2025-05-14,treatment,IN,partner
3389,2025-02-22,control,PK,paid
3390,2025-05-03,control,US,partner
3391,2025-02-15,treatment,GB,organic
3392,2025-04-05,treatment,IN,paid
3393,2025-05-25,treatment,US,organic
3394,2025-02-04,control,US,organic
3395,2025-03-02,treatment,GB,organic
3396,2025-05-24,treatment,US,organic
3397,2025-03-24,treatment,US,referral
3398,2025-06-23,treatment,GB,referral
3399,2025-01-02,treatment,Other,organic
3400,2025-05-11,treatment,US,organic
3401,2025-05-28,treatment,BR,organic
3402,2025-06-16,treatment,BR,paid
3403,2025-01-29,treatment,BR,organic
3404,2025-06-28,control,BR,referral
3405,2025-03-13,treatment,US,organic
3406,2025-03-05,treatment,US,paid
3407,2025-03-06,control,BR,referral
3408,2025-04-26,control,Other,organic
3409,2025-04-30,treatment,DE,referral
3410,2025-03-27,treatment,DE,partner
3411,2025-01-13,control,Other,paid
3412,2025-06-28,control,IN,organic
3413,2025-02-10,control,IN,paid
3414,2025-01-17,treatment,BR,organic
3415,2025-04-19,treatment,Other,partner
3416,2025-03-16,treatment,BR,paid
3417,2025-04-22,control,IN,referral
3418,2025-06-08,treatment,PK,paid
3419,2025-01-18,treatment,DE,organic
3420,2025-02-21,treatment,Other,paid
3421,2025-04-04,control,Other,referral
3422,2025-05-23,control,BR,organic
3423,2025-04-19,treatment,US,organic
3424,2025-03-11,control,IN,partner
3425,2025-04-21,treatment,GB,organic
3426,2025-06-27,treatment,BR,referral
3427,2025-03-28,control,US,organic
3428,2025-06-09,control,PK,referral
3429,2025-05-22,treatment,Other,paid
3430,2025-02-24,treatment,US,organic
3431,2025-02-15,control,IN,organic
3432,2025-05-20,control,Other,organic
3433,2025-02-07,treatment,US,paid
3434,2025-03-02,control,US,organic
3435,2025-02-12,treatment,GB,organic
3436,2025-04-20,treatment,PK,paid
3437,2025-02-23,control,DE,partner
3438,2025-04-30,treatment,US,organic
3439,2025-06-19,treatment,US,paid
3440,2025-05-31,control,DE,partner
3441,2025-06-21,treatment,US,paid
3442,2025-01-05,treatment,IN,partner
3443,2025-03-24,treatment,US,paid
3444,2025-02-09,control,PK,paid
3445,2025-06-16,treatment,IN,referral
3446,2025-05-09,control,Other,organic
3447,2025-02-27,treatment,US,paid
3448,2025-04-12,treatment,IN,paid
3449,2025-04-20,control,PK,organic
3450,2025-03-31,control,BR,paid
3451,2025-03-27,treatment,US,referral
3452,2025-01-10,control,US,organic
3453,2025-03-23,treatment,IN,organic
3454,2025-03-05,treatment,DE,organic
3455,2025-05-29,treatment,Other,organic
3456,2025-06-06,control,PK,paid
3457,2025-05-16,control,IN,organic
3458,2025-01-06,control,Other,organic
3459,2025-06-02,treatment,IN,organic
3460,2025-03-13,treatment,US,partner
3461,2025-03-17,treatment,US,referral
3462,2025-06-21,control,PK,organic
3463,2025-06-06,control,GB,organic
3464,2025-01-10,control,Other,organic
3465,2025-03-07,treatment,US,organic
3466,2025-05-16,control,US,paid
3467,2025-04-08,control,IN,paid
3468,2025-02-16,treatment,PK,paid
3469,2025-04-05,treatment,Other,referral
3470,2025-06-06,control,US,referral
3471,2025-02-10,treatment,GB,organic
3472,2025-05-16,control,IN,paid
3473,2025-05-13,control,Other,organic
3474,2025-06-10,control,US,paid
3475,2025-02-23,control,IN,organic
3476,2025-02-09,treatment,US,organic
3477,2025-04-10,treatment,IN,organic
3478,2025-04-07,treatment,US,organic
3479,2025-03-16,control,Other,organic
3480,2025-05-22,treatment,US,paid
3481,2025-05-25,treatment,IN,organic
3482,2025-02-14,control,IN,partner
3483,2025-05-24,treatment,US,organic
3484,2025-02-11,treatment,US,partner
3485,2025-03-15,treatment,BR,organic
3486,2025-01-05,control,IN,organic
3487,2025-03-03,treatment,IN,organic
3488,2025-06-23,treatment,BR,organic
3489,2025-03-22,treatment,US,organic
3490,2025-05-09,treatment,Other,paid
3491,2025-01-20,control,US,organic
3492,2025-04-26,treatment,BR,organic
3493,2025-03-09,treatment,Other,organic
3494,2025-05-15,treatment,Other,paid
3495,2025-06-17,control,US,organic
3496,2025-04-07,control,US,organic
3497,2025-01-19,control,IN,organic
3498,2025-03-28,control,GB,paid
3499,2025-01-23,treatment,IN,paid
3500,2025-03-23,control,BR,paid
3501,2025-01-12,treatment,US,paid
3502,2025-04-26,treatment,DE,organic
3503,2025-02-26,treatment,IN,paid
3504,2025-02-06,control,PK,paid
3505,2025-01-04,treatment,GB,referral
3506,2025-06-10,treatment,US,organic
3507,2025-06-01,treatment,GB,paid
3508,2025-05-27,control,IN,paid
3509,2025-01-11,treatment,IN,paid
3510,2025-03-05,control,Other,paid
3511,2025-06-25,treatment,Other,referral
3512,2025-04-15,control,BR,organic
3513,2025-01-24,control,Other,organic
3514,2025-01-26,treatment,US,organic
3515,2025-02-17,control,BR,organic
3516,2025-06-25,treatment,BR,paid
3517,2025-01-31,treatment,IN,paid
3518,2025-06-13,control,IN,paid
3519,2025-05-03,control,GB,paid
3520,2025-06-16,control,Other,paid
3521,2025-05-30,treatment,Other,organic
3522,2025-03-02,treatment,Other,organic
3523,2025-05-30,control,DE,organic
3524,2025-01-31,treatment,Other,referral
3525,2025-02-22,control,PK,organic
3526,2025-02-08,treatment,IN,organic
3527,2025-01-25,treatment,DE,organic
3528,2025-01-17,control,PK,paid
3529,2025-02-03,treatment,IN,partner
3530,2025-01-22,control,BR,referral
3531,2025-03-10,treatment,Other,organic
3532,2025-01-13,treatment,US,paid
3533,2025-01-12,treatment,IN,organic
3534,2025-06-29,control,GB,referral
3535,2025-01-16,treatment,DE,organic
3536,2025-01-14,control,GB,organic
3537,2025-01-06,treatment,GB,paid
3538,2025-01-24,control,GB,organic
3539,2025-04-06,treatment,US,partner
3540,2025-05-30,control,US,organic
3541,2025-05-14,treatment,IN,partner
3542,2025-04-16,treatment,GB,organic
3543,2025-01-16,control,US,organic
3544,2025-05-21,treatment,US,paid
3545,2025-01-07,treatment,US,paid
3546,2025-04-25,control,US,referral
3547,2025-03-16,treatment,Other,paid
3548,2025-06-09,treatment,BR,paid
3549,2025-02-25,treatment,GB,organic
3550,2025-04-26,control,BR,partner
3551,2025-03-21,treatment,US,paid
3552,2025-04-05,control,IN,paid
3553,2025-06-19,treatment,Other,referral
3554,2025-05-10,control,US,organic
3555,2025-03-17,control,US,referral
3556,2025-03-22,control,IN,paid
3557,2025-05-08,control,US,referral
3558,2025-03-04,treatment,US,paid
3559,2025-01-31,treatment,IN,paid
3560,2025-03-26,treatment,IN,referral
3561,2025-01-13,treatment,US,paid
3562,2025-01-31,control,PK,organic
3563,2025-03-18,control,US,paid
3564,2025-05-25,treatment,GB,paid
3565,2025-05-22,treatment,IN,referral
3566,2025-02-17,treatment,IN,referral
3567,2025-03-18,control,IN,organic
3568,2025-01-28,treatment,IN,organic
3569,2025-05-17,control,IN,organic
3570,2025-02-14,treatment,Other,paid
3571,2025-05-25,control,BR,referral
3572,2025-06-02,treatment,DE,paid
3573,2025-05-05,control,IN,referral
3574,2025-03-01,treatment,US,paid
3575,2025-06-22,control,IN,paid
3576,2025-05-05,treatment,US,partner
3577,2025-04-27,control,DE,organic
3578,2025-06-05,treatment,IN,organic
3579,2025-06-09,control,IN,organic
3580,2025-01-15,control,US,organic
3581,2025-06-09,treatment,DE,paid
3582,2025-05-19,control,PK,organic
3583,2025-02-07,control,Other,paid
3584,2025-02-25,treatment,DE,organic
3585,2025-05-17,treatment,US,organic
3586,2025-02-09,treatment,GB,organic
3587,2025-03-23,control,DE,referral
3588,2025-05-05,treatment,US,paid
3589,2025-04-28,treatment,Other,referral
3590,2025-06-14,control,BR,paid
3591,2025-01-21,treatment,DE,organic
3592,2025-02-23,control,GB,paid
3593,2025-06-28,treatment,US,organic
3594,2025-04-13,treatment,BR,organic
3595,2025-02-15,control,DE,paid
3596,2025-02-22,control,GB,referral
3597,2025-03-03,control,IN,referral
3598,2025-04-11,control,DE,organic
3599,2025-02-21,treatment,BR,paid
3600,2025-04-23,treatment,Other,paid
3601,2025-03-22,treatment,GB,referral
3602,2025-04-21,control,GB,partner
3603,2025-01-29,treatment,Other,paid
3604,2025-04-23,control,GB,organic
3605,2025-06-17,control,DE,referral
3606,2025-01-25,treatment,PK,paid
3607,2025-03-01,treatment,BR,referral
3608,2025-05-06,treatment,Other,paid
3609,2025-04-22,treatment,DE,partner
3610,2025-05-03,control,DE,organic
3611,2025-04-12,treatment,US,paid
3612,2025-05-04,treatment,US,organic
3613,2025-04-21,treatment,BR,paid
3614,2025-01-14,control,US,partner
3615,2025-05-16,control,DE,paid
3616,2025-03-22,control,GB,paid
3617,2025-01-10,control,US,organic
3618,2025-03-16,control,DE,organic
3619,2025-03-20,treatment,IN,paid
3620,2025-01-16,treatment,GB,organic
3621,2025-06-30,control,IN,organic
3622,2025-02-10,treatment,US,paid
3623,2025-03-01,treatment,US,paid
3624,2025-03-21,treatment,Other,organic
3625,2025-05-31,treatment,Other,organic
3626,2025-05-15,treatment,DE,organic
3627,2025-05-20,control,DE,paid
3628,2025-02-12,control,Other,referral
3629,2025-06-03,treatment,BR,organic
3630,2025-05-31,treatment,US,organic
3631,2025-03-25,treatment,US,referral
3632,2025-04-09,treatment,US,organic
3633,2025-01-07,control,PK,paid
3634,2025-05-18,control,IN,organic
3635,2025-06-23,treatment,GB,partner
3636,2025-03-27,control,US,paid
3637,2025-04-08,treatment,US,organic
3638,2025-04-01,treatment,IN,organic
3639,2025-01-15,treatment,Other,organic
3640,2025-04-23,control,BR,organic
3641,2025-05-11,treatment,IN,organic
3642,2025-06-17,control,GB,paid
3643,2025-06-18,treatment,BR,referral
3644,2025-03-31,control,DE,organic
3645,2025-06-23,treatment,US,organic
3646,2025-04-06,control,DE,referral
3647,2025-04-27,control,PK,organic
3648,2025-04-19,treatment,US,paid
3649,2025-06-30,control,DE,referral
3650,2025-05-14,control,Other,paid
3651,2025-01-22,treatment,PK,paid
3652,2025-01-14,treatment,DE,partner
3653,2025-03-16,control,US,organic
3654,2025-04-04,treatment,PK,organic
3655,2025-05-02,treatment,US,organic
3656,2025-03-29,treatment,US,organic
3657,2025-04-04,control,US,organic
3658,2025-06-16,control,DE,organic
3659,2025-03-02,treatment,IN,paid
3660,2025-03-31,control,PK,organic
3661,2025-04-11,control,DE,referral
3662,2025-03-26,treatment,Other,organic
3663,2025-06-25,control,BR,paid
3664,2025-06-24,treatment,IN,organic
3665,2025-04-03,control,US,organic
3666,2025-03-23,treatment,US,paid
3667,2025-04-17,treatment,BR,organic
3668,2025-02-02,treatment,IN,paid
3669,2025-03-19,treatment,US,paid
3670,2025-02-09,treatment,DE,paid
3671,2025-01-27,control,GB,paid
3672,2025-01-18,treatment,DE,referral
3673,2025-04-17,treatment,US,organic
3674,2025-01-01,treatment,US,partner
3675,2025-04-27,control,GB,organic
3676,2025-03-20,control,Other,paid
3677,2025-03-08,treatment,PK,partner
3678,2025-05-20,treatment,US,organic
3679,2025-04-08,control,US,referral
3680,2025-05-13,control,DE,paid
3681,2025-05-09,treatment,US,referral
3682,2025-01-06,control,PK,organic
3683,2025-02-09,treatment,DE,paid
3684,2025-04-14,control,Other,organic
3685,2025-06-26,control,US,organic
3686,2025-01-28,control,Other,paid
3687,2025-01-20,treatment,IN,paid
3688,2025-06-20,treatment,IN,paid
3689,2025-06-24,control,Other,paid
3690,2025-01-31,control,DE,referral
3691,2025-03-14,control,US,paid
3692,2025-04-24,control,DE,organic
3693,2025-02-05,treatment,PK,referral
3694,2025-03-01,control,Other,paid
3695,2025-03-13,treatment,DE,organic
3696,2025-04-27,control,IN,organic
3697,2025-02-25,control,US,organic
3698,2025-03-16,control,US,referral
3699,2025-02-22,control,BR,organic
3700,2025-05-18,control,DE,paid
3701,2025-01-28,control,US,paid
3702,2025-02-11,control,IN,partner
3703,2025-02-15,treatment,BR,organic
3704,2025-06-13,control,BR,referral
3705,2025-06-20,control,US,paid
3706,2025-04-01,control,US,organic
3707,2025-01-29,treatment,IN,organic
3708,2025-05-17,treatment,Other,organic
3709,2025-03-31,treatment,US,organic
3710,2025-06-03,treatment,PK,organic
3711,2025-03-07,treatment,PK,organic
3712,2025-06-30,control,PK,referral
3713,2025-05-27,treatment,BR,organic
3714,2025-02-10,treatment,GB,organic
3715,2025-05-12,control,IN,paid
3716,2025-02-21,control,DE,referral
3717,2025-03-05,control,US,partner
3718,2025-02-15,control,DE,referral
3719,2025-05-04,treatment,DE,referral
3720,2025-02-17,control,BR,organic
3721,2025-04-26,treatment,Other,paid
3722,2025-04-16,treatment,DE,organic
3723,2025-05-16,control,GB,partner
3724,2025-06-29,control,Other,organic
3725,2025-01-02,treatment,US,paid
3726,2025-06-29,treatment,US,organic
3727,2025-01-20,control,PK,referral
3728,2025-04-06,control,Other,organic
3729,2025-03-03,treatment,IN,referral
3730,2025-04-26,treatment,DE,partner
3731,2025-05-11,control,BR,organic
3732,2025-06-05,control,PK,referral
3733,2025-03-14,treatment,Other,organic
3734,2025-06-18,control,US,organic
3735,2025-02-28,control,Other,organic
3736,2025-02-06,treatment,IN,paid
3737,2025-03-10,control,US,organic
3738,2025-04-06,control,US,paid
3739,2025-05-01,treatment,US,referral
3740,2025-05-31,treatment,Other,organic
3741,2025-02-10,treatment,DE,organic
3742,2025-02-24,control,IN,organic
3743,2025-06-19,treatment,US,organic
3744,2025-03-21,treatment,PK,partner
3745,2025-02-13,treatment,DE,organic
3746,2025-06-28,treatment,Other,paid
3747,2025-03-23,treatment,BR,partner
3748,2025-06-28,treatment,PK,organic
3749,2025-06-16,treatment,IN,paid
3750,2025-06-14,control,BR,referral
3751,2025-04-16,treatment,Other,paid
3752,2025-05-25,treatment,DE,organic
3753,2025-06-23,control,Other,referral
3754,2025-02-18,control,US,partner
3755,2025-01-07,treatment,IN,referral
3756,2025-02-28,control,Other,referral
3757,2025-04-26,treatment,Other,referral
3758,2025-04-10,treatment,DE,paid
3759,2025-01-15,control,DE,organic
3760,2025-04-12,control,PK,partner
3761,2025-02-01,treatment,GB,organic
3762,2025-04-02,control,Other,referral
3763,2025-04-15,treatment,US,organic
3764,2025-04-26,control,US,paid
3765,2025-03-16,control,IN,referral
3766,2025-03-15,treatment,DE,referral
3767,2025-05-03,control,GB,organic
3768,2025-05-16,treatment,GB,paid
3769,2025-05-27,treatment,Other,organic
3770,2025-03-02,control,BR,organic
3771,2025-03-18,control,Other,paid
3772,2025-03-01,treatment,GB,partner
3773,2025-04-06,treatment,DE,partner
3774,2025-01-24,treatment,US,paid
3775,2025-03-19,treatment,DE,referral
3776,2025-02-04,control,US,organic
3777,2025-04-07,control,US,organic
3778,2025-06-03,treatment,DE,paid
3779,2025-06-28,treatment,IN,referral
3780,2025-03-22,treatment,DE,paid
3781,2025-01-11,control,BR,organic
3782,2025-02-11,treatment,DE,organic
3783,2025-01-19,treatment,BR,organic
3784,2025-05-18,control,IN,referral
3785,2025-06-28,treatment,PK,organic
3786,2025-04-11,treatment,PK,organic
3787,2025-02-02,control,US,paid
3788,2025-01-04,control,DE,organic
3789,2025-06-26,control,PK,organic
3790,2025-02-27,treatment,Other,paid
3791,2025-01-21,control,BR,organic
3792,2025-02-02,control,DE,paid
3793,2025-02-16,control,IN,partner
3794,2025-04-29,control,Other,organic
3795,2025-06-11,control,DE,organic
3796,2025-02-19,treatment,US,paid
3797,2025-05-05,control,PK,paid
3798,2025-01-12,control,IN,partner
3799,2025-01-02,control,US,organic
3800,2025-01-10,control,GB,referral
3801,2025-06-17,control,BR,paid
3802,2025-04-16,treatment,IN,organic
3803,2025-05-26,treatment,PK,paid
3804,2025-01-04,treatment,US,organic
3805,2025-01-05,control,US,organic
3806,2025-06-03,treatment,IN,organic
3807,2025-01-19,treatment,US,organic
3808,2025-01-29,control,DE,paid
3809,2025-04-04,control,BR,organic
3810,2025-04-20,treatment,GB,organic
3811,2025-02-11,control,PK,organic
3812,2025-03-22,control,US,paid
3813,2025-05-03,treatment,IN,partner
3814,2025-03-22,control,IN,organic
3815,2025-03-11,treatment,BR,partner
3816,2025-01-13,control,Other,paid
3817,2025-03-23,control,US,partner
3818,2025-05-26,control,PK,paid
3819,2025-04-24,control,US,paid
3820,2025-06-11,treatment,Other,referral
3821,2025-01-23,treatment,US,paid
3822,2025-01-02,treatment,BR,referral
3823,2025-04-10,treatment,US,referral
3824,2025-02-02,control,DE,paid
3825,2025-04-18,control,US,paid
3826,2025-06-13,control,US,paid
3827,2025-03-03,treatment,US,paid
3828,2025-04-10,control,US,paid
3829,2025-05-04,control,IN,paid
3830,2025-01-28,treatment,DE,organic
3831,2025-06-12,treatment,US,partner
3832,2025-02-06,control,Other,organic
3833,2025-05-27,treatment,IN,organic
3834,2025-04-30,treatment,US,organic
3835,2025-01-26,treatment,DE,organic
3836,2025-05-12,control,DE,paid
3837,2025-02-05,control,BR,organic
3838,2025-04-19,control,Other,organic
3839,2025-06-23,treatment,BR,organic
3840,2025-06-22,treatment,Other,organic
3841,2025-06-07,treatment,IN,partner
3842,2025-03-31,control,Other,paid
3843,2025-04-12,control,BR,organic
3844,2025-02-24,treatment,IN,paid
3845,2025-06-16,control,IN,paid
3846,2025-03-28,treatment,IN,paid
3847,2025-05-20,treatment,US,organic
3848,2025-03-07,control,US,paid
3849,2025-05-15,control,US,organic
3850,2025-02-10,control,US,organic
3851,2025-05-13,control,Other,partner
3852,2025-01-09,treatment,IN,organic
3853,2025-01-19,control,US,organic
3854,2025-03-05,control,DE,organic
3855,2025-03-29,control,US,paid
3856,2025-05-09,control,PK,organic
3857,2025-03-06,treatment,Other,organic
3858,2025-01-04,treatment,US,organic
3859,2025-02-28,treatment,DE,organic
3860,2025-03-21,treatment,Other,paid
3861,2025-04-09,control,IN,organic
3862,2025-04-27,treatment,Other,paid
3863,2025-02-14,control,GB,organic
3864,2025-04-21,treatment,US,partner
3865,2025-04-25,control,IN,paid
3866,2025-05-21,control,US,organic
3867,2025-04-05,control,PK,organic
3868,2025-05-27,treatment,IN,paid
3869,2025-02-10,control,GB,paid
3870,2025-05-09,treatment,DE,organic
3871,2025-01-09,control,PK,organic
3872,2025-01-19,treatment,Other,paid
3873,2025-06-06,treatment,GB,organic
3874,2025-03-27,control,PK,organic
3875,2025-04-23,control,US,organic
3876,2025-04-20,control,Other,referral
3877,2025-05-06,treatment,IN,organic
3878,2025-02-14,treatment,US,organic
3879,2025-02-02,control,IN,organic
3880,2025-01-08,control,IN,paid
3881,2025-06-06,control,IN,paid
3882,2025-02-10,control,GB,paid
3883,2025-04-15,treatment,IN,paid
3884,2025-03-24,control,PK,paid
3885,2025-01-30,control,GB,paid
3886,2025-03-16,treatment,US,partner
3887,2025-01-16,treatment,Other,referral
3888,2025-02-01,treatment,IN,organic
3889,2025-01-26,control,DE,paid
3890,2025-05-30,treatment,Other,organic
3891,2025-04-13,treatment,US,organic
3892,2025-06-17,treatment,PK,organic
3893,2025-03-20,control,DE,referral
3894,2025-02-06,treatment,US,partner
3895,2025-04-21,treatment,Other,paid
3896,2025-06-18,treatment,IN,paid
3897,2025-04-07,treatment,US,organic
3898,2025-01-04,treatment,Other,partner
3899,2025-02-24,treatment,Other,organic
3900,2025-06-17,treatment,PK,partner
3901,2025-04-04,control,US,organic
3902,2025-06-22,control,US,organic
3903,2025-04-03,treatment,IN,paid
3904,2025-01-03,treatment,Other,organic
3905,2025-06-08,treatment,US,organic
3906,2025-05-19,treatment,DE,paid
3907,2025-05-10,treatment,US,paid
3908,2025-06-25,treatment,DE,organic
3909,2025-02-05,control,IN,paid
3910,2025-06-13,treatment,US,paid
3911,2025-02-12,control,IN,organic
3912,2025-06-25,treatment,IN,organic
3913,2025-02-04,treatment,DE,paid
3914,2025-04-10,control,Other,referral
3915,2025-05-23,control,US,organic
3916,2025-01-15,control,US,paid
3917,2025-01-13,treatment,DE,paid
3918,2025-06-03,control,BR,paid
3919,2025-01-11,control,US,referral
3920,2025-04-22,treatment,Other,paid
3921,2025-06-19,control,US,organic
3922,2025-04-22,treatment,US,referral
3923,2025-03-29,treatment,PK,paid
3924,2025-03-17,control,Other,paid
3925,2025-04-26,control,BR,paid
3926,2025-04-14,treatment,US,organic
3927,2025-04-01,treatment,GB,paid
3928,2025-01-28,control,US,paid
3929,2025-04-30,treatment,BR,organic
3930,2025-05-14,treatment,IN,organic
3931,2025-05-09,control,GB,referral
3932,2025-01-14,treatment,BR,paid
3933,2025-05-08,control,IN,paid
3934,2025-05-13,control,US,organic
3935,2025-02-03,treatment,US,paid
3936,2025-06-03,control,PK,organic
3937,2025-04-05,control,US,paid
3938,2025-03-27,control,US,paid
3939,2025-05-11,treatment,US,paid
3940,2025-04-03,treatment,BR,partner
3941,2025-04-09,treatment,IN,organic
3942,2025-02-26,control,BR,organic
3943,2025-06-17,treatment,DE,paid
3944,2025-06-25,treatment,BR,paid
3945,2025-01-24,control,US,paid
3946,2025-05-13,control,PK,partner
3947,2025-01-05,treatment,Other,paid
3948,2025-03-08,control,BR,organic
3949,2025-06-25,treatment,GB,organic
3950,2025-02-01,treatment,PK,referral
3951,2025-03-10,control,US,organic
3952,2025-02-09,treatment,GB,paid
3953,2025-05-12,treatment,Other,partner
3954,2025-03-25,control,US,referral
3955,2025-04-18,treatment,US,organic
3956,2025-06-20,control,BR,paid
3957,2025-04-05,treatment,BR,organic
3958,2025-05-13,control,BR,partner
3959,2025-01-18,control,US,paid
3960,2025-02-08,control,IN,paid
3961,2025-06-21,control,US,organic
3962,2025-06-05,control,Other,organic
3963,2025-04-29,control,US,organic
3964,2025-03-10,treatment,US,paid
3965,2025-02-06,control,BR,paid
3966,2025-06-04,control,US,referral
3967,2025-05-23,control,IN,organic
3968,2025-02-13,treatment,US,organic
3969,2025-04-17,control,DE,paid
3970,2025-04-22,treatment,US,paid
3971,2025-03-28,treatment,DE,paid
3972,2025-06-17,control,US,organic
3973,2025-01-23,treatment,GB,organic
3974,2025-02-16,control,US,paid
3975,2025-01-18,treatment,PK,partner
3976,2025-05-06,control,IN,referral
3977,2025-04-27,treatment,US,paid
3978,2025-06-28,treatment,US,paid
3979,2025-04-09,control,US,referral
3980,2025-01-28,control,US,referral
3981,2025-03-23,control,DE,organic
3982,2025-01-17,control,GB,organic
3983,2025-05-02,treatment,Other,referral
3984,2025-05-03,treatment,PK,referral
3985,2025-06-05,treatment,US,paid
3986,2025-03-03,treatment,US,organic
3987,2025-02-26,treatment,US,referral
3988,2025-01-13,treatment,US,organic
3989,2025-03-17,control,BR,organic
3990,2025-03-28,control,US,paid
3991,2025-05-17,control,US,paid
3992,2025-05-17,control,US,organic
3993,2025-01-26,control,IN,paid
3994,2025-02-21,control,US,paid
3995,2025-04-03,control,Other,organic
3996,2025-03-02,control,GB,organic
3997,2025-01-05,control,GB,paid
3998,2025-06-03,control,DE,partner
3999,2025-05-13,control,BR,referral
4000,2025-04-05,control,DE,organic
4001,2025-02-27,treatment,DE,paid
4002,2025-06-02,treatment,GB,referral
4003,2025-01-07,control,GB,organic
4004,2025-03-22,control,US,paid
4005,2025-05-25,control,IN,organic
4006,2025-06-22,control,IN,paid
4007,2025-02-15,control,IN,organic
4008,2025-04-28,treatment,Other,organic
4009,2025-02-04,control,DE,organic
4010,2025-01-21,control,Other,organic
4011,2025-03-05,treatment,DE,organic
4012,2025-06-10,treatment,DE,organic
4013,2025-05-05,control,IN,paid
4014,2025-03-30,control,US,organic
4015,2025-02-21,treatment,US,organic
4016,2025-01-26,control,BR,organic
4017,2025-02-19,treatment,US,partner
4018,2025-01-28,treatment,US,organic
4019,2025-02-03,control,PK,paid
4020,2025-05-05,treatment,DE,organic
4021,2025-01-25,control,US,organic
4022,2025-01-09,control,US,referral
4023,2025-04-09,control,Other,paid
4024,2025-02-21,treatment,Other,paid
4025,2025-03-24,control,IN,organic
4026,2025-01-26,control,US,organic
4027,2025-02-08,treatment,GB,organic
4028,2025-03-21,control,GB,organic
4029,2025-05-05,treatment,PK,partner
4030,2025-03-16,treatment,BR,organic
4031,2025-04-09,treatment,IN,organic
4032,2025-04-05,treatment,GB,organic
4033,2025-02-18,treatment,Other,organic
4034,2025-02-20,control,DE,organic
4035,2025-03-19,treatment,DE,organic
4036,2025-01-06,treatment,DE,partner
4037,2025-05-05,treatment,BR,paid
4038,2025-04-22,treatment,Other,organic
4039,2025-02-25,treatment,DE,organic
4040,2025-03-09,treatment,Other,paid
4041,2025-03-01,control,GB,organic
4042,2025-04-28,control,GB,referral
4043,2025-05-18,treatment,GB,paid
4044,2025-01-20,treatment,US,paid
4045,2025-03-16,control,PK,paid
4046,2025-01-03,control,US,organic
4047,2025-03-23,treatment,GB,organic
4048,2025-02-14,control,US,paid
4049,2025-03-02,treatment,IN,organic
4050,2025-03-24,treatment,Other,organic
4051,2025-02-28,control,PK,partner
4052,2025-03-13,control,GB,referral
4053,2025-05-19,treatment,DE,organic
4054,2025-05-27,control,US,referral
4055,2025-01-02,treatment,Other,organic
4056,2025-03-10,control,US,referral
4057,2025-06-03,control,Other,organic
4058,2025-04-07,control,PK,paid
4059,2025-02-07,treatment,IN,paid
4060,2025-04-18,treatment,IN,organic
4061,2025-01-27,treatment,GB,partner
4062,2025-01-04,control,GB,organic
4063,2025-04-25,treatment,GB,partner
4064,2025-04-04,control,US,organic
4065,2025-05-17,treatment,IN,organic
4066,2025-03-04,treatment,DE,organic
4067,2025-06-04,control,Other,organic
4068,2025-03-18,treatment,Other,paid
4069,2025-05-14,control,US,paid
4070,2025-01-19,control,US,referral
4071,2025-01-18,treatment,DE,paid
4072,2025-05-22,treatment,US,paid
4073,2025-05-31,control,IN,organic
4074,2025-06-20,treatment,IN,paid
4075,2025-02-28,control,IN,partner
4076,2025-01-05,treatment,DE,organic
4077,2025-06-27,treatment,PK,organic
4078,2025-04-19,control,IN,organic
4079,2025-02-14,treatment,Other,organic
4080,2025-05-19,treatment,PK,paid
4081,2025-06-13,treatment,IN,organic
4082,2025-02-21,control,US,referral
4083,2025-05-20,control,PK,organic
4084,2025-05-23,treatment,GB,organic
4085,2025-04-01,treatment,DE,organic
4086,2025-04-25,treatment,DE,organic
4087,2025-02-18,treatment,GB,referral
4088,2025-06-18,treatment,US,partner
4089,2025-06-27,control,US,organic
4090,2025-06-27,control,PK,organic
4091,2025-05-14,treatment,IN,paid
4092,2025-01-08,control,Other,paid
4093,2025-03-08,control,PK,paid
4094,2025-03-22,treatment,DE,organic
4095,2025-06-23,treatment,PK,paid
4096,2025-04-10,treatment,BR,organic
4097,2025-04-08,control,GB,organic
4098,2025-01-27,treatment,Other,partner
4099,2025-05-24,control,Other,organic
4100,2025-03-02,control,US,organic
4101,2025-01-17,treatment,PK,organic
4102,2025-06-28,treatment,US,organic
4103,2025-02-04,treatment,Other,partner
4104,2025-01-03,treatment,IN,organic
4105,2025-01-15,treatment,US,paid
4106,2025-03-23,control,PK,referral
4107,2025-01-19,control,BR,organic
4108,2025-06-02,treatment,US,organic
4109,2025-04-03,treatment,PK,organic
4110,2025-02-28,control,PK,organic
4111,2025-01-01,control,DE,organic
4112,2025-03-28,control,IN,paid
4113,2025-01-28,control,US,organic
4114,2025-06-27,treatment,GB,paid
4115,2025-02-22,control,IN,partner
4116,2025-03-27,control,US,organic
4117,2025-01-04,treatment,DE,organic
4118,2025-01-24,treatment,Other,organic
4119,2025-02-07,control,PK,organic
4120,2025-01-10,control,BR,organic
4121,2025-05-12,control,BR,paid
4122,2025-06-21,control,Other,organic
4123,2025-06-28,control,Other,organic
4124,2025-02-18,control,US,organic
4125,2025-05-23,control,DE,paid
4126,2025-04-02,control,US,organic
4127,2025-01-09,control,US,paid
4128,2025-01-17,treatment,GB,paid
4129,2025-04-10,control,IN,organic
4130,2025-03-18,control,PK,paid
4131,2025-01-02,treatment,Other,organic
4132,2025-06-18,control,DE,paid
4133,2025-05-13,control,DE,organic
4134,2025-04-01,treatment,US,paid
4135,2025-06-28,treatment,US,paid
4136,2025-06-25,control,US,paid
4137,2025-06-26,treatment,Other,paid
4138,2025-02-16,treatment,US,organic
4139,2025-06-09,control,IN,paid
4140,2025-04-02,control,GB,organic
4141,2025-05-12,control,BR,organic
4142,2025-06-05,treatment,Other,organic
4143,2025-01-30,control,Other,paid
4144,2025-03-23,control,US,paid
4145,2025-01-24,treatment,Other,referral
4146,2025-02-20,treatment,US,paid
4147,2025-03-16,control,PK,paid
4148,2025-06-04,control,US,referral
4149,2025-06-06,control,BR,organic
4150,2025-03-12,treatment,IN,paid
4151,2025-03-01,control,PK,organic
4152,2025-04-07,treatment,PK,organic
4153,2025-06-15,control,GB,partner
4154,2025-06-26,control,Other,organic
4155,2025-02-11,control,GB,partner
4156,2025-02-03,control,US,referral
4157,2025-05-08,control,US,referral
4158,2025-02-24,treatment,US,paid
4159,2025-02-06,control,US,paid
4160,2025-01-06,treatment,IN,organic
4161,2025-03-14,control,US,organic
4162,2025-03-12,treatment,BR,referral
4163,2025-04-12,control,US,organic
4164,2025-02-06,treatment,IN,paid
4165,2025-05-10,control,GB,partner
4166,2025-05-04,treatment,GB,organic
4167,2025-03-25,treatment,IN,referral
4168,2025-02-02,treatment,Other,organic
4169,2025-04-02,treatment,Other,organic
4170,2025-05-03,control,GB,paid
4171,2025-03-09,treatment,Other,paid
4172,2025-02-17,control,IN,referral
4173,2025-04-02,treatment,Other,organic
4174,2025-03-06,control,US,organic
4175,2025-03-14,control,US,referral
4176,2025-03-05,treatment,US,paid
4177,2025-02-24,control,PK,paid
4178,2025-05-10,treatment,US,organic
4179,2025-03-25,control,US,partner
4180,2025-03-26,treatment,BR,partner
4181,2025-04-29,treatment,Other,paid
4182,2025-03-07,treatment,BR,organic
4183,2025-01-19,control,IN,partner
4184,2025-06-04,control,US,referral
4185,2025-01-11,control,Other,paid
4186,2025-04-14,control,US,paid
4187,2025-02-18,treatment,GB,organic
4188,2025-02-08,control,DE,organic
4189,2025-01-08,control,US,paid
4190,2025-06-12,control,IN,paid
4191,2025-03-19,treatment,IN,paid
4192,2025-03-04,control,US,referral
4193,2025-05-15,control,US,paid
4194,2025-01-08,control,US,referral
4195,2025-04-13,control,US,organic
4196,2025-03-31,treatment,Other,partner
4197,2025-04-11,control,IN,organic
4198,2025-01-23,treatment,US,organic
4199,2025-06-22,treatment,US,paid
4200,2025-02-13,treatment,PK,organic
4201,2025-05-03,treatment,PK,organic
4202,2025-05-16,treatment,Other,paid
4203,2025-03-04,control,US,organic
4204,2025-01-24,control,BR,referral
4205,2025-02-23,treatment,US,organic
4206,2025-05-27,treatment,PK,organic
4207,2025-06-14,treatment,DE,organic
4208,2025-06-19,control,IN,paid
4209,2025-02-10,control,US,organic
4210,2025-04-20,control,IN,organic
4211,2025-01-28,control,US,organic
4212,2025-05-09,control,PK,organic
4213,2025-03-17,control,US,paid
4214,2025-05-10,treatment,PK,paid
4215,2025-05-05,treatment,US,organic
4216,2025-06-29,treatment,IN,organic
4217,2025-03-30,treatment,IN,referral
4218,2025-03-03,control,GB,organic
4219,2025-04-06,control,US,partner
4220,2025-01-30,treatment,GB,organic
4221,2025-01-21,treatment,GB,partner
4222,2025-04-04,treatment,IN,organic
4223,2025-05-30,treatment,US,paid
4224,2025-04-07,treatment,US,organic
4225,2025-05-22,treatment,GB,partner
4226,2025-02-02,treatment,US,organic
4227,2025-03-23,treatment,US,paid
4228,2025-04-21,control,IN,organic
4229,2025-03-04,control,US,paid
4230,2025-01-03,control,Other,paid
4231,2025-01-14,treatment,IN,paid
4232,2025-06-17,treatment,DE,paid
4233,2025-04-20,control,Other,referral
4234,2025-02-17,control,IN,paid
4235,2025-02-16,treatment,BR,organic
4236,2025-01-08,control,GB,organic
4237,2025-06-21,treatment,IN,paid
4238,2025-01-20,control,US,organic
4239,2025-05-18,control,BR,paid
4240,2025-02-13,control,US,organic
4241,2025-03-02,control,DE,partner
4242,2025-02-19,control,IN,paid
4243,2025-05-30,control,US,paid
4244,2025-01-06,control,US,referral
4245,2025-03-05,control,PK,referral
4246,2025-02-20,treatment,US,organic
4247,2025-02-19,control,US,organic
4248,2025-02-04,control,GB,paid
4249,2025-06-15,control,Other,organic
4250,2025-03-10,treatment,IN,organic
4251,2025-03-17,treatment,BR,organic
4252,2025-03-11,treatment,PK,organic
4253,2025-06-27,treatment,IN,organic
4254,2025-03-03,control,PK,organic
4255,2025-03-03,treatment,IN,organic
4256,2025-03-01,control,Other,paid
4257,2025-03-01,treatment,IN,organic
4258,2025-01-17,control,US,organic
4259,2025-04-20,control,US,referral
4260,2025-01-05,treatment,US,paid
4261,2025-02-10,treatment,BR,referral
4262,2025-02-06,treatment,Other,partner
4263,2025-02-22,control,IN,paid
4264,2025-05-17,control,IN,referral
4265,2025-04-19,control,IN,organic
4266,2025-06-29,control,Other,paid
4267,2025-03-05,control,IN,paid
4268,2025-06-18,control,US,paid
4269,2025-01-09,treatment,DE,organic
4270,2025-04-02,control,DE,partner
4271,2025-05-25,treatment,US,organic
4272,2025-04-07,treatment,US,referral
4273,2025-06-18,treatment,GB,partner
4274,2025-02-26,control,US,referral
4275,2025-01-07,control,US,organic
4276,2025-05-21,control,Other,organic
4277,2025-01-13,treatment,GB,paid
4278,2025-05-19,control,PK,paid
4279,2025-05-13,control,US,organic
4280,2025-06-02,treatment,Other,paid
4281,2025-03-28,treatment,IN,partner
4282,2025-06-12,treatment,Other,organic
4283,2025-01-31,control,BR,organic
4284,2025-03-20,treatment,IN,paid
4285,2025-01-23,control,GB,paid
4286,2025-05-19,control,DE,partner
4287,2025-05-10,treatment,IN,paid
4288,2025-05-26,treatment,US,organic
4289,2025-05-19,control,US,paid
4290,2025-02-25,control,Other,referral
4291,2025-01-13,control,US,organic
4292,2025-06-18,treatment,IN,organic
4293,2025-03-31,treatment,US,paid
4294,2025-01-18,control,GB,organic
4295,2025-06-17,control,GB,partner
4296,2025-06-29,treatment,DE,organic
4297,2025-03-22,treatment,PK,organic
4298,2025-05-20,control,Other,partner
4299,2025-01-07,treatment,US,organic
4300,2025-01-17,treatment,GB,organic
4301,2025-02-20,control,PK,organic
4302,2025-04-29,treatment,US,partner
4303,2025-01-25,treatment,US,partner
4304,2025-01-07,treatment,DE,organic
4305,2025-05-02,treatment,PK,paid
4306,2025-05-20,treatment,GB,paid
4307,2025-05-14,treatment,US,organic
4308,2025-05-25,control,Other,organic
4309,2025-05-26,treatment,Other,referral
4310,2025-04-20,control,IN,organic
4311,2025-04-05,control,IN,paid
4312,2025-06-05,control,Other,organic
4313,2025-03-04,treatment,IN,paid
4314,2025-01-18,treatment,PK,organic
4315,2025-05-17,treatment,DE,organic
4316,2025-02-19,treatment,US,organic
4317,2025-06-27,control,PK,partner
4318,2025-03-16,treatment,IN,organic
4319,2025-06-04,treatment,GB,organic
4320,2025-01-08,control,IN,organic
4321,2025-04-30,treatment,PK,organic
4322,2025-03-23,treatment,US,referral
4323,2025-03-25,control,IN,organic
4324,2025-02-18,treatment,US,paid
4325,2025-06-25,control,IN,paid
4326,2025-03-13,control,Other,referral
4327,2025-06-03,control,Other,referral
4328,2025-03-18,control,Other,organic
4329,2025-01-09,control,IN,referral
4330,2025-06-09,treatment,DE,referral
4331,2025-02-03,control,IN,partner
4332,2025-02-18,treatment,GB,partner
4333,2025-06-05,treatment,BR,paid
4334,2025-06-11,control,BR,organic
4335,2025-06-15,control,BR,organic
4336,2025-03-19,treatment,DE,referral
4337,2025-05-18,treatment,GB,partner
4338,2025-03-01,treatment,GB,organic
4339,2025-05-15,control,US,paid
4340,2025-04-01,treatment,DE,organic
4341,2025-01-10,treatment,US,organic
4342,2025-03-17,treatment,Other,organic
4343,2025-03-26,control,US,organic
4344,2025-02-16,treatment,PK,paid
4345,2025-03-09,control,US,organic
4346,2025-04-01,treatment,Other,paid
4347,2025-01-09,treatment,IN,paid
4348,2025-01-28,treatment,Other,referral
4349,2025-05-19,control,Other,organic
4350,2025-03-05,treatment,IN,organic
4351,2025-04-21,control,US,paid
4352,2025-04-13,control,BR,paid
4353,2025-04-10,treatment,GB,organic
4354,2025-03-16,treatment,Other,paid
4355,2025-03-29,control,Other,partner
4356,2025-05-30,treatment,GB,organic
4357,2025-06-24,control,IN,organic
4358,2025-02-16,treatment,GB,partner
4359,2025-05-02,treatment,IN,referral
4360,2025-06-25,treatment,IN,organic
4361,2025-01-02,treatment,BR,referral
4362,2025-05-23,treatment,Other,organic
4363,2025-03-31,control,US,referral
4364,2025-06-25,treatment,PK,paid
4365,2025-04-15,control,IN,paid
4366,2025-06-01,control,GB,partner
4367,2025-01-31,treatment,DE,referral
4368,2025-01-26,control,US,organic
4369,2025-06-17,control,BR,paid
4370,2025-04-06,treatment,Other,referral
4371,2025-04-12,control,US,paid
4372,2025-01-31,control,US,organic
4373,2025-02-11,control,DE,organic
4374,2025-05-29,control,GB,partner
4375,2025-02-24,treatment,US,organic
4376,2025-04-16,treatment,IN,paid
4377,2025-02-27,treatment,DE,paid
4378,2025-02-17,control,PK,organic
4379,2025-01-31,treatment,DE,organic
4380,2025-06-18,control,IN,organic
4381,2025-06-20,treatment,GB,organic
4382,2025-01-21,treatment,US,referral
4383,2025-03-05,control,DE,organic
4384,2025-04-13,treatment,IN,organic
4385,2025-03-11,treatment,Other,paid
4386,2025-05-11,control,US,referral
4387,2025-02-17,treatment,BR,organic
4388,2025-01-11,treatment,IN,organic
4389,2025-03-02,control,US,paid
4390,2025-04-19,control,PK,paid
4391,2025-02-02,treatment,US,paid
4392,2025-05-28,treatment,Other,organic
4393,2025-01-03,treatment,BR,referral
4394,2025-01-13,treatment,US,paid
4395,2025-04-03,treatment,IN,referral
4396,2025-04-03,control,US,partner
4397,2025-02-23,control,IN,paid
4398,2025-02-16,control,PK,organic
4399,2025-01-13,treatment,BR,paid
4400,2025-04-30,treatment,US,paid
4401,2025-03-10,treatment,DE,organic
4402,2025-01-22,control,BR,organic
4403,2025-03-14,treatment,IN,organic
4404,2025-06-19,treatment,IN,partner
4405,2025-02-17,control,DE,referral
4406,2025-06-11,control,IN,paid
4407,2025-02-16,treatment,IN,referral
4408,2025-02-03,treatment,IN,paid
4409,2025-02-17,treatment,US,referral
4410,2025-02-28,control,DE,organic
4411,2025-01-22,treatment,DE,organic
4412,2025-04-17,control,PK,paid
4413,2025-03-02,control,PK,referral
4414,2025-05-10,treatment,Other,referral
4415,2025-03-30,control,US,partner
4416,2025-03-22,treatment,IN,referral
4417,2025-03-27,control,Other,organic
4418,2025-01-29,control,US,organic
4419,2025-05-10,control,US,organic
4420,2025-01-19,treatment,US,paid
4421,2025-05-11,control,IN,paid
4422,2025-06-30,control,DE,organic
4423,2025-05-19,control,US,paid
4424,2025-03-24,control,BR,referral
4425,2025-02-26,treatment,PK,organic
4426,2025-06-07,control,Other,paid
4427,2025-02-16,control,IN,organic
4428,2025-03-29,treatment,Other,paid
4429,2025-05-20,control,IN,paid
4430,2025-06-16,treatment,PK,organic
4431,2025-06-16,control,DE,paid
4432,2025-01-16,treatment,Other,paid
4433,2025-06-12,control,Other,organic
4434,2025-01-21,control,IN,referral
4435,2025-04-16,control,DE,referral
4436,2025-06-18,treatment,GB,paid
4437,2025-04-29,control,GB,organic
4438,2025-06-21,treatment,US,organic
4439,2025-03-04,treatment,US,organic
4440,2025-02-26,control,DE,organic
4441,2025-03-01,control,US,paid
4442,2025-03-06,control,Other,partner
4443,2025-05-04,treatment,IN,organic
4444,2025-03-23,treatment,PK,paid
4445,2025-05-14,treatment,DE,paid
4446,2025-03-17,control,US,paid
4447,2025-02-25,treatment,GB,referral
4448,2025-02-04,control,Other,organic
4449,2025-04-10,control,US,paid
4450,2025-06-12,control,IN,organic
4451,2025-06-05,control,US,organic
4452,2025-02-15,treatment,GB,paid
4453,2025-03-28,treatment,US,organic
4454,2025-05-08,control,DE,organic
4455,2025-04-21,control,US,organic
4456,2025-01-13,treatment,Other,organic
4457,2025-04-17,treatment,US,organic
4458,2025-01-08,control,US,organic
4459,2025-01-22,control,US,organic
4460,2025-04-29,treatment,Other,paid
4461,2025-01-19,treatment,IN,paid
4462,2025-03-03,treatment,IN,partner
4463,2025-04-17,control,BR,partner
4464,2025-04-29,treatment,Other,referral
4465,2025-03-22,control,US,paid
4466,2025-01-18,treatment,PK,organic
4467,2025-05-25,control,PK,organic
4468,2025-06-21,control,US,partner
4469,2025-06-10,control,US,partner
4470,2025-05-16,control,BR,paid
4471,2025-03-14,control,US,paid
4472,2025-06-08,treatment,GB,organic
4473,2025-03-30,treatment,DE,organic
4474,2025-01-25,treatment,US,paid
4475,2025-06-03,control,IN,organic
4476,2025-02-27,control,DE,paid
4477,2025-06-19,control,IN,referral
4478,2025-03-08,control,DE,referral
4479,2025-06-07,control,DE,referral
4480,2025-04-08,treatment,DE,organic
4481,2025-03-26,treatment,Other,organic
4482,2025-02-23,control,GB,paid
4483,2025-06-01,treatment,IN,paid
4484,2025-01-11,treatment,PK,partner
4485,2025-03-26,control,IN,organic
4486,2025-03-08,treatment,US,organic
4487,2025-04-09,control,US,organic
4488,2025-02-16,control,BR,paid
4489,2025-05-01,treatment,IN,organic
4490,2025-03-11,treatment,IN,organic
4491,2025-02-04,control,IN,organic
4492,2025-02-05,control,US,organic
4493,2025-05-07,treatment,IN,paid
4494,2025-02-17,control,IN,organic
4495,2025-02-25,treatment,Other,referral
4496,2025-04-24,treatment,IN,paid
4497,2025-03-01,control,DE,organic
4498,2025-03-12,treatment,IN,organic
4499,2025-02-14,treatment,IN,organic
4500,2025-03-04,treatment,GB,organic
4501,2025-05-06,control,BR,paid
4502,2025-04-07,control,US,partner
4503,2025-06-30,control,US,organic
4504,2025-05-20,treatment,IN,organic
4505,2025-01-04,treatment,GB,referral
4506,2025-03-10,treatment,IN,paid
4507,2025-02-22,treatment,DE,organic
4508,2025-04-17,control,PK,paid
4509,2025-02-18,control,IN,organic
4510,2025-06-24,treatment,IN,organic
4511,2025-02-24,treatment,DE,partner
4512,2025-04-05,treatment,Other,paid
4513,2025-01-23,control,DE,organic
4514,2025-06-14,control,PK,partner
4515,2025-06-15,treatment,DE,organic
4516,2025-05-24,control,US,organic
4517,2025-03-05,control,IN,partner
4518,2025-01-11,treatment,DE,paid
4519,2025-05-09,treatment,US,referral
4520,2025-03-19,treatment,GB,organic
4521,2025-06-29,treatment,US,organic
4522,2025-05-07,treatment,Other,partner
4523,2025-04-08,control,IN,organic
4524,2025-06-28,control,US,referral
4525,2025-05-25,treatment,IN,referral
4526,2025-03-24,control,IN,organic
4527,2025-01-04,treatment,IN,referral
4528,2025-01-17,treatment,BR,partner
4529,2025-03-22,control,US,referral
4530,2025-04-12,treatment,US,organic
4531,2025-01-06,treatment,IN,paid
4532,2025-01-23,control,IN,organic
4533,2025-05-08,control,IN,organic
4534,2025-05-17,treatment,US,partner
4535,2025-01-06,control,PK,partner
4536,2025-04-02,control,DE,organic
4537,2025-01-15,treatment,IN,paid
4538,2025-05-11,treatment,US,partner
4539,2025-05-31,treatment,IN,paid
4540,2025-06-07,treatment,Other,organic
4541,2025-04-19,treatment,US,organic
4542,2025-04-24,control,PK,paid
4543,2025-06-17,control,IN,partner
4544,2025-04-21,treatment,US,organic
4545,2025-03-22,control,GB,organic
4546,2025-05-17,treatment,IN,referral
4547,2025-04-17,treatment,GB,referral
4548,2025-06-02,control,US,partner
4549,2025-04-05,treatment,Other,referral
4550,2025-06-07,treatment,BR,paid
4551,2025-01-09,treatment,IN,partner
4552,2025-01-07,control,IN,paid
4553,2025-01-18,treatment,BR,paid
4554,2025-04-11,control,IN,organic
4555,2025-05-09,treatment,US,paid
4556,2025-02-09,treatment,GB,organic
4557,2025-01-29,control,IN,referral
4558,2025-06-05,control,Other,organic
4559,2025-05-16,treatment,GB,organic
4560,2025-04-28,treatment,Other,partner
4561,2025-03-30,control,IN,referral
4562,2025-03-18,treatment,DE,referral
4563,2025-01-04,treatment,DE,paid
4564,2025-02-04,control,US,organic
4565,2025-06-12,treatment,IN,organic
4566,2025-03-03,control,US,referral
4567,2025-05-08,control,DE,referral
4568,2025-05-08,treatment,US,organic
4569,2025-02-26,control,Other,organic
4570,2025-02-06,treatment,GB,organic
4571,2025-05-06,treatment,DE,paid
4572,2025-01-17,treatment,GB,organic
4573,2025-03-31,control,US,organic
4574,2025-06-10,control,GB,organic
4575,2025-05-09,treatment,IN,paid
4576,2025-05-19,treatment,IN,paid
4577,2025-01-16,treatment,DE,organic
4578,2025-02-06,control,PK,organic
4579,2025-02-19,control,US,organic
4580,2025-02-22,control,PK,paid
4581,2025-02-05,treatment,US,organic
4582,2025-06-25,control,Other,partner
4583,2025-01-30,treatment,Other,organic
4584,2025-05-09,control,PK,referral
4585,2025-04-17,control,US,organic
4586,2025-04-21,treatment,BR,paid
4587,2025-02-08,treatment,PK,paid
4588,2025-02-25,treatment,BR,organic
4589,2025-04-20,control,GB,organic
4590,2025-02-24,treatment,DE,organic
4591,2025-05-06,control,US,paid
4592,2025-01-08,treatment,DE,partner
4593,2025-01-14,treatment,US,paid
4594,2025-05-12,control,IN,paid
4595,2025-04-22,treatment,GB,organic
4596,2025-01-08,control,US,paid
4597,2025-06-12,control,US,paid
4598,2025-01-01,control,Other,organic
4599,2025-06-22,control,BR,organic
4600,2025-05-13,treatment,IN,organic
4601,2025-06-28,treatment,IN,organic
4602,2025-06-21,treatment,IN,partner
4603,2025-02-26,treatment,DE,organic
4604,2025-05-17,treatment,IN,organic
4605,2025-02-08,control,US,organic
4606,2025-03-27,control,BR,organic
4607,2025-02-13,control,US,organic
4608,2025-03-29,treatment,Other,organic
4609,2025-06-07,treatment,BR,organic
4610,2025-03-20,treatment,US,organic
4611,2025-01-17,control,IN,referral
4612,2025-02-28,control,US,paid
4613,2025-05-23,treatment,DE,paid
4614,2025-04-05,control,Other,organic
4615,2025-04-12,treatment,IN,organic
4616,2025-03-20,control,IN,partner
4617,2025-02-22,control,DE,organic
4618,2025-04-19,treatment,DE,organic
4619,2025-04-25,treatment,US,organic
4620,2025-06-12,treatment,IN,organic
4621,2025-04-22,control,BR,paid
4622,2025-06-30,control,US,paid
4623,2025-05-30,treatment,US,organic
4624,2025-01-15,treatment,US,paid
4625,2025-03-12,control,US,organic
4626,2025-03-11,treatment,US,paid
4627,2025-01-01,control,DE,referral
4628,2025-02-02,control,DE,paid
4629,2025-05-18,treatment,DE,organic
4630,2025-03-05,treatment,US,organic
4631,2025-01-27,control,BR,paid
4632,2025-02-22,control,PK,organic
4633,2025-02-19,treatment,GB,partner
4634,2025-02-01,treatment,GB,referral
4635,2025-01-19,treatment,BR,organic
4636,2025-05-19,control,US,referral
4637,2025-05-30,treatment,GB,organic
4638,2025-03-31,treatment,DE,organic
4639,2025-04-22,treatment,GB,partner
4640,2025-06-16,control,PK,referral
4641,2025-06-02,treatment,PK,paid
4642,2025-01-06,treatment,DE,referral
4643,2025-06-22,treatment,DE,organic
4644,2025-01-13,treatment,Other,paid
4645,2025-01-05,treatment,BR,partner
4646,2025-03-14,control,Other,referral
4647,2025-05-15,control,IN,organic
4648,2025-01-15,treatment,US,organic
4649,2025-02-23,control,US,referral
4650,2025-02-17,control,US,organic
4651,2025-03-13,treatment,PK,partner
4652,2025-06-28,control,GB,organic
4653,2025-03-01,treatment,IN,organic
4654,2025-02-07,control,BR,organic
4655,2025-01-23,control,PK,paid
4656,2025-02-05,control,IN,organic
4657,2025-01-25,treatment,US,organic
4658,2025-04-14,treatment,GB,partner
4659,2025-03-18,control,BR,organic
4660,2025-04-01,control,PK,paid
4661,2025-05-31,control,IN,organic
4662,2025-04-16,treatment,BR,paid
4663,2025-01-29,treatment,PK,paid
4664,2025-03-10,treatment,DE,referral
4665,2025-02-26,control,US,organic
4666,2025-05-30,treatment,Other,paid
4667,2025-02-25,control,BR,organic
4668,2025-01-26,control,PK,paid
4669,2025-05-14,control,GB,organic
4670,2025-03-19,control,BR,paid
4671,2025-01-18,control,GB,organic
4672,2025-05-05,treatment,DE,referral
4673,2025-02-08,control,US,organic
4674,2025-06-07,treatment,IN,paid
4675,2025-05-31,treatment,GB,organic
4676,2025-03-08,treatment,GB,paid
4677,2025-04-11,control,GB,partner
4678,2025-04-13,treatment,DE,organic
4679,2025-04-29,control,BR,organic
4680,2025-01-13,control,IN,paid
4681,2025-02-28,control,IN,organic
4682,2025-01-31,treatment,DE,paid
4683,2025-05-07,treatment,DE,organic
4684,2025-01-13,treatment,US,organic
4685,2025-04-04,treatment,BR,referral
4686,2025-05-12,treatment,Other,organic
4687,2025-06-21,treatment,DE,paid
4688,2025-02-22,treatment,Other,organic
4689,2025-01-02,control,US,organic
4690,2025-05-11,treatment,IN,paid
4691,2025-01-01,treatment,IN,paid
4692,2025-01-13,treatment,IN,referral
4693,2025-06-29,control,IN,organic
4694,2025-06-06,control,US,organic
4695,2025-05-09,treatment,IN,organic
4696,2025-06-01,control,DE,paid
4697,2025-01-14,control,BR,paid
4698,2025-01-17,treatment,US,referral
4699,2025-02-24,treatment,US,referral
4700,2025-01-05,treatment,Other,organic
4701,2025-06-10,treatment,GB,partner
4702,2025-01-11,control,GB,partner
4703,2025-04-09,control,US,organic
4704,2025-06-04,treatment,IN,organic
4705,2025-05-14,control,IN,referral
4706,2025-02-12,treatment,Other,paid
4707,2025-03-27,treatment,BR,organic
4708,2025-04-10,treatment,US,organic
4709,2025-05-19,treatment,US,paid
4710,2025-03-19,treatment,US,referral
4711,2025-02-21,treatment,IN,referral
4712,2025-05-24,control,Other,partner
4713,2025-06-10,control,US,paid
4714,2025-03-30,control,GB,referral
4715,2025-01-06,treatment,IN,organic
4716,2025-04-01,control,BR,paid
4717,2025-06-10,treatment,IN,partner
4718,2025-06-29,treatment,DE,referral
4719,2025-03-14,control,US,paid
4720,2025-01-28,treatment,DE,organic
4721,2025-04-14,control,GB,organic
4722,2025-05-31,control,IN,paid
4723,2025-06-21,control,US,organic
4724,2025-01-10,control,DE,organic
4725,2025-02-22,treatment,Other,referral
4726,2025-03-28,treatment,BR,organic
4727,2025-01-18,treatment,US,organic
4728,2025-06-10,treatment,Other,organic
4729,2025-01-21,treatment,US,organic
4730,2025-05-01,treatment,IN,organic
4731,2025-06-16,treatment,US,organic
4732,2025-05-05,control,Other,paid
4733,2025-05-19,treatment,US,organic
4734,2025-02-17,treatment,GB,paid
4735,2025-05-30,control,Other,referral
4736,2025-03-17,control,BR,paid
4737,2025-01-12,control,US,paid
4738,2025-03-08,control,US,paid
4739,2025-03-05,treatment,US,paid
4740,2025-04-05,control,US,organic
4741,2025-02-17,treatment,BR,partner
4742,2025-03-25,treatment,DE,organic
4743,2025-03-19,control,Other,paid
4744,2025-03-01,treatment,IN,paid
4745,2025-05-07,treatment,Other,referral
4746,2025-02-25,treatment,BR,paid
4747,2025-05-19,control,DE,paid
4748,2025-02-15,treatment,BR,paid
4749,2025-06-06,control,GB,referral
4750,2025-03-08,control,US,organic
4751,2025-01-08,control,PK,partner
4752,2025-01-28,control,IN,referral
4753,2025-05-26,treatment,GB,organic
4754,2025-06-07,control,DE,organic
4755,2025-02-08,treatment,US,partner
4756,2025-04-19,control,BR,organic
4757,2025-04-14,treatment,GB,organic
4758,2025-01-25,control,Other,organic
4759,2025-03-23,treatment,BR,organic
4760,2025-05-06,treatment,DE,paid
4761,2025-06-25,control,IN,referral
4762,2025-06-03,treatment,Other,paid
4763,2025-01-18,control,PK,organic
4764,2025-02-12,treatment,DE,paid
4765,2025-03-21,treatment,GB,organic
4766,2025-01-28,control,IN,paid
4767,2025-04-14,control,PK,organic
4768,2025-01-02,control,Other,partner
4769,2025-01-21,treatment,DE,referral
4770,2025-01-09,treatment,IN,paid
4771,2025-02-23,control,GB,paid
4772,2025-05-18,control,US,paid
4773,2025-02-02,control,US,organic
4774,2025-06-28,treatment,US,referral
4775,2025-02-18,control,BR,partner
4776,2025-01-09,control,GB,partner
4777,2025-03-02,treatment,IN,paid
4778,2025-05-16,control,IN,paid
4779,2025-01-20,treatment,US,organic
4780,2025-01-14,control,IN,organic
4781,2025-06-03,control,US,paid
4782,2025-04-18,treatment,US,partner
4783,2025-03-04,control,Other,referral
4784,2025-05-17,control,US,referral
4785,2025-06-02,treatment,GB,organic
4786,2025-03-07,treatment,IN,paid
4787,2025-04-12,treatment,GB,paid
4788,2025-01-02,control,GB,paid
4789,2025-02-25,control,IN,organic
4790,2025-04-18,control,IN,paid
4791,2025-02-05,treatment,BR,organic
4792,2025-06-29,treatment,Other,paid
4793,2025-06-25,treatment,US,partner
4794,2025-02-16,treatment,DE,paid
4795,2025-03-13,control,US,organic
4796,2025-02-04,treatment,US,paid
4797,2025-04-02,control,Other,paid
4798,2025-01-23,control,IN,paid
4799,2025-03-12,treatment,US,organic
4800,2025-04-11,treatment,DE,paid
4801,2025-04-21,control,US,referral
4802,2025-04-18,control,IN,organic
4803,2025-02-10,treatment,GB,paid
4804,2025-05-24,control,Other,referral
4805,2025-05-06,treatment,US,referral
4806,2025-05-17,treatment,GB,partner
4807,2025-03-26,control,Other,referral
4808,2025-06-11,control,Other,paid
4809,2025-03-12,control,GB,paid
4810,2025-05-26,treatment,DE,organic
4811,2025-02-06,control,Other,organic
4812,2025-02-14,treatment,IN,paid
4813,2025-04-06,control,IN,organic
4814,2025-04-11,treatment,IN,organic
4815,2025-05-16,control,Other,referral
4816,2025-02-23,control,BR,organic
4817,2025-06-07,treatment,US,organic
4818,2025-03-01,treatment,DE,paid
4819,2025-04-07,control,IN,organic
4820,2025-06-18,control,DE,paid
4821,2025-04-08,treatment,GB,organic
4822,2025-05-04,control,IN,referral
4823,2025-06-14,control,DE,paid
4824,2025-06-26,control,Other,paid
4825,2025-04-01,control,GB,organic
4826,2025-03-17,treatment,IN,paid
4827,2025-02-05,treatment,BR,organic
4828,2025-04-08,treatment,US,paid
4829,2025-06-16,treatment,DE,organic
4830,2025-03-30,control,US,organic
4831,2025-03-05,treatment,PK,organic
4832,2025-01-20,control,IN,organic
4833,2025-03-12,control,US,organic
4834,2025-02-12,treatment,DE,organic
4835,2025-06-26,control,Other,referral
4836,2025-04-06,control,GB,paid
4837,2025-01-25,control,Other,paid
4838,2025-01-13,treatment,US,organic
4839,2025-06-03,control,US,organic
4840,2025-06-18,treatment,BR,partner
4841,2025-05-19,treatment,US,organic
4842,2025-01-23,treatment,Other,referral
4843,2025-01-18,control,IN,paid
4844,2025-02-05,treatment,IN,organic
4845,2025-05-16,control,IN,paid
4846,2025-05-19,treatment,IN,referral
4847,2025-06-01,treatment,IN,referral
4848,2025-01-18,control,IN,paid
4849,2025-01-28,treatment,PK,organic
4850,2025-06-12,treatment,BR,paid
4851,2025-06-18,control,GB,organic
4852,2025-05-12,control,DE,organic
4853,2025-01-20,treatment,DE,paid
4854,2025-01-13,treatment,GB,organic
4855,2025-01-11,treatment,DE,referral
4856,2025-05-06,control,GB,partner
4857,2025-06-03,treatment,US,organic
4858,2025-04-25,treatment,PK,organic
4859,2025-02-17,treatment,IN,paid
4860,2025-05-18,control,GB,organic
4861,2025-01-11,control,Other,organic
4862,2025-05-30,treatment,Other,partner
4863,2025-06-11,control,Other,organic
4864,2025-05-11,control,US,organic
4865,2025-06-09,treatment,GB,organic
4866,2025-04-17,control,DE,organic
4867,2025-03-26,control,IN,referral
4868,2025-02-28,control,IN,referral
4869,2025-06-16,treatment,IN,organic
4870,2025-05-07,treatment,IN,organic
4871,2025-02-04,control,Other,referral
4872,2025-06-23,control,BR,paid
4873,2025-01-11,treatment,Other,paid
4874,2025-04-17,control,PK,organic
4875,2025-02-04,treatment,GB,paid
4876,2025-05-01,treatment,PK,organic
4877,2025-03-16,control,US,organic
4878,2025-03-21,control,US,paid
4879,2025-05-02,control,Other,organic
4880,2025-05-17,treatment,DE,paid
4881,2025-03-10,control,DE,paid
4882,2025-06-30,treatment,Other,referral
4883,2025-04-01,treatment,GB,paid
4884,2025-01-30,treatment,US,organic
4885,2025-01-02,treatment,US,paid
4886,2025-02-06,control,BR,referral
4887,2025-05-06,treatment,US,organic
4888,2025-04-08,treatment,US,referral
4889,2025-03-03,control,PK,partner
4890,2025-03-29,control,GB,paid
4891,2025-06-01,control,BR,organic
4892,2025-04-14,control,US,paid
4893,2025-01-11,treatment,BR,organic
4894,2025-01-09,control,IN,organic
4895,2025-03-29,treatment,DE,organic
4896,2025-03-15,treatment,GB,paid
4897,2025-06-03,control,GB,paid
4898,2025-04-16,treatment,US,paid
4899,2025-05-17,control,US,organic
4900,2025-04-16,control,DE,organic
4901,2025-03-04,control,US,paid
4902,2025-04-29,control,US,paid
4903,2025-04-23,control,US,organic
4904,2025-05-11,control,PK,organic
4905,2025-02-04,control,DE,organic
4906,2025-04-27,control,BR,referral
4907,2025-02-21,treatment,BR,paid
4908,2025-05-24,control,GB,referral
4909,2025-05-25,treatment,GB,organic
4910,2025-04-24,treatment,GB,organic
4911,2025-06-21,treatment,BR,organic
4912,2025-04-08,treatment,GB,organic
4913,2025-01-05,treatment,US,organic
4914,2025-04-20,treatment,Other,referral
4915,2025-05-21,treatment,IN,organic
4916,2025-01-19,treatment,US,organic
4917,2025-01-19,control,Other,organic
4918,2025-02-19,treatment,US,organic
4919,2025-06-02,treatment,US,paid
4920,2025-04-06,control,US,organic
4921,2025-06-26,treatment,Other,organic
4922,2025-06-08,treatment,US,paid
4923,2025-04-11,treatment,PK,organic
4924,2025-05-03,control,IN,organic
4925,2025-03-01,control,BR,paid
4926,2025-01-17,control,GB,organic
4927,2025-03-14,treatment,US,referral
4928,2025-04-18,treatment,IN,referral
4929,2025-02-02,treatment,GB,organic
4930,2025-02-10,control,BR,paid
4931,2025-01-03,control,US,organic
4932,2025-05-13,treatment,IN,referral
4933,2025-06-12,treatment,IN,organic
4934,2025-05-30,treatment,BR,paid
4935,2025-03-10,control,DE,organic
4936,2025-04-18,control,GB,referral
4937,2025-06-23,treatment,GB,partner
4938,2025-04-18,treatment,US,organic
4939,2025-02-23,control,IN,organic
4940,2025-03-03,treatment,US,paid
4941,2025-05-12,treatment,US,paid
4942,2025-03-22,treatment,US,organic
4943,2025-06-01,control,US,paid
4944,2025-06-06,control,BR,paid
4945,2025-01-07,treatment,IN,partner
4946,2025-05-11,treatment,DE,paid
4947,2025-03-08,treatment,DE,paid
4948,2025-04-05,treatment,BR,organic
4949,2025-02-17,control,BR,organic
4950,2025-03-08,control,PK,paid
4951,2025-03-01,control,PK,paid
4952,2025-01-10,treatment,PK,referral
4953,2025-05-22,control,PK,organic
4954,2025-01-26,treatment,Other,organic
4955,2025-03-10,treatment,BR,organic
4956,2025-02-04,treatment,BR,paid
4957,2025-01-30,treatment,IN,organic
4958,2025-03-09,treatment,US,organic
4959,2025-06-16,control,GB,organic
4960,2025-06-20,treatment,Other,organic
4961,2025-03-11,control,BR,organic
4962,2025-04-02,control,US,partner
4963,2025-06-28,treatment,DE,referral
4964,2025-02-12,treatment,US,organic
4965,2025-06-20,treatment,GB,referral
4966,2025-01-20,control,BR,paid
4967,2025-02-10,treatment,BR,partner
4968,2025-03-03,treatment,DE,paid
4969,2025-01-07,treatment,US,organic
4970,2025-05-28,control,DE,organic
4971,2025-06-04,treatment,US,partner
4972,2025-03-11,treatment,DE,partner
4973,2025-06-01,treatment,IN,paid
4974,2025-05-20,control,US,paid
4975,2025-05-26,treatment,Other,paid
4976,2025-05-26,control,IN,referral
4977,2025-04-14,control,US,paid
4978,2025-01-21,control,GB,organic
4979,2025-06-17,treatment,US,organic
4980,2025-04-21,treatment,US,paid
4981,2025-06-13,control,Other,organic
4982,2025-06-23,control,IN,referral
4983,2025-02-03,control,IN,partner
4984,2025-03-14,control,IN,organic
4985,2025-02-04,treatment,Other,referral
4986,2025-01-10,control,Other,paid
4987,2025-06-24,control,US,paid
4988,2025-06-17,treatment,US,organic
4989,2025-06-18,control,GB,organic
4990,2025-06-09,treatment,GB,partner
4991,2025-04-28,treatment,BR,paid
4992,2025-04-05,treatment,US,paid
4993,2025-06-29,treatment,PK,organic
4994,2025-04-10,control,US,organic
4995,2025-04-27,treatment,PK,paid
4996,2025-02-08,treatment,GB,paid
4997,2025-05-16,control,US,referral
4998,2025-05-29,treatment,PK,paid
4999,2025-05-03,treatment,DE,organic
5000,2025-04-01,treatment,IN,organic
5001,2025-02-05,treatment,Other,organic
5002,2025-01-07,control,US,organic
5003,2025-04-24,treatment,US,organic
5004,2025-05-04,treatment,US,referral
5005,2025-05-20,treatment,US,organic
5006,2025-06-22,control,Other,referral
5007,2025-04-01,treatment,PK,partner
5008,2025-05-31,treatment,GB,organic
5009,2025-05-10,control,IN,paid
5010,2025-02-20,treatment,Other,organic
5011,2025-06-02,treatment,US,organic
5012,2025-01-10,treatment,US,organic
5013,2025-04-19,treatment,PK,organic
5014,2025-06-20,control,IN,paid
5015,2025-04-30,treatment,US,paid
5016,2025-06-19,treatment,DE,paid
5017,2025-01-11,treatment,US,paid
5018,2025-04-07,control,IN,referral
5019,2025-05-22,control,IN,referral
5020,2025-04-27,treatment,US,referral
5021,2025-06-09,control,PK,paid
5022,2025-03-25,treatment,DE,organic
5023,2025-05-04,treatment,IN,paid
5024,2025-03-17,treatment,IN,paid
5025,2025-06-07,control,DE,organic
5026,2025-01-22,treatment,GB,referral
5027,2025-02-15,control,US,partner
5028,2025-01-18,treatment,IN,partner
5029,2025-05-08,control,IN,organic
5030,2025-02-12,treatment,GB,organic
5031,2025-02-27,control,Other,organic
5032,2025-06-01,control,PK,referral
5033,2025-03-07,treatment,US,paid
5034,2025-01-27,treatment,US,referral
5035,2025-01-04,treatment,BR,partner
5036,2025-02-11,treatment,US,organic
5037,2025-06-15,treatment,Other,organic
5038,2025-04-10,control,IN,referral
5039,2025-06-30,treatment,US,organic
5040,2025-02-08,treatment,DE,paid
5041,2025-03-05,treatment,US,organic
5042,2025-01-30,control,DE,paid
5043,2025-03-14,treatment,US,partner
5044,2025-04-12,control,PK,organic
5045,2025-05-27,treatment,IN,paid
5046,2025-03-08,treatment,Other,partner
5047,2025-05-20,treatment,US,organic
5048,2025-04-24,control,GB,paid
5049,2025-02-22,control,PK,partner
5050,2025-06-15,control,GB,organic
5051,2025-03-20,control,GB,organic
5052,2025-01-28,control,Other,organic
5053,2025-06-24,treatment,IN,organic
5054,2025-06-15,control,Other,organic
5055,2025-01-09,control,DE,organic
5056,2025-06-13,treatment,BR,organic
5057,2025-06-21,control,DE,referral
5058,2025-05-31,control,DE,organic
5059,2025-02-16,treatment,US,paid
5060,2025-04-25,control,PK,organic
5061,2025-04-08,control,GB,paid
5062,2025-04-23,treatment,BR,organic
5063,2025-04-22,control,Other,organic
5064,2025-04-26,control,IN,partner
5065,2025-04-04,control,US,referral
5066,2025-05-05,control,IN,paid
5067,2025-04-06,treatment,DE,paid
5068,2025-01-03,control,US,organic
5069,2025-01-07,control,US,organic
5070,2025-06-23,control,IN,paid
5071,2025-06-14,treatment,IN,referral
5072,2025-04-16,control,Other,partner
5073,2025-02-01,treatment,GB,paid
5074,2025-05-22,control,GB,organic
5075,2025-01-26,treatment,US,paid
5076,2025-03-10,control,Other,paid
5077,2025-03-01,control,PK,organic
5078,2025-01-03,treatment,Other,organic
5079,2025-05-27,control,DE,organic
5080,2025-04-03,treatment,US,organic
5081,2025-02-27,treatment,BR,referral
5082,2025-04-02,treatment,GB,organic
5083,2025-01-01,control,GB,paid
5084,2025-03-21,treatment,US,organic
5085,2025-04-05,control,US,organic
5086,2025-03-03,treatment,GB,paid
5087,2025-05-31,treatment,Other,paid
5088,2025-02-15,treatment,IN,referral
5089,2025-01-25,treatment,IN,paid
5090,2025-04-06,treatment,US,referral
5091,2025-06-10,treatment,IN,organic
5092,2025-03-09,control,DE,paid
5093,2025-01-09,treatment,US,organic
5094,2025-06-25,control,GB,paid
5095,2025-03-22,control,US,paid
5096,2025-02-01,treatment,Other,organic
5097,2025-04-22,control,PK,paid
5098,2025-02-27,treatment,GB,paid
5099,2025-06-19,control,IN,organic
5100,2025-02-23,control,GB,paid
5101,2025-04-10,treatment,US,referral
5102,2025-04-09,control,IN,organic
5103,2025-02-13,treatment,IN,paid
5104,2025-04-01,treatment,IN,referral
5105,2025-01-20,treatment,US,organic
5106,2025-04-27,control,BR,organic
5107,2025-05-18,treatment,US,paid
5108,2025-06-21,control,US,paid
5109,2025-02-28,control,US,referral
5110,2025-02-21,control,US,paid
5111,2025-04-10,control,GB,paid
5112,2025-05-06,treatment,GB,paid
5113,2025-06-29,control,IN,organic
5114,2025-01-05,control,GB,paid
5115,2025-02-13,treatment,US,organic
5116,2025-02-17,control,Other,partner
5117,2025-02-16,control,Other,organic
5118,2025-03-25,control,US,organic
5119,2025-06-07,control,GB,referral
5120,2025-01-06,treatment,US,organic
5121,2025-05-28,treatment,Other,organic
5122,2025-04-22,treatment,GB,partner
5123,2025-04-22,treatment,US,referral
5124,2025-05-03,control,IN,organic
5125,2025-01-21,treatment,IN,organic
5126,2025-05-16,control,US,paid
5127,2025-02-14,control,GB,paid
5128,2025-04-04,control,DE,organic
5129,2025-05-03,control,US,organic
5130,2025-04-20,treatment,GB,referral
5131,2025-02-28,control,PK,organic
5132,2025-03-13,control,IN,referral
5133,2025-03-28,control,IN,organic
5134,2025-01-08,treatment,IN,paid
5135,2025-05-12,treatment,BR,paid
5136,2025-01-19,treatment,GB,organic
5137,2025-03-25,treatment,IN,paid
5138,2025-04-29,treatment,US,organic
5139,2025-01-15,control,US,referral
5140,2025-06-30,control,US,paid
5141,2025-03-10,control,IN,organic
5142,2025-01-03,control,BR,paid
5143,2025-04-30,treatment,DE,partner
5144,2025-04-11,control,DE,organic
5145,2025-04-26,control,PK,organic
5146,2025-05-16,treatment,US,referral
5147,2025-03-28,control,GB,organic
5148,2025-05-30,control,IN,paid
5149,2025-03-08,control,IN,organic
5150,2025-04-09,treatment,DE,paid
5151,2025-01-29,control,US,organic
5152,2025-04-23,control,Other,organic
5153,2025-02-17,control,DE,referral
5154,2025-05-07,treatment,Other,paid
5155,2025-05-25,control,IN,organic
5156,2025-06-05,control,Other,paid
5157,2025-06-18,treatment,US,paid
5158,2025-01-23,treatment,DE,organic
5159,2025-01-25,control,US,paid
5160,2025-06-17,control,US,partner
5161,2025-03-10,control,US,organic
5162,2025-01-05,treatment,GB,referral
5163,2025-02-21,control,DE,paid
5164,2025-06-01,treatment,IN,organic
5165,2025-03-06,treatment,GB,paid
5166,2025-01-14,treatment,US,organic
5167,2025-05-11,control,GB,referral
5168,2025-02-05,treatment,IN,paid
5169,2025-03-05,treatment,US,organic
5170,2025-01-01,treatment,IN,organic
5171,2025-04-19,control,GB,organic
5172,2025-03-22,treatment,BR,paid
5173,2025-06-06,treatment,IN,partner
5174,2025-03-02,treatment,BR,referral
5175,2025-02-07,treatment,IN,referral
5176,2025-01-31,treatment,Other,paid
5177,2025-02-06,control,US,organic
5178,2025-03-23,treatment,GB,paid
5179,2025-01-16,treatment,Other,organic
5180,2025-03-14,treatment,PK,organic
5181,2025-06-04,control,IN,organic
5182,2025-05-19,control,US,partner
5183,2025-04-26,treatment,GB,paid
5184,2025-06-11,treatment,Other,organic
5185,2025-05-22,control,IN,partner
5186,2025-04-29,control,GB,referral
5187,2025-06-06,treatment,US,paid
5188,2025-01-23,treatment,PK,organic
5189,2025-05-29,control,BR,organic
5190,2025-02-23,control,Other,organic
5191,2025-05-13,control,DE,paid
5192,2025-06-15,control,GB,paid
5193,2025-03-31,treatment,GB,organic
5194,2025-01-17,treatment,DE,organic
5195,2025-03-09,treatment,GB,paid
5196,2025-03-15,treatment,US,referral
5197,2025-06-19,control,GB,organic
5198,2025-06-20,control,US,paid
5199,2025-04-13,control,PK,partner
5200,2025-06-22,control,US,paid
5201,2025-03-20,treatment,DE,organic
5202,2025-03-16,control,IN,paid
5203,2025-06-01,treatment,US,referral
5204,2025-05-01,control,BR,referral
5205,2025-04-05,control,PK,organic
5206,2025-03-24,control,BR,organic
5207,2025-05-08,treatment,DE,organic
5208,2025-05-17,treatment,PK,organic
5209,2025-03-30,treatment,Other,paid
5210,2025-01-06,control,PK,organic
5211,2025-01-19,treatment,DE,paid
5212,2025-01-27,treatment,IN,paid
5213,2025-03-25,control,BR,paid
5214,2025-04-22,control,GB,organic
5215,2025-05-26,control,DE,organic
5216,2025-02-12,control,PK,organic
5217,2025-05-23,treatment,GB,partner
5218,2025-05-01,control,Other,organic
5219,2025-01-10,treatment,Other,organic
5220,2025-03-05,treatment,GB,organic
5221,2025-02-24,control,US,paid
5222,2025-06-10,treatment,Other,paid
5223,2025-06-16,control,US,partner
5224,2025-05-29,control,IN,organic
5225,2025-04-06,control,US,organic
5226,2025-03-31,control,US,referral
5227,2025-02-26,control,US,organic
5228,2025-05-20,treatment,GB,organic
5229,2025-01-16,treatment,Other,partner
5230,2025-02-19,treatment,US,paid
5231,2025-01-25,control,US,organic
5232,2025-03-31,treatment,IN,partner
5233,2025-02-24,control,Other,organic
5234,2025-02-05,treatment,GB,organic
5235,2025-03-10,treatment,IN,organic
5236,2025-06-05,treatment,US,organic
5237,2025-04-11,control,PK,organic
5238,2025-05-29,treatment,IN,referral
5239,2025-06-15,treatment,Other,partner
5240,2025-06-13,control,IN,paid
5241,2025-03-05,treatment,Other,partner
5242,2025-06-08,control,GB,organic
5243,2025-06-14,treatment,IN,organic
5244,2025-06-23,treatment,IN,organic
5245,2025-03-05,treatment,US,paid
5246,2025-02-11,control,Other,organic
5247,2025-04-16,control,IN,organic
5248,2025-06-18,control,Other,partner
5249,2025-06-13,control,GB,organic
5250,2025-04-14,treatment,PK,paid
5251,2025-01-28,control,GB,organic
5252,2025-03-18,treatment,Other,paid
5253,2025-05-10,control,US,paid
5254,2025-04-12,control,IN,organic
5255,2025-03-04,control,US,organic
5256,2025-03-04,control,IN,paid
5257,2025-01-11,control,GB,paid
5258,2025-02-22,control,Other,organic
5259,2025-05-02,control,Other,organic
5260,2025-02-13,control,GB,organic
5261,2025-06-29,treatment,PK,organic
5262,2025-01-15,treatment,IN,referral
5263,2025-04-17,treatment,DE,organic
5264,2025-03-31,control,GB,paid
5265,2025-05-31,control,US,paid
5266,2025-06-10,control,US,referral
5267,2025-04-09,treatment,BR,organic
5268,2025-04-25,treatment,BR,paid
5269,2025-05-07,control,DE,paid
5270,2025-04-05,control,Other,organic
5271,2025-02-03,control,US,organic
5272,2025-03-19,control,Other,referral
5273,2025-02-13,treatment,PK,organic
5274,2025-03-26,control,IN,organic
5275,2025-04-22,control,BR,paid
5276,2025-02-07,control,US,organic
5277,2025-02-15,control,Other,organic
5278,2025-05-29,control,IN,organic
5279,2025-03-10,control,PK,organic
5280,2025-02-05,control,US,paid
5281,2025-05-10,control,BR,organic
5282,2025-05-10,treatment,DE,organic
5283,2025-05-30,treatment,IN,paid
5284,2025-05-18,control,IN,paid
5285,2025-06-29,treatment,US,paid
5286,2025-04-15,control,US,organic
5287,2025-02-21,treatment,US,organic
5288,2025-06-06,treatment,US,partner
5289,2025-02-17,control,US,organic
5290,2025-02-22,control,US,organic
5291,2025-05-30,treatment,GB,paid
5292,2025-06-09,control,IN,referral
5293,2025-03-03,control,PK,partner
5294,2025-05-13,treatment,GB,organic
5295,2025-06-16,control,US,partner
5296,2025-05-25,treatment,IN,organic
5297,2025-01-01,treatment,GB,referral
5298,2025-05-01,treatment,US,organic
5299,2025-01-31,treatment,DE,partner
5300,2025-06-03,treatment,Other,referral
5301,2025-01-13,treatment,GB,referral
5302,2025-06-29,treatment,Other,paid
5303,2025-02-02,treatment,US,organic
5304,2025-03-18,treatment,US,paid
5305,2025-02-12,treatment,US,organic
5306,2025-05-28,treatment,IN,paid
5307,2025-03-13,control,BR,organic
5308,2025-05-15,treatment,BR,organic
5309,2025-01-13,control,Other,organic
5310,2025-03-23,control,BR,referral
5311,2025-06-14,control,US,organic
5312,2025-06-17,treatment,IN,paid
5313,2025-02-07,treatment,US,organic
5314,2025-03-13,control,BR,organic
5315,2025-03-16,control,Other,paid
5316,2025-04-13,control,DE,organic
5317,2025-04-08,control,GB,paid
5318,2025-01-20,control,BR,organic
5319,2025-05-19,treatment,US,partner
5320,2025-02-10,control,GB,organic
5321,2025-02-27,control,BR,organic
5322,2025-06-02,control,US,partner
5323,2025-05-05,treatment,US,referral
5324,2025-03-13,treatment,BR,paid
5325,2025-06-15,control,DE,organic
5326,2025-03-13,control,GB,organic
5327,2025-04-13,treatment,Other,paid
5328,2025-02-14,control,US,organic
5329,2025-02-03,treatment,US,organic
5330,2025-03-30,treatment,Other,paid
5331,2025-04-12,treatment,US,organic
5332,2025-05-26,treatment,Other,referral
5333,2025-03-12,control,IN,organic
5334,2025-06-12,control,BR,partner
5335,2025-04-20,control,US,paid
5336,2025-01-13,control,GB,partner
5337,2025-05-14,control,PK,referral
5338,2025-04-15,control,US,organic
5339,2025-03-12,treatment,IN,organic
5340,2025-03-26,control,PK,organic
5341,2025-02-24,treatment,IN,paid
5342,2025-04-22,control,US,organic
5343,2025-04-13,control,IN,paid
5344,2025-03-22,control,IN,referral
5345,2025-02-21,treatment,US,organic
5346,2025-03-14,treatment,Other,paid
5347,2025-04-01,treatment,US,referral
5348,2025-03-27,control,Other,referral
5349,2025-02-25,control,US,organic
5350,2025-04-16,treatment,US,organic
5351,2025-02-11,control,IN,paid
5352,2025-04-01,control,US,organic
5353,2025-01-23,control,US,paid
5354,2025-03-27,control,US,partner
5355,2025-05-22,control,PK,paid
5356,2025-05-29,control,US,organic
5357,2025-05-06,treatment,IN,organic
5358,2025-05-15,treatment,BR,partner
5359,2025-01-12,control,BR,organic
5360,2025-03-03,control,GB,organic
5361,2025-04-29,treatment,GB,paid
5362,2025-05-25,control,Other,paid
5363,2025-04-16,treatment,PK,organic
5364,2025-06-04,control,Other,paid
5365,2025-02-19,treatment,IN,paid
5366,2025-01-28,treatment,PK,organic
5367,2025-01-16,control,Other,organic
5368,2025-04-16,treatment,DE,paid
5369,2025-05-01,treatment,Other,organic
5370,2025-02-21,treatment,US,partner
5371,2025-05-22,control,US,organic
5372,2025-05-14,control,DE,paid
5373,2025-03-07,control,DE,paid
5374,2025-02-13,treatment,DE,paid
5375,2025-05-15,control,BR,organic
5376,2025-05-02,control,BR,paid
5377,2025-01-31,treatment,Other,partner
5378,2025-02-16,control,GB,organic
5379,2025-03-29,treatment,GB,organic
5380,2025-04-03,control,IN,organic
5381,2025-01-31,treatment,IN,organic
5382,2025-06-21,control,PK,organic
5383,2025-03-12,control,GB,referral
5384,2025-03-11,treatment,US,partner
5385,2025-01-11,control,Other,partner
5386,2025-06-08,control,US,organic
5387,2025-02-12,control,IN,paid
5388,2025-06-28,treatment,GB,organic
5389,2025-03-31,control,DE,organic
5390,2025-06-08,control,PK,paid
5391,2025-02-02,control,DE,organic
5392,2025-01-31,control,US,organic
5393,2025-05-26,treatment,IN,referral
5394,2025-05-29,control,US,referral
5395,2025-04-09,treatment,US,partner
5396,2025-01-06,treatment,BR,organic
5397,2025-06-20,treatment,DE,referral
5398,2025-03-13,treatment,IN,organic
5399,2025-06-19,control,GB,organic
5400,2025-06-07,treatment,GB,paid
5401,2025-06-04,treatment,GB,paid
5402,2025-05-05,treatment,Other,organic
5403,2025-05-02,control,US,referral
5404,2025-04-07,control,Other,organic
5405,2025-01-05,treatment,GB,partner
5406,2025-03-12,control,GB,organic
5407,2025-05-13,treatment,IN,paid
5408,2025-05-28,control,GB,partner
5409,2025-04-12,treatment,IN,paid
5410,2025-05-09,control,Other,referral
5411,2025-01-04,control,PK,paid
5412,2025-03-26,control,BR,organic
5413,2025-04-02,treatment,IN,paid
5414,2025-06-11,treatment,GB,paid
5415,2025-02-26,treatment,IN,organic
5416,2025-02-11,treatment,US,organic
5417,2025-03-05,treatment,US,organic
5418,2025-01-31,treatment,BR,organic
5419,2025-04-12,treatment,US,partner
5420,2025-04-27,treatment,IN,partner
5421,2025-05-26,treatment,US,paid
5422,2025-06-25,control,US,organic
5423,2025-01-14,treatment,IN,organic
5424,2025-02-14,control,BR,organic
5425,2025-02-24,control,Other,organic
5426,2025-02-15,treatment,US,referral
5427,2025-05-30,treatment,US,paid
5428,2025-01-26,control,US,paid
5429,2025-01-06,control,DE,organic
5430,2025-06-05,treatment,US,partner
5431,2025-06-24,control,IN,organic
5432,2025-02-10,control,US,organic
5433,2025-03-02,treatment,Other,organic
5434,2025-04-02,treatment,BR,organic
5435,2025-04-06,treatment,IN,paid
5436,2025-06-29,treatment,US,paid
5437,2025-03-15,control,US,paid
5438,2025-01-03,control,GB,organic
5439,2025-03-18,treatment,BR,partner
5440,2025-04-11,treatment,BR,paid
5441,2025-04-04,control,GB,referral
5442,2025-04-03,control,US,organic
5443,2025-06-16,control,Other,partner
5444,2025-05-27,control,US,paid
5445,2025-02-15,control,US,paid
5446,2025-03-06,control,GB,organic
5447,2025-05-01,treatment,GB,organic
5448,2025-03-16,control,DE,referral
5449,2025-03-19,treatment,IN,organic
5450,2025-01-31,treatment,IN,paid
5451,2025-02-16,treatment,IN,paid
5452,2025-05-15,treatment,US,referral
5453,2025-06-02,control,US,organic
5454,2025-05-23,control,PK,partner
5455,2025-02-25,treatment,US,organic
5456,2025-01-25,control,GB,referral
5457,2025-01-29,control,DE,organic
5458,2025-03-13,control,IN,organic
5459,2025-04-04,treatment,US,organic
5460,2025-06-11,control,Other,referral
5461,2025-06-12,control,GB,paid
5462,2025-01-01,control,Other,organic
5463,2025-05-09,treatment,GB,organic
5464,2025-02-24,control,IN,paid
5465,2025-02-05,treatment,GB,organic
5466,2025-04-11,treatment,PK,organic
5467,2025-01-07,control,DE,paid
5468,2025-03-02,control,Other,organic
5469,2025-04-10,treatment,IN,organic
5470,2025-02-19,treatment,BR,organic
5471,2025-04-18,control,US,paid
5472,2025-03-25,control,US,paid
5473,2025-05-25,control,Other,organic
5474,2025-02-02,control,Other,paid
5475,2025-01-11,control,US,organic
5476,2025-04-06,control,US,organic
5477,2025-02-16,control,US,organic
5478,2025-05-08,treatment,US,organic
5479,2025-01-17,treatment,GB,paid
5480,2025-04-15,treatment,PK,organic
5481,2025-06-29,treatment,US,partner
5482,2025-01-17,treatment,Other,partner
5483,2025-02-24,control,Other,organic
5484,2025-06-02,treatment,GB,paid
5485,2025-04-07,control,DE,paid
5486,2025-02-01,treatment,BR,organic
5487,2025-02-08,treatment,US,organic
5488,2025-05-19,treatment,IN,partner
5489,2025-06-05,control,BR,organic
5490,2025-03-07,treatment,US,paid
5491,2025-03-27,control,Other,paid
5492,2025-05-22,control,GB,organic
5493,2025-02-02,control,US,paid
5494,2025-02-07,control,Other,partner
5495,2025-05-21,treatment,US,organic
5496,2025-02-03,control,US,organic
5497,2025-05-20,control,US,organic
5498,2025-03-31,treatment,GB,referral
5499,2025-06-29,treatment,DE,paid
5500,2025-01-06,control,IN,paid
5501,2025-06-21,treatment,GB,referral
5502,2025-02-10,treatment,BR,partner
5503,2025-01-07,control,US,organic
5504,2025-05-12,treatment,GB,referral
5505,2025-04-07,treatment,Other,organic
5506,2025-06-01,control,IN,organic
5507,2025-01-20,control,IN,organic
5508,2025-01-15,control,GB,organic
5509,2025-04-13,treatment,DE,referral
5510,2025-06-09,control,PK,paid
5511,2025-03-15,control,Other,paid
5512,2025-05-25,treatment,IN,organic
5513,2025-06-14,treatment,DE,organic
5514,2025-06-07,control,US,partner
5515,2025-04-03,control,US,referral
5516,2025-05-07,control,US,paid
5517,2025-04-06,treatment,GB,organic
5518,2025-05-03,control,US,organic
5519,2025-04-13,control,DE,partner
5520,2025-04-06,treatment,BR,organic
5521,2025-03-21,control,BR,organic
5522,2025-04-29,control,BR,paid
5523,2025-05-16,treatment,US,partner
5524,2025-06-16,control,BR,organic
5525,2025-04-21,treatment,Other,referral
5526,2025-01-19,treatment,DE,organic
5527,2025-04-17,control,Other,paid
5528,2025-02-27,treatment,GB,organic
5529,2025-01-05,treatment,IN,referral
5530,2025-01-14,treatment,DE,paid
5531,2025-04-18,treatment,IN,partner
5532,2025-06-21,control,Other,paid
5533,2025-04-02,control,DE,referral
5534,2025-03-22,treatment,IN,paid
5535,2025-01-17,control,Other,paid
5536,2025-05-03,control,PK,organic
5537,2025-01-11,control,US,referral
5538,2025-06-02,control,US,organic
5539,2025-05-28,treatment,Other,paid
5540,2025-06-29,treatment,IN,paid
5541,2025-02-21,treatment,Other,referral
5542,2025-01-30,control,GB,paid
5543,2025-02-24,control,PK,paid
5544,2025-05-25,treatment,PK,paid
5545,2025-02-09,control,Other,paid
5546,2025-06-10,treatment,IN,organic
5547,2025-01-28,treatment,US,referral
5548,2025-01-09,control,IN,referral
5549,2025-02-09,control,IN,paid
5550,2025-05-17,treatment,GB,organic
5551,2025-04-20,control,US,organic
5552,2025-03-06,treatment,Other,referral
5553,2025-04-29,treatment,US,partner
5554,2025-04-28,control,DE,organic
5555,2025-04-11,treatment,IN,partner
5556,2025-04-04,control,Other,organic
5557,2025-01-19,control,IN,partner
5558,2025-02-17,treatment,GB,partner
5559,2025-04-06,treatment,US,paid
5560,2025-01-25,treatment,GB,partner
5561,2025-03-28,treatment,GB,paid
5562,2025-01-22,treatment,PK,organic
5563,2025-05-23,control,GB,referral
5564,2025-01-19,control,US,organic
5565,2025-01-17,control,Other,organic
5566,2025-04-26,control,US,organic
5567,2025-02-09,control,US,paid
5568,2025-03-05,treatment,DE,paid
5569,2025-02-26,control,US,referral
5570,2025-02-09,treatment,US,referral
5571,2025-05-18,treatment,Other,referral
5572,2025-05-06,treatment,PK,paid
5573,2025-02-13,control,IN,partner
5574,2025-05-05,treatment,IN,organic
5575,2025-05-10,treatment,US,paid
5576,2025-04-08,control,PK,organic
5577,2025-04-15,control,DE,organic
5578,2025-06-19,control,US,organic
5579,2025-03-24,treatment,GB,organic
5580,2025-03-11,treatment,BR,partner
5581,2025-04-08,control,US,paid
5582,2025-06-01,treatment,US,partner
5583,2025-05-09,control,GB,paid
5584,2025-01-14,control,DE,paid
5585,2025-03-25,treatment,US,organic
5586,2025-05-14,treatment,BR,partner
5587,2025-02-10,treatment,US,organic
5588,2025-06-28,control,BR,paid
5589,2025-05-27,control,US,partner
5590,2025-06-03,control,DE,referral
5591,2025-01-15,control,IN,referral
5592,2025-04-15,control,IN,organic
5593,2025-04-06,treatment,US,paid
5594,2025-04-24,treatment,BR,organic
5595,2025-06-03,control,PK,organic
5596,2025-03-05,control,US,organic
5597,2025-04-07,control,BR,referral
5598,2025-05-03,control,DE,partner
5599,2025-05-17,treatment,PK,paid
5600,2025-05-20,control,DE,referral
5601,2025-03-02,treatment,Other,paid
5602,2025-06-30,control,IN,organic
5603,2025-01-02,control,BR,paid
5604,2025-03-31,treatment,GB,organic
5605,2025-04-21,control,BR,paid
5606,2025-01-12,control,US,partner
5607,2025-03-23,treatment,DE,organic
5608,2025-04-18,control,GB,organic
5609,2025-04-20,control,IN,organic
5610,2025-01-22,control,IN,paid
5611,2025-02-20,control,Other,organic
5612,2025-02-14,treatment,US,paid
5613,2025-04-26,control,Other,organic
5614,2025-03-01,treatment,PK,referral
5615,2025-04-14,treatment,Other,referral
5616,2025-05-13,control,IN,organic
5617,2025-05-25,control,US,referral
5618,2025-02-03,control,Other,organic
5619,2025-06-13,control,BR,organic
5620,2025-01-31,control,IN,organic
5621,2025-01-04,treatment,US,organic
5622,2025-01-09,control,US,partner
5623,2025-02-06,control,US,referral
5624,2025-06-08,treatment,BR,referral
5625,2025-02-07,treatment,DE,organic
5626,2025-05-06,control,Other,paid
5627,2025-03-17,control,US,paid
5628,2025-01-08,treatment,US,organic
5629,2025-03-22,control,GB,referral
5630,2025-01-06,treatment,US,referral
5631,2025-03-28,treatment,DE,partner
5632,2025-04-12,treatment,IN,partner
5633,2025-04-05,control,Other,organic
5634,2025-02-21,control,US,referral
5635,2025-05-19,control,US,partner
5636,2025-04-19,treatment,IN,paid
5637,2025-02-16,treatment,US,organic
5638,2025-03-20,treatment,IN,organic
5639,2025-01-20,treatment,BR,organic
5640,2025-06-17,treatment,Other,organic
5641,2025-05-17,treatment,US,partner
5642,2025-02-22,control,Other,partner
5643,2025-05-03,control,Other,partner
5644,2025-05-03,treatment,US,organic
5645,2025-04-21,treatment,DE,paid
5646,2025-01-10,control,DE,paid
5647,2025-06-09,treatment,US,paid
5648,2025-06-23,control,Other,organic
5649,2025-06-26,control,US,partner
5650,2025-06-27,treatment,US,referral
5651,2025-06-18,control,US,referral
5652,2025-05-14,treatment,BR,organic
5653,2025-01-11,treatment,Other,organic
5654,2025-03-26,treatment,IN,paid
5655,2025-02-14,control,IN,paid
5656,2025-02-09,treatment,US,referral
5657,2025-05-31,control,IN,organic
5658,2025-05-28,treatment,DE,organic
5659,2025-04-05,control,DE,referral
5660,2025-05-14,treatment,BR,paid
5661,2025-01-24,treatment,Other,paid
5662,2025-02-10,control,IN,referral
5663,2025-06-05,control,IN,paid
5664,2025-03-23,control,DE,paid
5665,2025-04-09,treatment,US,organic
5666,2025-03-25,treatment,BR,paid
5667,2025-02-06,treatment,IN,paid
5668,2025-05-30,treatment,IN,paid
5669,2025-05-18,control,IN,paid
5670,2025-05-04,treatment,GB,organic
5671,2025-03-05,control,US,organic
5672,2025-04-27,treatment,US,paid
5673,2025-06-22,control,IN,paid
5674,2025-04-28,treatment,Other,organic
5675,2025-03-31,control,BR,referral
5676,2025-02-18,control,IN,organic
5677,2025-04-05,control,IN,paid
5678,2025-03-09,treatment,US,paid
5679,2025-04-21,treatment,US,paid
5680,2025-01-09,control,US,organic
5681,2025-02-04,control,Other,organic
5682,2025-05-23,control,US,organic
5683,2025-03-10,treatment,BR,organic
5684,2025-03-20,treatment,GB,organic
5685,2025-04-09,treatment,IN,paid
5686,2025-03-21,treatment,US,paid
5687,2025-05-18,control,Other,organic
5688,2025-02-14,control,GB,paid
5689,2025-05-18,treatment,Other,organic
5690,2025-02-07,treatment,BR,partner
5691,2025-03-09,control,DE,paid
5692,2025-04-17,treatment,IN,paid
5693,2025-06-10,control,BR,organic
5694,2025-02-12,control,US,paid
5695,2025-04-17,control,IN,organic
5696,2025-01-12,treatment,BR,partner
5697,2025-01-14,treatment,BR,organic
5698,2025-05-19,treatment,IN,paid
5699,2025-05-11,treatment,IN,referral
5700,2025-03-10,treatment,GB,paid
5701,2025-04-23,control,GB,paid
5702,2025-03-10,treatment,US,partner
5703,2025-02-20,control,BR,organic
5704,2025-03-20,treatment,GB,organic
5705,2025-02-26,control,US,partner
5706,2025-05-28,control,PK,organic
5707,2025-03-16,treatment,US,referral
5708,2025-02-28,control,US,organic
5709,2025-04-08,control,PK,organic
5710,2025-05-18,treatment,IN,organic
5711,2025-02-19,treatment,IN,referral
5712,2025-06-20,control,GB,organic
5713,2025-03-25,control,IN,organic
5714,2025-04-30,control,Other,organic
5715,2025-06-23,treatment,GB,organic
5716,2025-03-20,treatment,US,organic
5717,2025-02-06,control,US,partner
5718,2025-05-16,treatment,Other,paid
5719,2025-01-02,treatment,GB,organic
5720,2025-03-24,treatment,DE,organic
5721,2025-06-27,control,BR,organic
5722,2025-03-17,treatment,Other,organic
5723,2025-05-04,treatment,GB,organic
5724,2025-04-06,control,BR,partner
5725,2025-02-08,control,Other,organic
5726,2025-02-27,control,US,organic
5727,2025-04-05,control,BR,paid
5728,2025-01-19,treatment,US,organic
5729,2025-03-17,treatment,US,referral
5730,2025-03-17,control,US,paid
5731,2025-06-01,treatment,GB,organic
5732,2025-01-23,control,US,referral
5733,2025-06-02,treatment,PK,organic
5734,2025-03-16,control,DE,organic
5735,2025-04-28,treatment,DE,paid
5736,2025-04-11,treatment,IN,paid
5737,2025-02-24,treatment,Other,organic
5738,2025-06-18,treatment,GB,organic
5739,2025-02-10,control,US,referral
5740,2025-01-07,treatment,US,paid
5741,2025-05-16,treatment,Other,paid
5742,2025-04-23,control,PK,paid
5743,2025-06-11,treatment,DE,paid
5744,2025-03-24,control,US,paid
5745,2025-01-04,control,BR,organic
5746,2025-01-04,treatment,IN,organic
5747,2025-03-20,control,GB,paid
5748,2025-02-15,control,US,paid
5749,2025-06-16,control,GB,paid
5750,2025-01-22,treatment,IN,paid
5751,2025-06-09,treatment,Other,paid
5752,2025-02-09,control,US,organic
5753,2025-01-22,treatment,Other,referral
5754,2025-02-19,treatment,DE,partner
5755,2025-01-27,treatment,IN,referral
5756,2025-03-14,treatment,Other,referral
5757,2025-03-01,treatment,BR,partner
5758,2025-04-06,control,US,organic
5759,2025-04-08,control,US,paid
5760,2025-01-01,treatment,PK,paid
5761,2025-01-23,control,BR,paid
5762,2025-01-30,control,GB,referral
5763,2025-02-05,control,BR,organic
5764,2025-01-17,control,US,organic
5765,2025-02-26,treatment,US,organic
5766,2025-04-10,control,PK,organic
5767,2025-02-25,treatment,DE,organic
5768,2025-03-01,treatment,US,organic
5769,2025-03-26,control,DE,organic
5770,2025-04-10,control,Other,paid
5771,2025-03-01,control,US,paid
5772,2025-02-10,treatment,US,paid
5773,2025-03-16,control,GB,organic
5774,2025-01-05,treatment,US,partner
5775,2025-03-31,control,US,organic
5776,2025-06-20,control,US,paid
5777,2025-03-14,control,US,referral
5778,2025-01-20,control,IN,referral
5779,2025-05-08,control,US,paid
5780,2025-01-23,treatment,GB,organic
5781,2025-02-05,control,IN,referral
5782,2025-01-27,treatment,US,paid
5783,2025-06-09,treatment,US,referral
5784,2025-06-27,treatment,Other,organic
5785,2025-04-14,treatment,BR,partner
5786,2025-04-22,control,IN,partner
5787,2025-04-27,treatment,BR,paid
5788,2025-04-21,control,Other,partner
5789,2025-04-09,treatment,US,paid
5790,2025-06-28,control,US,organic
5791,2025-05-13,treatment,PK,paid
5792,2025-01-17,treatment,US,paid
5793,2025-03-12,treatment,BR,paid
5794,2025-06-26,control,US,organic
5795,2025-03-15,treatment,GB,paid
5796,2025-02-06,treatment,IN,organic
5797,2025-06-07,control,BR,referral
5798,2025-04-23,control,BR,partner
5799,2025-04-12,control,US,organic
5800,2025-03-18,control,GB,referral
5801,2025-01-23,treatment,IN,organic
5802,2025-03-11,control,US,paid
5803,2025-03-21,treatment,BR,partner
5804,2025-06-18,treatment,BR,organic
5805,2025-02-25,treatment,GB,organic
5806,2025-01-28,treatment,GB,partner
5807,2025-03-19,treatment,PK,organic
5808,2025-06-30,treatment,GB,organic
5809,2025-03-29,control,US,paid
5810,2025-03-10,treatment,Other,organic
5811,2025-05-01,treatment,US,organic
5812,2025-04-28,control,PK,referral
5813,2025-02-24,treatment,US,paid
5814,2025-06-25,treatment,GB,organic
5815,2025-04-18,control,BR,paid
5816,2025-01-11,treatment,US,organic
5817,2025-03-15,treatment,IN,organic
5818,2025-06-17,control,US,partner
5819,2025-03-13,control,BR,referral
5820,2025-04-13,control,PK,paid
5821,2025-04-21,treatment,BR,paid
5822,2025-05-08,control,DE,referral
5823,2025-06-07,treatment,GB,paid
5824,2025-01-28,treatment,US,organic
5825,2025-04-04,treatment,Other,organic
5826,2025-04-07,control,BR,organic
5827,2025-01-28,control,IN,partner
5828,2025-05-02,control,DE,paid
5829,2025-01-22,control,GB,organic
5830,2025-03-24,control,US,organic
5831,2025-03-01,control,US,partner
5832,2025-01-29,control,DE,organic
5833,2025-05-29,treatment,US,referral
5834,2025-02-14,control,US,referral
5835,2025-02-16,control,BR,partner
5836,2025-06-04,treatment,DE,organic
5837,2025-06-08,treatment,DE,referral
5838,2025-01-07,treatment,PK,organic
5839,2025-02-20,treatment,BR,partner
5840,2025-05-09,control,US,organic
5841,2025-05-21,treatment,IN,paid
5842,2025-06-30,treatment,DE,paid
5843,2025-04-11,treatment,BR,referral
5844,2025-01-02,treatment,Other,organic
5845,2025-06-08,control,US,organic
5846,2025-01-30,control,BR,referral
5847,2025-01-22,treatment,GB,organic
5848,2025-05-03,treatment,US,organic
5849,2025-04-20,control,DE,organic
5850,2025-01-11,control,GB,partner
5851,2025-01-31,control,US,paid
5852,2025-04-17,control,DE,paid
5853,2025-02-16,control,GB,referral
5854,2025-05-04,treatment,DE,referral
5855,2025-03-16,control,US,paid
5856,2025-04-17,control,DE,organic
5857,2025-03-27,control,DE,paid
5858,2025-03-08,treatment,DE,paid
5859,2025-03-03,treatment,IN,organic
5860,2025-05-07,treatment,Other,referral
5861,2025-04-04,treatment,US,organic
5862,2025-04-18,treatment,GB,organic
5863,2025-04-15,treatment,Other,paid
5864,2025-02-07,treatment,IN,partner
5865,2025-06-15,control,Other,organic
5866,2025-04-12,treatment,IN,organic
5867,2025-05-10,control,IN,paid
5868,2025-06-09,treatment,US,partner
5869,2025-06-17,control,US,organic
5870,2025-05-01,control,BR,organic
5871,2025-05-23,control,BR,partner
5872,2025-03-27,treatment,IN,paid
5873,2025-05-14,treatment,Other,organic
5874,2025-02-28,control,US,organic
5875,2025-05-09,treatment,DE,paid
5876,2025-01-16,control,Other,paid
5877,2025-06-15,treatment,PK,organic
5878,2025-02-14,control,PK,organic
5879,2025-04-29,control,IN,partner
5880,2025-01-03,treatment,Other,paid
5881,2025-01-29,treatment,GB,paid
5882,2025-06-28,treatment,US,organic
5883,2025-05-31,treatment,US,organic
5884,2025-02-10,treatment,DE,partner
5885,2025-01-24,control,PK,paid
5886,2025-05-28,control,DE,organic
5887,2025-06-29,treatment,IN,paid
5888,2025-01-31,control,GB,organic
5889,2025-05-01,treatment,IN,organic
5890,2025-02-21,control,US,organic
5891,2025-05-15,control,BR,referral
5892,2025-03-17,control,US,paid
5893,2025-01-23,treatment,DE,paid
5894,2025-02-28,treatment,DE,organic
5895,2025-04-08,control,IN,referral
5896,2025-05-25,control,BR,organic
5897,2025-01-04,control,Other,organic
5898,2025-06-23,control,Other,referral
5899,2025-04-28,control,GB,referral
5900,2025-06-08,treatment,US,organic
5901,2025-06-18,control,US,organic
5902,2025-01-28,control,US,paid
5903,2025-01-17,control,US,organic
5904,2025-05-21,control,Other,paid
5905,2025-02-04,control,Other,paid
5906,2025-01-27,treatment,US,paid
5907,2025-03-26,treatment,IN,organic
5908,2025-06-15,treatment,PK,referral
5909,2025-05-25,control,GB,partner
5910,2025-04-04,treatment,Other,paid
5911,2025-02-05,treatment,Other,organic
5912,2025-03-02,treatment,Other,partner
5913,2025-05-05,treatment,IN,organic
5914,2025-01-29,control,GB,organic
5915,2025-04-05,treatment,US,organic
5916,2025-01-03,treatment,Other,organic
5917,2025-02-28,treatment,US,organic
5918,2025-02-14,treatment,DE,referral
5919,2025-05-04,treatment,US,organic
5920,2025-06-15,control,DE,organic
5921,2025-01-27,treatment,US,referral
5922,2025-05-25,treatment,PK,organic
5923,2025-04-29,treatment,BR,paid
5924,2025-06-25,treatment,DE,partner
5925,2025-06-14,control,GB,organic
5926,2025-01-19,control,BR,organic
5927,2025-05-15,control,IN,organic
5928,2025-04-18,treatment,Other,paid
5929,2025-01-21,treatment,PK,organic
5930,2025-02-16,treatment,DE,partner
5931,2025-06-17,treatment,PK,paid
5932,2025-04-09,treatment,BR,paid
5933,2025-03-03,control,IN,partner
5934,2025-02-28,treatment,IN,organic
5935,2025-06-01,treatment,GB,referral
5936,2025-02-21,treatment,DE,paid
5937,2025-01-29,treatment,IN,paid
5938,2025-04-14,treatment,GB,paid
5939,2025-06-29,control,IN,organic
5940,2025-02-03,treatment,GB,referral
5941,2025-02-16,treatment,BR,paid
5942,2025-03-26,control,PK,referral
5943,2025-02-06,control,US,referral
5944,2025-04-28,control,US,paid
5945,2025-02-15,control,BR,partner
5946,2025-01-24,treatment,US,organic
5947,2025-02-17,control,US,organic
5948,2025-06-18,control,IN,organic
5949,2025-06-19,treatment,US,organic
5950,2025-04-02,control,IN,paid
5951,2025-03-14,treatment,US,organic
5952,2025-05-29,control,US,paid
5953,2025-02-05,control,GB,partner
5954,2025-04-29,treatment,Other,referral
5955,2025-05-04,treatment,BR,organic
5956,2025-05-09,treatment,GB,partner
5957,2025-02-09,treatment,DE,referral
5958,2025-05-10,control,BR,referral
5959,2025-04-21,treatment,IN,organic
5960,2025-06-08,control,US,paid
5961,2025-02-01,control,US,organic
5962,2025-04-22,control,DE,organic
5963,2025-05-31,treatment,IN,organic
5964,2025-02-20,control,PK,paid
5965,2025-05-15,control,BR,organic
5966,2025-01-19,control,IN,organic
5967,2025-05-10,treatment,DE,paid
5968,2025-04-20,control,BR,organic
5969,2025-02-04,treatment,IN,organic
5970,2025-01-13,control,US,referral
5971,2025-05-15,treatment,Other,partner
5972,2025-02-13,control,GB,referral
5973,2025-04-01,treatment,IN,paid
5974,2025-01-11,control,BR,organic
5975,2025-06-24,control,Other,organic
5976,2025-04-10,control,US,paid
5977,2025-06-18,control,Other,partner
5978,2025-01-30,control,US,organic
5979,2025-02-07,control,US,organic
5980,2025-04-21,treatment,Other,referral
5981,2025-04-20,treatment,US,paid
5982,2025-05-24,control,IN,organic
5983,2025-06-17,control,DE,referral
5984,2025-05-29,control,Other,paid
5985,2025-01-26,control,PK,partner
5986,2025-02-26,control,GB,organic
5987,2025-06-15,control,PK,organic
5988,2025-04-10,control,US,organic
5989,2025-06-06,treatment,IN,organic
5990,2025-04-12,treatment,IN,organic
5991,2025-01-10,treatment,IN,organic
5992,2025-03-27,control,IN,organic
5993,2025-05-30,treatment,PK,paid
5994,2025-04-29,control,BR,organic
5995,2025-01-25,control,Other,organic
5996,2025-02-08,treatment,US,paid
5997,2025-06-04,control,GB,organic
5998,2025-06-27,control,PK,organic
5999,2025-05-17,treatment,GB,partner
6000,2025-01-18,treatment,DE,paid
6001,2025-04-23,treatment,IN,referral
6002,2025-05-31,control,BR,organic
6003,2025-04-26,control,US,paid
6004,2025-04-18,treatment,US,organic
6005,2025-03-26,control,GB,organic
6006,2025-02-14,control,GB,referral
6007,2025-02-20,control,US,referral
6008,2025-05-15,treatment,PK,paid
6009,2025-01-13,treatment,GB,organic
6010,2025-01-16,control,PK,paid
6011,2025-03-13,treatment,Other,paid
6012,2025-05-21,control,GB,paid
6013,2025-04-29,treatment,Other,paid
6014,2025-04-17,control,US,paid
6015,2025-04-07,control,IN,organic
6016,2025-01-21,control,Other,paid
6017,2025-03-02,treatment,PK,organic
6018,2025-01-15,treatment,US,paid
6019,2025-05-18,treatment,US,paid
6020,2025-05-16,control,US,organic
6021,2025-02-16,control,Other,organic
6022,2025-02-23,control,US,paid
6023,2025-02-27,control,BR,paid
6024,2025-06-10,control,GB,organic
6025,2025-03-30,treatment,GB,organic
6026,2025-05-18,treatment,DE,organic
6027,2025-03-23,treatment,GB,organic
6028,2025-05-07,control,BR,paid
6029,2025-04-06,control,DE,organic
6030,2025-02-20,treatment,DE,organic
6031,2025-06-08,control,BR,organic
6032,2025-05-09,treatment,GB,organic
6033,2025-05-20,treatment,IN,organic
6034,2025-06-21,control,BR,partner
6035,2025-02-15,control,BR,paid
6036,2025-01-17,treatment,US,paid
6037,2025-04-16,treatment,US,organic
6038,2025-03-01,treatment,PK,partner
6039,2025-03-20,treatment,Other,paid
6040,2025-02-12,treatment,US,organic
6041,2025-03-14,control,GB,paid
6042,2025-03-13,treatment,GB,organic
6043,2025-03-05,treatment,IN,partner
6044,2025-05-15,control,US,organic
6045,2025-04-18,control,Other,referral
6046,2025-03-27,treatment,US,partner
6047,2025-01-21,treatment,Other,paid
6048,2025-04-14,control,US,referral
6049,2025-02-01,treatment,GB,organic
6050,2025-02-26,treatment,US,paid
6051,2025-03-17,treatment,US,organic
6052,2025-01-26,control,Other,organic
6053,2025-03-12,control,DE,paid
6054,2025-02-18,control,US,paid
6055,2025-06-03,treatment,Other,paid
6056,2025-06-05,treatment,US,organic
6057,2025-01-01,control,US,organic
6058,2025-04-20,treatment,US,organic
6059,2025-04-26,control,DE,paid
6060,2025-03-10,treatment,Other,organic
6061,2025-03-26,control,US,organic
6062,2025-05-23,treatment,IN,partner
6063,2025-03-10,treatment,US,partner
6064,2025-01-12,treatment,US,paid
6065,2025-03-09,control,IN,organic
6066,2025-02-15,control,IN,paid
6067,2025-03-11,control,BR,paid
6068,2025-02-11,treatment,US,organic
6069,2025-01-28,control,US,partner
6070,2025-06-28,treatment,IN,organic
6071,2025-01-24,treatment,BR,organic
6072,2025-05-08,control,DE,paid
6073,2025-05-10,control,US,referral
6074,2025-04-22,control,IN,referral
6075,2025-06-14,treatment,US,organic
6076,2025-01-01,treatment,IN,paid
6077,2025-02-24,control,IN,referral
6078,2025-02-03,treatment,US,paid
6079,2025-04-15,control,DE,organic
6080,2025-04-26,control,BR,paid
6081,2025-06-12,treatment,BR,referral
6082,2025-03-10,treatment,Other,organic
6083,2025-02-12,control,BR,paid
6084,2025-06-17,treatment,US,paid
6085,2025-05-02,treatment,GB,paid
6086,2025-05-19,treatment,IN,organic
6087,2025-03-22,treatment,GB,organic
6088,2025-03-22,control,IN,paid
6089,2025-03-12,control,US,organic
6090,2025-05-16,treatment,US,organic
6091,2025-02-08,treatment,US,organic
6092,2025-06-26,control,Other,organic
6093,2025-02-01,control,IN,paid
6094,2025-03-25,control,BR,partner
6095,2025-02-26,control,GB,organic
6096,2025-04-27,control,Other,organic
6097,2025-05-04,control,Other,organic
6098,2025-06-16,control,GB,paid
6099,2025-05-23,treatment,IN,paid
6100,2025-02-15,treatment,Other,referral
6101,2025-02-07,control,GB,paid
6102,2025-06-10,control,GB,organic
6103,2025-03-30,control,BR,organic
6104,2025-01-18,treatment,DE,paid
6105,2025-05-30,treatment,IN,organic
6106,2025-04-28,treatment,BR,organic
6107,2025-01-05,treatment,US,organic
6108,2025-05-22,control,GB,paid
6109,2025-04-20,control,IN,paid
6110,2025-04-22,control,US,referral
6111,2025-06-06,control,GB,organic
6112,2025-03-31,control,US,partner
6113,2025-03-25,treatment,PK,paid
6114,2025-04-22,control,US,paid
6115,2025-02-05,treatment,US,paid
6116,2025-01-28,control,PK,referral
6117,2025-06-02,control,US,paid
6118,2025-02-09,treatment,IN,organic
6119,2025-04-02,control,GB,organic
6120,2025-02-18,control,PK,partner
6121,2025-02-11,control,US,paid
6122,2025-04-19,treatment,US,referral
6123,2025-05-26,control,US,referral
6124,2025-03-21,treatment,Other,organic
6125,2025-01-26,treatment,PK,referral
6126,2025-02-14,treatment,GB,organic
6127,2025-01-30,control,US,organic
6128,2025-06-09,treatment,US,paid
6129,2025-02-27,control,US,referral
6130,2025-03-09,treatment,US,paid
6131,2025-01-13,treatment,Other,organic
6132,2025-03-22,control,US,paid
6133,2025-06-15,control,Other,paid
6134,2025-03-16,treatment,US,paid
6135,2025-04-28,treatment,PK,organic
6136,2025-02-02,treatment,DE,organic
6137,2025-01-26,control,US,paid
6138,2025-05-13,treatment,PK,organic
6139,2025-01-12,treatment,US,referral
6140,2025-03-23,treatment,Other,organic
6141,2025-02-27,control,IN,paid
6142,2025-01-03,treatment,Other,referral
6143,2025-04-07,treatment,PK,paid
6144,2025-06-24,control,US,referral
6145,2025-01-13,control,DE,organic
6146,2025-05-28,control,IN,organic
6147,2025-04-08,control,GB,paid
6148,2025-05-11,treatment,BR,referral
6149,2025-01-18,control,US,paid
6150,2025-06-07,treatment,IN,organic
6151,2025-01-03,control,GB,organic
6152,2025-06-14,treatment,US,referral
6153,2025-04-30,treatment,Other,paid
6154,2025-03-03,treatment,PK,organic
6155,2025-01-02,treatment,GB,paid
6156,2025-04-21,control,US,organic
6157,2025-01-16,treatment,IN,organic
6158,2025-04-21,treatment,US,partner
6159,2025-05-20,control,IN,paid
6160,2025-02-18,treatment,IN,organic
6161,2025-02-13,control,US,referral
6162,2025-02-10,treatment,GB,partner
6163,2025-02-10,control,US,referral
6164,2025-01-21,treatment,GB,paid
6165,2025-02-15,control,BR,partner
6166,2025-04-30,control,US,organic
6167,2025-02-24,control,Other,referral
6168,2025-05-22,treatment,IN,organic
6169,2025-05-29,control,US,organic
6170,2025-05-18,treatment,BR,organic
6171,2025-04-08,treatment,GB,organic
6172,2025-02-27,treatment,GB,referral
6173,2025-06-18,control,BR,referral
6174,2025-02-07,treatment,US,organic
6175,2025-03-26,treatment,US,referral
6176,2025-03-24,control,US,referral
6177,2025-05-15,control,US,organic
6178,2025-04-09,treatment,IN,paid
6179,2025-05-25,control,Other,organic
6180,2025-06-16,control,IN,organic
6181,2025-03-12,control,Other,paid
6182,2025-06-08,treatment,BR,partner
6183,2025-01-31,treatment,GB,organic
6184,2025-06-15,treatment,Other,organic
6185,2025-02-02,treatment,US,paid
6186,2025-06-03,control,US,paid
6187,2025-03-12,control,Other,partner
6188,2025-06-24,control,IN,paid
6189,2025-01-24,control,Other,referral
6190,2025-03-26,control,US,paid
6191,2025-06-13,treatment,IN,organic
6192,2025-01-09,control,US,paid
6193,2025-02-17,control,GB,organic
6194,2025-01-16,control,Other,paid
6195,2025-02-28,control,DE,organic
6196,2025-03-12,control,IN,organic
6197,2025-04-23,control,Other,partner
6198,2025-02-16,control,Other,partner
6199,2025-01-29,treatment,US,paid
6200,2025-01-31,treatment,US,referral
6201,2025-06-19,treatment,Other,partner
6202,2025-06-22,treatment,BR,organic
6203,2025-02-10,treatment,DE,paid
6204,2025-02-05,treatment,US,organic
6205,2025-01-10,treatment,US,referral
6206,2025-06-23,treatment,Other,organic
6207,2025-05-08,control,DE,referral
6208,2025-05-18,control,PK,organic
6209,2025-02-22,control,US,paid
6210,2025-04-27,control,US,referral
6211,2025-01-11,treatment,BR,organic
6212,2025-05-03,control,Other,partner
6213,2025-04-15,treatment,GB,organic
6214,2025-03-01,treatment,GB,paid
6215,2025-05-09,control,BR,paid
6216,2025-04-28,control,US,organic
6217,2025-03-21,control,GB,paid
6218,2025-02-03,control,BR,paid
6219,2025-01-05,treatment,US,paid
6220,2025-06-19,treatment,IN,paid
6221,2025-02-20,treatment,US,organic
6222,2025-02-24,treatment,IN,organic
6223,2025-05-04,treatment,PK,organic
6224,2025-02-16,treatment,PK,partner
6225,2025-03-10,control,IN,organic
6226,2025-05-09,control,BR,organic
6227,2025-04-18,control,GB,organic
6228,2025-04-29,treatment,DE,referral
6229,2025-01-01,treatment,US,paid
6230,2025-03-23,treatment,IN,organic
6231,2025-03-28,treatment,US,referral
6232,2025-04-25,treatment,DE,partner
6233,2025-01-28,control,BR,referral
6234,2025-01-29,control,IN,paid
6235,2025-05-19,treatment,GB,organic
6236,2025-05-02,treatment,DE,organic
6237,2025-05-27,treatment,BR,organic
6238,2025-02-18,control,Other,paid
6239,2025-06-30,treatment,IN,organic
6240,2025-02-19,treatment,US,paid
6241,2025-04-28,treatment,PK,paid
6242,2025-01-30,control,US,paid
6243,2025-06-16,treatment,US,organic
6244,2025-03-02,treatment,US,referral
6245,2025-05-26,treatment,DE,paid
6246,2025-03-01,treatment,IN,paid
6247,2025-05-24,treatment,BR,partner
6248,2025-03-24,treatment,PK,organic
6249,2025-01-12,treatment,BR,referral
6250,2025-02-04,control,US,referral
6251,2025-05-04,control,BR,partner
6252,2025-02-04,control,IN,organic
6253,2025-02-19,treatment,BR,organic
6254,2025-04-09,control,DE,organic
6255,2025-02-15,control,BR,referral
6256,2025-01-24,treatment,BR,organic
6257,2025-04-23,treatment,GB,organic
6258,2025-05-05,control,Other,partner
6259,2025-05-13,control,US,organic
6260,2025-06-20,treatment,US,organic
6261,2025-01-23,control,IN,referral
6262,2025-03-19,control,PK,organic
6263,2025-02-12,control,IN,paid
6264,2025-06-13,control,DE,organic
6265,2025-04-08,treatment,Other,paid
6266,2025-01-18,control,GB,organic
6267,2025-05-06,treatment,DE,referral
6268,2025-01-08,control,BR,organic
6269,2025-02-19,control,DE,organic
6270,2025-05-11,control,BR,partner
6271,2025-04-02,treatment,Other,referral
6272,2025-05-18,control,US,paid
6273,2025-04-14,control,US,partner
6274,2025-06-02,control,DE,organic
6275,2025-04-12,treatment,BR,paid
6276,2025-01-11,control,IN,partner
6277,2025-01-13,treatment,Other,paid
6278,2025-05-21,treatment,IN,organic
6279,2025-01-07,treatment,Other,referral
6280,2025-03-10,treatment,US,organic
6281,2025-01-03,control,US,organic
6282,2025-02-24,treatment,GB,paid
6283,2025-04-18,treatment,PK,organic
6284,2025-02-01,control,US,organic
6285,2025-03-26,treatment,US,organic
6286,2025-06-30,control,DE,organic
6287,2025-01-13,treatment,GB,paid
6288,2025-01-12,treatment,IN,paid
6289,2025-02-19,treatment,Other,paid
6290,2025-05-30,control,US,paid
6291,2025-03-15,treatment,BR,organic
6292,2025-04-26,treatment,US,organic
6293,2025-01-07,control,US,partner
6294,2025-05-14,treatment,GB,organic
6295,2025-01-13,treatment,BR,organic
6296,2025-05-09,treatment,BR,partner
6297,2025-01-27,treatment,IN,organic
6298,2025-06-05,control,PK,paid
6299,2025-02-23,control,US,organic
6300,2025-02-03,control,IN,paid
6301,2025-03-02,control,IN,organic
6302,2025-01-01,control,US,paid
6303,2025-01-30,treatment,GB,referral
6304,2025-04-19,control,US,paid
6305,2025-02-24,treatment,US,organic
6306,2025-03-06,control,GB,organic
6307,2025-05-27,control,US,referral
6308,2025-01-23,treatment,Other,partner
6309,2025-03-13,treatment,Other,organic
6310,2025-02-03,control,BR,organic
6311,2025-03-29,treatment,IN,paid
6312,2025-03-02,control,Other,referral
6313,2025-01-09,control,DE,partner
6314,2025-01-13,control,BR,paid
6315,2025-06-04,treatment,IN,organic
6316,2025-01-11,control,Other,referral
6317,2025-05-22,treatment,PK,referral
6318,2025-06-15,treatment,US,organic
6319,2025-03-26,control,IN,paid
6320,2025-02-26,treatment,US,organic
6321,2025-05-21,control,US,organic
6322,2025-06-27,control,BR,referral
6323,2025-01-22,control,IN,organic
6324,2025-06-24,control,US,referral
6325,2025-06-20,control,GB,organic
6326,2025-01-26,control,IN,organic
6327,2025-01-10,treatment,US,paid
6328,2025-05-10,control,PK,organic
6329,2025-01-15,control,DE,paid
6330,2025-04-19,treatment,BR,organic
6331,2025-01-12,control,US,paid
6332,2025-05-06,treatment,Other,partner
6333,2025-02-11,treatment,Other,organic
6334,2025-01-18,control,US,organic
6335,2025-01-13,control,IN,referral
6336,2025-02-04,control,PK,organic
6337,2025-04-08,control,US,organic
6338,2025-01-14,treatment,BR,referral
6339,2025-05-26,treatment,Other,organic
6340,2025-04-20,treatment,BR,paid
6341,2025-02-23,control,Other,organic
6342,2025-06-28,treatment,US,paid
6343,2025-04-30,control,Other,paid
6344,2025-05-02,treatment,Other,paid
6345,2025-02-01,treatment,US,paid
6346,2025-05-09,control,DE,organic
6347,2025-04-12,control,IN,organic
6348,2025-06-28,control,Other,referral
6349,2025-03-28,treatment,US,referral
6350,2025-05-03,control,GB,referral
6351,2025-03-03,treatment,PK,paid
6352,2025-01-08,treatment,DE,paid
6353,2025-01-24,control,IN,paid
6354,2025-06-06,treatment,BR,paid
6355,2025-05-14,control,Other,organic
6356,2025-03-08,control,US,organic
6357,2025-05-07,treatment,Other,organic
6358,2025-01-01,control,BR,organic
6359,2025-01-07,treatment,Other,paid
6360,2025-04-02,treatment,US,organic
6361,2025-04-24,control,IN,paid
6362,2025-06-19,treatment,PK,partner
6363,2025-05-18,control,PK,partner
6364,2025-02-16,treatment,US,referral
6365,2025-05-28,treatment,DE,referral
6366,2025-03-30,treatment,US,organic
6367,2025-05-30,treatment,US,paid
6368,2025-02-01,control,IN,paid
6369,2025-01-05,treatment,Other,partner
6370,2025-01-11,control,IN,paid
6371,2025-06-29,treatment,US,organic
6372,2025-01-15,control,US,referral
6373,2025-06-20,control,GB,paid
6374,2025-05-12,control,US,organic
6375,2025-01-27,control,PK,paid
6376,2025-06-06,control,US,paid
6377,2025-01-27,control,US,paid
6378,2025-01-26,treatment,IN,partner
6379,2025-04-15,treatment,US,paid
6380,2025-02-22,control,DE,referral
6381,2025-02-22,treatment,BR,organic
6382,2025-02-05,control,US,organic
6383,2025-04-20,treatment,BR,organic
6384,2025-01-05,control,DE,paid
6385,2025-02-14,treatment,IN,referral
6386,2025-04-11,control,US,paid
6387,2025-03-30,control,GB,organic
6388,2025-05-07,treatment,IN,paid
6389,2025-02-09,treatment,US,partner
6390,2025-04-28,treatment,US,organic
6391,2025-05-18,control,GB,organic
6392,2025-03-12,treatment,US,paid
6393,2025-02-16,treatment,US,paid
6394,2025-04-11,control,Other,organic
6395,2025-04-15,control,DE,organic
6396,2025-01-18,control,BR,paid
6397,2025-04-13,control,US,organic
6398,2025-01-28,control,US,organic
6399,2025-04-13,control,IN,organic
6400,2025-06-18,treatment,IN,organic
6401,2025-04-08,treatment,Other,organic
6402,2025-05-18,treatment,US,referral
6403,2025-02-26,treatment,US,organic
6404,2025-06-17,control,IN,paid
6405,2025-05-28,treatment,GB,paid
6406,2025-06-15,treatment,US,organic
6407,2025-05-15,treatment,GB,paid
6408,2025-04-28,control,US,organic
6409,2025-04-06,treatment,PK,partner
6410,2025-06-18,treatment,Other,paid
6411,2025-06-03,treatment,IN,organic
6412,2025-03-17,treatment,GB,partner
6413,2025-01-16,treatment,IN,organic
6414,2025-01-01,treatment,IN,organic
6415,2025-02-12,treatment,PK,organic
6416,2025-01-12,treatment,BR,paid
6417,2025-02-08,treatment,Other,paid
6418,2025-01-20,control,GB,paid
6419,2025-06-27,treatment,IN,partner
6420,2025-01-18,control,PK,partner
6421,2025-04-24,control,Other,organic
6422,2025-03-05,control,Other,partner
6423,2025-02-01,control,GB,organic
6424,2025-05-07,control,IN,partner
6425,2025-06-25,control,GB,organic
6426,2025-05-24,control,IN,organic
6427,2025-06-26,treatment,US,organic
6428,2025-04-17,treatment,DE,organic
6429,2025-05-02,treatment,Other,referral
6430,2025-01-27,control,PK,organic
6431,2025-06-04,control,DE,organic
6432,2025-05-16,treatment,US,partner
6433,2025-02-15,control,GB,paid
6434,2025-03-06,treatment,US,paid
6435,2025-04-21,treatment,US,partner
6436,2025-01-03,treatment,Other,organic
6437,2025-05-29,control,DE,organic
6438,2025-02-20,control,US,organic
6439,2025-01-14,treatment,IN,organic
6440,2025-03-01,control,US,organic
6441,2025-06-01,treatment,GB,paid
6442,2025-02-19,treatment,US,organic
6443,2025-04-08,control,US,paid
6444,2025-05-27,control,BR,paid
6445,2025-01-07,control,IN,organic
6446,2025-05-18,control,DE,paid
6447,2025-02-22,treatment,PK,organic
6448,2025-05-06,treatment,Other,referral
6449,2025-02-04,treatment,PK,organic
6450,2025-01-26,control,Other,referral
6451,2025-05-23,control,Other,paid
6452,2025-05-27,treatment,PK,paid
6453,2025-06-27,treatment,GB,organic
6454,2025-05-03,treatment,US,organic
6455,2025-03-26,treatment,IN,organic
6456,2025-02-05,treatment,PK,paid
6457,2025-02-23,control,PK,paid
6458,2025-04-28,control,IN,referral
6459,2025-03-04,treatment,PK,organic
6460,2025-03-29,control,IN,partner
6461,2025-01-31,treatment,IN,partner
6462,2025-03-21,control,US,organic
6463,2025-02-13,control,DE,organic
6464,2025-01-21,control,US,paid
6465,2025-01-24,treatment,US,organic
6466,2025-04-04,treatment,BR,organic
6467,2025-03-08,control,US,paid
6468,2025-01-19,control,Other,paid
6469,2025-04-04,control,DE,organic
6470,2025-01-30,control,IN,partner
6471,2025-01-03,treatment,US,organic
6472,2025-01-24,control,PK,organic
6473,2025-03-23,control,DE,organic
6474,2025-06-22,control,BR,partner
6475,2025-02-13,treatment,IN,referral
6476,2025-02-21,treatment,BR,organic
6477,2025-02-13,treatment,BR,paid
6478,2025-03-06,treatment,IN,organic
6479,2025-05-10,treatment,PK,organic
6480,2025-02-28,control,GB,organic
6481,2025-04-30,treatment,Other,referral
6482,2025-06-12,treatment,GB,organic
6483,2025-06-21,control,US,paid
6484,2025-04-12,treatment,GB,organic
6485,2025-05-10,treatment,GB,partner
6486,2025-06-16,treatment,GB,partner
6487,2025-05-23,control,PK,organic
6488,2025-02-24,control,BR,paid
6489,2025-01-24,treatment,Other,paid
6490,2025-01-21,control,US,partner
6491,2025-06-09,control,IN,paid
6492,2025-04-11,control,US,organic
6493,2025-02-23,control,DE,organic
6494,2025-03-04,treatment,GB,paid
6495,2025-02-20,treatment,IN,paid
6496,2025-05-26,treatment,IN,organic
6497,2025-04-21,control,US,referral
6498,2025-06-09,control,US,referral
6499,2025-02-24,control,DE,paid
6500,2025-03-27,control,US,paid
6501,2025-01-23,treatment,IN,paid
6502,2025-06-25,control,BR,paid
6503,2025-04-03,control,PK,organic
6504,2025-04-11,treatment,Other,organic
6505,2025-03-16,treatment,GB,organic
6506,2025-02-19,control,Other,partner
6507,2025-06-21,treatment,IN,organic
6508,2025-03-30,treatment,US,organic
6509,2025-05-03,treatment,PK,paid
6510,2025-01-07,treatment,DE,referral
6511,2025-02-19,control,IN,paid
6512,2025-05-26,control,IN,organic
6513,2025-01-16,control,Other,paid
6514,2025-01-19,treatment,IN,organic
6515,2025-05-27,treatment,PK,paid
6516,2025-02-25,treatment,GB,paid
6517,2025-02-19,treatment,Other,paid
6518,2025-04-13,control,IN,paid
6519,2025-02-05,control,IN,organic
6520,2025-01-08,control,Other,paid
6521,2025-01-01,control,US,partner
6522,2025-01-15,treatment,GB,paid
6523,2025-01-29,treatment,PK,referral
6524,2025-05-06,control,Other,paid
6525,2025-02-23,treatment,IN,paid
6526,2025-01-13,control,DE,organic
6527,2025-01-03,treatment,US,partner
6528,2025-03-28,control,BR,organic
6529,2025-06-02,treatment,GB,organic
6530,2025-03-03,control,Other,organic
6531,2025-01-12,control,BR,paid
6532,2025-02-11,treatment,GB,paid
6533,2025-04-01,control,DE,paid
6534,2025-02-04,control,Other,organic
6535,2025-06-27,control,IN,paid
6536,2025-05-19,treatment,US,organic
6537,2025-03-04,control,BR,referral
6538,2025-06-22,treatment,DE,organic
6539,2025-02-28,treatment,GB,organic
6540,2025-01-26,treatment,IN,organic
6541,2025-06-19,control,US,organic
6542,2025-06-23,treatment,DE,paid
6543,2025-02-26,control,DE,partner
6544,2025-04-18,treatment,DE,paid
6545,2025-02-01,control,BR,organic
6546,2025-04-27,treatment,IN,organic
6547,2025-05-05,treatment,US,paid
6548,2025-05-09,control,GB,paid
6549,2025-04-13,control,IN,referral
6550,2025-05-08,control,Other,paid
6551,2025-04-11,treatment,US,organic
6552,2025-05-29,control,US,partner
6553,2025-02-02,treatment,Other,organic
6554,2025-03-29,treatment,US,paid
6555,2025-03-17,treatment,Other,organic
6556,2025-04-07,control,PK,organic
6557,2025-01-26,control,US,organic
6558,2025-02-28,control,US,paid
6559,2025-06-22,treatment,Other,organic
6560,2025-01-20,control,US,referral
6561,2025-04-25,control,BR,organic
6562,2025-05-01,control,US,organic
6563,2025-03-27,treatment,IN,paid
6564,2025-01-07,treatment,PK,organic
6565,2025-01-07,control,IN,organic
6566,2025-02-19,control,US,organic
6567,2025-01-19,control,BR,paid
6568,2025-01-18,control,IN,organic
6569,2025-01-29,treatment,US,paid
6570,2025-02-04,control,IN,paid
6571,2025-06-01,treatment,IN,referral
6572,2025-04-26,treatment,US,organic
6573,2025-01-06,treatment,Other,referral
6574,2025-04-24,control,DE,organic
6575,2025-01-25,treatment,US,paid
6576,2025-03-18,control,US,organic
6577,2025-01-07,control,GB,paid
6578,2025-01-17,treatment,GB,organic
6579,2025-01-24,control,GB,organic
6580,2025-03-20,control,PK,organic
6581,2025-03-25,control,IN,organic
6582,2025-03-05,control,US,organic
6583,2025-04-23,treatment,IN,paid
6584,2025-05-11,treatment,IN,organic
6585,2025-05-12,treatment,BR,paid
6586,2025-04-15,control,Other,organic
6587,2025-04-09,control,GB,organic
6588,2025-03-30,control,US,organic
6589,2025-02-13,treatment,US,paid
6590,2025-03-30,treatment,GB,paid
6591,2025-01-02,treatment,DE,referral
6592,2025-06-24,treatment,US,organic
6593,2025-03-08,treatment,BR,paid
6594,2025-05-17,control,Other,paid
6595,2025-06-23,treatment,PK,referral
6596,2025-03-31,treatment,IN,paid
6597,2025-06-05,treatment,IN,organic
6598,2025-03-28,control,IN,partner
6599,2025-01-24,treatment,DE,organic
6600,2025-01-05,control,DE,partner
6601,2025-01-25,treatment,GB,organic
6602,2025-06-20,treatment,US,paid
6603,2025-03-27,treatment,BR,paid
6604,2025-02-27,control,DE,organic
6605,2025-03-22,control,US,paid
6606,2025-02-16,treatment,US,organic
6607,2025-06-07,treatment,PK,organic
6608,2025-06-30,treatment,US,organic
6609,2025-01-16,control,DE,partner
6610,2025-05-11,treatment,US,partner
6611,2025-03-02,treatment,US,paid
6612,2025-01-09,control,IN,paid
6613,2025-06-16,control,US,organic
6614,2025-01-12,treatment,GB,organic
6615,2025-02-07,control,Other,partner
6616,2025-01-05,treatment,DE,referral
6617,2025-03-27,treatment,IN,paid
6618,2025-04-19,control,IN,organic
6619,2025-02-28,control,US,referral
6620,2025-01-13,treatment,GB,partner
6621,2025-01-22,treatment,DE,partner
6622,2025-06-18,treatment,US,paid
6623,2025-05-26,treatment,US,organic
6624,2025-06-19,treatment,IN,partner
6625,2025-04-07,treatment,US,paid
6626,2025-04-09,treatment,US,organic
6627,2025-05-23,treatment,BR,organic
6628,2025-04-22,control,DE,paid
6629,2025-03-20,control,IN,referral
6630,2025-02-22,treatment,US,partner
6631,2025-03-29,control,IN,partner
6632,2025-01-12,treatment,PK,paid
6633,2025-02-04,treatment,BR,partner
6634,2025-05-14,control,PK,organic
6635,2025-06-07,control,GB,organic
6636,2025-01-19,treatment,US,organic
6637,2025-01-18,control,GB,referral
6638,2025-01-16,treatment,DE,partner
6639,2025-05-24,treatment,Other,referral
6640,2025-02-26,control,GB,partner
6641,2025-03-01,treatment,GB,paid
6642,2025-01-03,treatment,Other,referral
6643,2025-06-26,control,US,organic
6644,2025-03-20,control,IN,referral
6645,2025-05-25,control,GB,referral
6646,2025-05-09,treatment,Other,organic
6647,2025-01-26,control,US,organic
6648,2025-05-26,control,IN,organic
6649,2025-04-10,control,BR,referral
6650,2025-04-20,control,Other,paid
6651,2025-02-06,control,Other,organic
6652,2025-06-03,treatment,PK,partner
6653,2025-06-18,control,US,organic
6654,2025-03-15,treatment,DE,organic
6655,2025-01-17,control,Other,referral
6656,2025-06-03,control,IN,organic
6657,2025-06-10,control,Other,organic
6658,2025-04-02,treatment,PK,paid
6659,2025-04-15,treatment,GB,organic
6660,2025-02-10,control,US,organic
6661,2025-01-13,treatment,GB,organic
6662,2025-06-20,control,IN,referral
6663,2025-03-29,treatment,DE,paid
6664,2025-02-19,treatment,US,referral
6665,2025-05-06,control,IN,paid
6666,2025-01-05,control,US,organic
6667,2025-01-15,control,DE,organic
6668,2025-02-13,treatment,DE,organic
6669,2025-03-23,control,BR,paid
6670,2025-03-08,treatment,US,paid
6671,2025-02-03,control,IN,paid
6672,2025-03-05,treatment,PK,referral
6673,2025-03-02,control,IN,organic
6674,2025-04-05,treatment,Other,referral
6675,2025-04-12,control,US,paid
6676,2025-06-09,control,US,paid
6677,2025-05-27,control,US,organic
6678,2025-02-22,treatment,IN,organic
6679,2025-06-13,control,US,paid
6680,2025-04-05,treatment,Other,organic
6681,2025-02-03,treatment,BR,referral
6682,2025-03-03,control,PK,paid
6683,2025-05-15,control,DE,paid
6684,2025-05-29,control,IN,organic
6685,2025-03-09,control,DE,partner
6686,2025-01-29,control,BR,partner
6687,2025-02-04,treatment,IN,organic
6688,2025-01-19,control,US,paid
6689,2025-05-07,control,Other,partner
6690,2025-04-02,treatment,IN,organic
6691,2025-03-23,control,IN,organic
6692,2025-05-02,treatment,US,partner
6693,2025-05-30,treatment,US,paid
6694,2025-05-24,control,US,partner
6695,2025-01-25,treatment,IN,organic
6696,2025-04-17,treatment,US,paid
6697,2025-06-09,treatment,Other,paid
6698,2025-05-21,treatment,Other,paid
6699,2025-03-01,treatment,US,partner
6700,2025-03-13,treatment,IN,paid
6701,2025-06-11,treatment,US,partner
6702,2025-01-06,treatment,GB,organic
6703,2025-04-06,treatment,US,partner
6704,2025-01-22,treatment,PK,paid
6705,2025-06-11,control,Other,organic
6706,2025-01-08,treatment,US,organic
6707,2025-01-05,control,US,organic
6708,2025-03-01,control,DE,organic
6709,2025-02-06,control,BR,partner
6710,2025-03-31,control,US,partner
6711,2025-02-24,treatment,PK,organic
6712,2025-03-06,control,Other,organic
6713,2025-04-13,treatment,DE,organic
6714,2025-04-12,treatment,Other,referral
6715,2025-06-19,control,IN,paid
6716,2025-03-28,control,BR,paid
6717,2025-04-13,treatment,PK,paid
6718,2025-05-03,treatment,DE,partner
6719,2025-02-01,control,BR,organic
6720,2025-05-01,control,US,organic
6721,2025-06-06,control,IN,paid
6722,2025-02-27,control,US,partner
6723,2025-02-02,control,US,paid
6724,2025-03-04,treatment,DE,referral
6725,2025-02-19,control,GB,referral
6726,2025-04-16,control,US,organic
6727,2025-06-06,treatment,US,paid
6728,2025-04-18,treatment,Other,referral
6729,2025-01-23,control,BR,organic
6730,2025-02-26,treatment,GB,paid
6731,2025-05-05,treatment,PK,organic
6732,2025-03-01,control,PK,referral
6733,2025-04-17,control,US,organic
6734,2025-05-06,treatment,BR,organic
6735,2025-03-01,treatment,GB,paid
6736,2025-04-28,treatment,BR,paid
6737,2025-03-14,control,IN,organic
6738,2025-01-25,treatment,US,organic
6739,2025-03-09,control,BR,referral
6740,2025-03-21,treatment,GB,partner
6741,2025-01-01,treatment,BR,paid
6742,2025-06-11,control,US,organic
6743,2025-04-06,control,PK,paid
6744,2025-01-07,treatment,BR,paid
6745,2025-06-07,treatment,US,organic
6746,2025-06-04,control,IN,organic
6747,2025-01-03,treatment,US,organic
6748,2025-01-30,control,BR,organic
6749,2025-03-07,control,BR,paid
6750,2025-04-02,control,US,organic
6751,2025-05-12,treatment,US,paid
6752,2025-03-18,control,US,paid
6753,2025-04-21,treatment,IN,paid
6754,2025-01-02,control,IN,paid
6755,2025-04-30,treatment,US,paid
6756,2025-06-15,treatment,US,organic
6757,2025-04-06,control,Other,organic
6758,2025-03-24,control,US,paid
6759,2025-02-23,control,GB,organic
6760,2025-06-22,control,IN,organic
6761,2025-01-07,treatment,US,organic
6762,2025-02-21,treatment,Other,organic
6763,2025-01-26,control,US,organic
6764,2025-06-06,treatment,PK,paid
6765,2025-03-29,control,GB,paid
6766,2025-06-16,control,US,paid
6767,2025-05-01,control,GB,organic
6768,2025-04-11,control,Other,referral
6769,2025-04-04,treatment,BR,organic
6770,2025-02-06,control,US,paid
6771,2025-04-12,treatment,Other,paid
6772,2025-05-05,control,US,paid
6773,2025-06-24,treatment,US,referral
6774,2025-04-10,control,US,organic
6775,2025-06-19,control,PK,organic
6776,2025-06-20,control,US,organic
6777,2025-04-05,control,US,partner
6778,2025-03-21,control,Other,partner
6779,2025-01-26,control,IN,paid
6780,2025-02-18,treatment,GB,organic
6781,2025-06-09,control,BR,organic
6782,2025-01-26,treatment,US,referral
6783,2025-03-13,treatment,DE,organic
6784,2025-05-07,treatment,GB,organic
6785,2025-02-13,treatment,IN,referral
6786,2025-06-26,control,IN,organic
6787,2025-04-28,treatment,GB,referral
6788,2025-01-06,treatment,US,referral
6789,2025-02-14,treatment,GB,referral
6790,2025-05-15,control,IN,paid
6791,2025-06-06,treatment,PK,organic
6792,2025-06-17,control,PK,paid
6793,2025-06-04,control,Other,referral
6794,2025-01-14,control,PK,paid
6795,2025-05-13,control,Other,referral
6796,2025-01-20,treatment,IN,partner
6797,2025-01-14,treatment,US,paid
6798,2025-05-06,control,IN,partner
6799,2025-03-28,treatment,US,organic
6800,2025-04-28,treatment,US,partner
6801,2025-06-04,treatment,GB,partner
6802,2025-01-13,treatment,GB,organic
6803,2025-04-06,control,IN,paid
6804,2025-06-01,control,GB,paid
6805,2025-03-21,treatment,US,referral
6806,2025-04-05,control,Other,organic
6807,2025-04-01,treatment,BR,paid
6808,2025-06-14,treatment,US,paid
6809,2025-01-10,treatment,US,organic
6810,2025-06-08,control,US,partner
6811,2025-05-28,treatment,Other,paid
6812,2025-05-28,treatment,US,organic
6813,2025-03-16,control,Other,referral
6814,2025-04-04,control,US,organic
6815,2025-03-08,control,PK,organic
6816,2025-02-15,control,US,organic
6817,2025-06-08,treatment,DE,partner
6818,2025-04-02,treatment,GB,referral
6819,2025-05-11,control,GB,paid
6820,2025-01-19,treatment,Other,organic
6821,2025-05-23,control,IN,paid
6822,2025-04-30,control,US,paid
6823,2025-06-30,control,IN,paid
6824,2025-01-25,treatment,US,organic
6825,2025-04-08,treatment,Other,organic
6826,2025-04-03,treatment,DE,partner
6827,2025-04-08,treatment,US,paid
6828,2025-01-10,control,US,organic
6829,2025-03-27,treatment,US,partner
6830,2025-02-24,control,Other,organic
6831,2025-04-22,control,GB,paid
6832,2025-02-12,treatment,US,organic
6833,2025-03-20,control,PK,partner
6834,2025-04-23,control,US,organic
6835,2025-01-12,control,US,partner
6836,2025-05-23,control,IN,paid
6837,2025-05-10,treatment,US,organic
6838,2025-01-11,control,PK,organic
6839,2025-01-12,treatment,BR,referral
6840,2025-06-03,treatment,US,organic
6841,2025-02-21,treatment,DE,organic
6842,2025-06-05,control,US,paid
6843,2025-04-01,treatment,BR,organic
6844,2025-03-03,control,BR,paid
6845,2025-02-19,control,IN,paid
6846,2025-04-30,treatment,DE,organic
6847,2025-01-20,control,PK,organic
6848,2025-03-14,treatment,US,organic
6849,2025-03-04,control,Other,partner
6850,2025-01-28,treatment,US,organic
6851,2025-03-05,treatment,PK,paid
6852,2025-04-06,treatment,DE,paid
6853,2025-05-03,control,US,referral
6854,2025-01-16,control,GB,organic
6855,2025-06-07,treatment,Other,organic
6856,2025-06-09,treatment,PK,paid
6857,2025-05-06,control,IN,paid
6858,2025-06-17,control,GB,referral
6859,2025-03-19,treatment,BR,organic
6860,2025-05-29,treatment,US,referral
6861,2025-05-12,treatment,IN,organic
6862,2025-04-12,treatment,US,paid
6863,2025-02-02,control,PK,paid
6864,2025-04-11,control,IN,organic
6865,2025-06-13,treatment,GB,partner
6866,2025-06-28,treatment,IN,paid
6867,2025-03-23,control,GB,organic
6868,2025-02-14,treatment,US,organic
6869,2025-05-16,control,US,referral
6870,2025-01-14,control,US,referral
6871,2025-01-28,treatment,US,organic
6872,2025-04-12,control,IN,organic
6873,2025-06-29,control,IN,paid
6874,2025-03-01,treatment,DE,organic
6875,2025-03-22,control,Other,organic
6876,2025-02-28,control,Other,organic
6877,2025-03-21,treatment,US,paid
6878,2025-01-02,control,DE,organic
6879,2025-04-18,treatment,Other,organic
6880,2025-04-18,control,US,organic
6881,2025-02-27,control,GB,organic
6882,2025-02-17,treatment,Other,partner
6883,2025-05-18,control,IN,organic
6884,2025-02-04,treatment,PK,organic
6885,2025-01-09,treatment,Other,referral
6886,2025-01-08,treatment,US,partner
6887,2025-06-09,control,IN,referral
6888,2025-03-07,control,PK,organic
6889,2025-01-19,treatment,US,paid
6890,2025-06-09,control,US,paid
6891,2025-01-27,treatment,US,referral
6892,2025-03-02,treatment,IN,organic
6893,2025-01-04,control,IN,organic
6894,2025-05-03,control,Other,organic
6895,2025-05-07,treatment,GB,paid
6896,2025-05-17,treatment,IN,organic
6897,2025-02-17,control,US,paid
6898,2025-03-01,treatment,Other,paid
6899,2025-06-19,treatment,BR,referral
6900,2025-05-29,control,IN,partner
6901,2025-01-07,control,GB,paid
6902,2025-05-06,treatment,US,organic
6903,2025-05-28,treatment,US,referral
6904,2025-04-12,treatment,PK,organic
6905,2025-04-26,control,US,organic
6906,2025-01-01,treatment,PK,organic
6907,2025-01-06,treatment,US,paid
6908,2025-01-07,treatment,BR,organic
6909,2025-01-29,control,US,organic
6910,2025-06-29,control,US,organic
6911,2025-04-25,treatment,BR,paid
6912,2025-05-22,control,GB,paid
6913,2025-02-23,control,DE,paid
6914,2025-06-19,treatment,IN,organic
6915,2025-02-06,control,GB,referral
6916,2025-06-13,treatment,BR,organic
6917,2025-01-06,treatment,IN,organic
6918,2025-01-04,treatment,US,paid
6919,2025-01-15,control,GB,paid
6920,2025-05-24,treatment,US,referral
6921,2025-02-16,treatment,US,organic
6922,2025-03-23,treatment,US,referral
6923,2025-03-27,control,BR,paid
6924,2025-05-23,control,US,partner
6925,2025-03-05,treatment,Other,paid
6926,2025-01-02,control,IN,paid
6927,2025-03-11,treatment,US,organic
6928,2025-02-22,control,BR,paid
6929,2025-05-13,control,US,paid
6930,2025-05-16,treatment,US,referral
6931,2025-01-17,treatment,Other,referral
6932,2025-05-24,treatment,DE,paid
6933,2025-01-13,control,US,referral
6934,2025-04-23,treatment,Other,referral
6935,2025-03-12,treatment,Other,partner
6936,2025-02-24,control,BR,organic
6937,2025-03-29,control,IN,organic
6938,2025-02-26,control,PK,partner
6939,2025-05-24,treatment,IN,paid
6940,2025-06-24,control,DE,paid
6941,2025-05-28,treatment,PK,organic
6942,2025-03-21,control,BR,organic
6943,2025-04-02,treatment,US,organic
6944,2025-03-22,treatment,US,organic
6945,2025-05-24,treatment,GB,paid
6946,2025-04-10,control,US,paid
6947,2025-03-26,control,US,paid
6948,2025-03-16,treatment,DE,organic
6949,2025-03-09,control,Other,organic
6950,2025-04-11,treatment,US,paid
6951,2025-05-05,control,US,organic
6952,2025-03-20,control,PK,referral
6953,2025-05-27,control,DE,organic
6954,2025-05-30,treatment,IN,organic
6955,2025-03-19,treatment,BR,paid
6956,2025-06-14,control,IN,paid
6957,2025-02-01,control,US,organic
6958,2025-06-18,control,GB,paid
6959,2025-02-23,treatment,IN,organic
6960,2025-04-13,treatment,US,organic
6961,2025-02-21,control,US,organic
6962,2025-03-22,treatment,GB,paid
6963,2025-03-03,treatment,IN,paid
6964,2025-05-08,treatment,BR,referral
6965,2025-01-15,control,IN,paid
6966,2025-06-01,treatment,IN,organic
6967,2025-06-13,treatment,US,paid
6968,2025-04-12,control,Other,paid
6969,2025-04-10,control,PK,paid
6970,2025-05-07,control,US,organic
6971,2025-02-06,control,DE,organic
6972,2025-05-16,control,GB,paid
6973,2025-02-09,treatment,Other,paid
6974,2025-05-03,treatment,GB,referral
6975,2025-02-25,control,GB,paid
6976,2025-05-16,control,Other,paid
6977,2025-05-24,treatment,IN,organic
6978,2025-02-07,control,US,organic
6979,2025-04-22,control,IN,organic
6980,2025-04-01,treatment,PK,organic
6981,2025-02-23,control,GB,organic
6982,2025-04-17,control,BR,paid
6983,2025-06-29,treatment,IN,organic
6984,2025-01-01,treatment,BR,organic
6985,2025-06-23,control,Other,organic
6986,2025-06-04,treatment,BR,referral
6987,2025-04-06,treatment,IN,organic
6988,2025-04-21,control,PK,partner
6989,2025-03-08,treatment,US,referral
6990,2025-01-24,control,US,referral
6991,2025-04-14,control,Other,paid
6992,2025-05-28,control,IN,referral
6993,2025-02-11,control,GB,organic
6994,2025-05-10,control,US,paid
6995,2025-05-16,treatment,US,organic
6996,2025-05-18,control,US,organic
6997,2025-03-03,treatment,GB,partner
6998,2025-03-12,control,BR,paid
6999,2025-03-17,treatment,US,organic
7000,2025-06-04,treatment,IN,organic
7001,2025-06-12,control,Other,paid
7002,2025-03-16,treatment,Other,referral
7003,2025-06-25,treatment,PK,referral
7004,2025-04-14,control,DE,organic
7005,2025-03-11,control,BR,organic
7006,2025-01-01,treatment,BR,organic
7007,2025-04-21,treatment,US,paid
7008,2025-04-27,control,Other,paid
7009,2025-06-25,treatment,IN,paid
7010,2025-05-10,control,IN,paid
7011,2025-01-06,control,US,organic
7012,2025-04-13,treatment,US,organic
7013,2025-05-15,treatment,Other,organic
7014,2025-03-31,control,US,paid
7015,2025-03-19,control,US,paid
7016,2025-05-27,control,IN,partner
7017,2025-04-21,treatment,IN,organic
7018,2025-05-04,control,US,partner
7019,2025-03-26,control,US,organic
7020,2025-02-20,control,PK,organic
7021,2025-04-04,treatment,Other,organic
7022,2025-06-23,control,DE,organic
7023,2025-04-20,treatment,PK,organic
7024,2025-05-09,control,GB,organic
7025,2025-01-23,control,IN,paid
7026,2025-06-28,control,BR,referral
7027,2025-02-14,control,PK,paid
7028,2025-06-25,control,IN,referral
7029,2025-03-22,control,GB,paid
7030,2025-06-16,control,US,partner
7031,2025-06-11,control,PK,organic
7032,2025-05-17,control,US,partner
7033,2025-06-15,control,IN,organic
7034,2025-04-21,control,DE,paid
7035,2025-06-03,control,US,paid
7036,2025-02-01,treatment,IN,organic
7037,2025-01-13,treatment,DE,organic
7038,2025-04-09,treatment,Other,organic
7039,2025-05-27,control,US,referral
7040,2025-05-19,treatment,US,referral
7041,2025-04-06,treatment,US,organic
7042,2025-04-05,control,US,organic
7043,2025-04-21,control,IN,paid
7044,2025-06-07,treatment,GB,organic
7045,2025-06-02,treatment,US,organic
7046,2025-01-20,treatment,Other,organic
7047,2025-04-18,treatment,US,paid
7048,2025-03-10,treatment,GB,organic
7049,2025-05-25,treatment,Other,organic
7050,2025-04-02,control,IN,organic
7051,2025-06-29,control,GB,paid
7052,2025-03-20,treatment,Other,organic
7053,2025-05-03,control,BR,paid
7054,2025-01-20,control,US,referral
7055,2025-06-18,control,US,organic
7056,2025-01-28,control,Other,organic
7057,2025-03-10,control,GB,organic
7058,2025-06-01,treatment,PK,partner
7059,2025-06-25,control,US,paid
7060,2025-03-29,treatment,US,referral
7061,2025-03-29,control,Other,referral
7062,2025-01-09,treatment,Other,partner
7063,2025-06-27,treatment,US,referral
7064,2025-01-03,treatment,US,organic
7065,2025-01-05,control,IN,paid
7066,2025-03-27,control,BR,partner
7067,2025-01-01,treatment,DE,paid
7068,2025-01-30,treatment,US,referral
7069,2025-04-24,control,Other,partner
7070,2025-05-08,treatment,US,paid
7071,2025-02-23,treatment,US,paid
7072,2025-05-24,control,GB,paid
7073,2025-04-20,treatment,US,organic
7074,2025-02-11,control,BR,organic
7075,2025-05-09,control,GB,paid
7076,2025-04-18,treatment,IN,partner
7077,2025-05-27,control,GB,partner
7078,2025-01-28,treatment,US,organic
7079,2025-02-11,treatment,Other,referral
7080,2025-02-24,treatment,BR,organic
7081,2025-03-03,control,GB,paid
7082,2025-06-10,control,US,partner
7083,2025-05-13,control,BR,partner
7084,2025-04-09,treatment,PK,paid
7085,2025-04-08,control,IN,paid
7086,2025-06-10,treatment,PK,organic
7087,2025-03-22,control,US,paid
7088,2025-02-10,control,Other,organic
7089,2025-01-25,treatment,US,organic
7090,2025-03-01,treatment,US,referral
7091,2025-04-29,control,BR,organic
7092,2025-03-27,treatment,US,paid
7093,2025-03-18,control,DE,organic
7094,2025-03-28,treatment,US,organic
7095,2025-06-26,control,IN,organic
7096,2025-06-30,treatment,IN,organic
7097,2025-01-30,control,IN,organic
7098,2025-01-21,control,DE,paid
7099,2025-02-14,treatment,GB,paid
7100,2025-06-04,control,PK,organic
7101,2025-03-25,control,BR,referral
7102,2025-06-06,control,DE,referral
7103,2025-04-28,control,US,paid
7104,2025-04-11,treatment,US,paid
7105,2025-02-20,control,GB,paid
7106,2025-03-04,treatment,IN,organic
7107,2025-01-27,treatment,PK,organic
7108,2025-04-04,control,Other,organic
7109,2025-02-20,treatment,DE,paid
7110,2025-02-22,control,DE,organic
7111,2025-01-08,control,IN,partner
7112,2025-05-25,control,GB,organic
7113,2025-06-20,control,BR,organic
7114,2025-04-01,control,IN,organic
7115,2025-04-08,control,US,referral
7116,2025-06-17,treatment,US,paid
7117,2025-04-03,treatment,GB,paid
7118,2025-04-23,treatment,BR,paid
7119,2025-03-19,treatment,US,organic
7120,2025-04-04,treatment,US,referral
7121,2025-04-05,control,US,referral
7122,2025-05-09,treatment,PK,paid
7123,2025-04-20,control,Other,organic
7124,2025-04-02,treatment,Other,paid
7125,2025-01-14,treatment,PK,paid
7126,2025-06-13,control,US,partner
7127,2025-06-10,treatment,US,organic
7128,2025-02-03,treatment,DE,partner
7129,2025-02-23,treatment,BR,referral
7130,2025-06-26,control,IN,organic
7131,2025-02-28,treatment,US,paid
7132,2025-05-28,treatment,Other,organic
7133,2025-05-23,control,GB,organic
7134,2025-06-05,treatment,BR,paid
7135,2025-01-03,control,Other,organic
7136,2025-03-29,treatment,BR,organic
7137,2025-04-13,control,IN,paid
7138,2025-06-01,control,IN,partner
7139,2025-02-10,control,PK,organic
7140,2025-02-25,treatment,PK,organic
7141,2025-02-02,treatment,GB,organic
7142,2025-05-18,control,GB,organic
7143,2025-06-30,control,PK,partner
7144,2025-01-26,treatment,BR,paid
7145,2025-02-12,control,IN,paid
7146,2025-02-25,control,DE,organic
7147,2025-06-10,treatment,US,partner
7148,2025-03-22,control,DE,paid
7149,2025-02-21,treatment,Other,partner
7150,2025-02-28,control,GB,paid
7151,2025-04-19,treatment,US,partner
7152,2025-03-12,treatment,US,paid
7153,2025-01-26,control,DE,referral
7154,2025-05-29,treatment,GB,organic
7155,2025-03-18,treatment,IN,paid
7156,2025-02-16,treatment,US,paid
7157,2025-05-12,control,US,paid
7158,2025-05-15,control,US,paid
7159,2025-01-29,treatment,US,organic
7160,2025-01-14,control,PK,partner
7161,2025-01-09,control,Other,paid
7162,2025-05-19,control,IN,organic
7163,2025-04-24,treatment,Other,paid
7164,2025-05-24,control,US,paid
7165,2025-04-24,control,Other,organic
7166,2025-03-14,treatment,DE,organic
7167,2025-04-17,control,IN,paid
7168,2025-05-11,control,IN,referral
7169,2025-03-14,control,GB,organic
7170,2025-06-15,control,US,organic
7171,2025-06-12,treatment,US,paid
7172,2025-05-25,control,DE,organic
7173,2025-06-29,treatment,DE,referral
7174,2025-03-12,control,Other,referral
7175,2025-01-21,control,US,referral
7176,2025-03-29,control,BR,organic
7177,2025-05-16,treatment,BR,organic
7178,2025-05-22,control,US,paid
7179,2025-03-12,control,GB,organic
7180,2025-02-22,treatment,DE,organic
7181,2025-03-22,control,DE,organic
7182,2025-05-26,treatment,US,paid
7183,2025-01-11,control,US,organic
7184,2025-03-01,control,GB,organic
7185,2025-02-11,treatment,PK,organic
7186,2025-05-26,control,PK,paid
7187,2025-03-27,control,US,organic
7188,2025-01-16,control,IN,paid
7189,2025-02-17,control,Other,paid
7190,2025-01-09,treatment,US,paid
7191,2025-03-28,control,US,partner
7192,2025-06-30,treatment,US,partner
7193,2025-04-13,control,US,organic
7194,2025-06-07,control,PK,organic
7195,2025-05-15,control,PK,referral
7196,2025-06-09,treatment,BR,referral
7197,2025-02-26,treatment,GB,organic
7198,2025-06-22,treatment,PK,partner
7199,2025-02-13,control,US,referral
7200,2025-03-21,control,US,referral
7201,2025-05-04,treatment,US,organic
7202,2025-02-21,control,Other,paid
7203,2025-02-17,treatment,IN,organic
7204,2025-01-24,control,IN,organic
7205,2025-01-01,control,IN,organic
7206,2025-04-01,control,US,organic
7207,2025-06-28,control,GB,referral
7208,2025-02-09,treatment,PK,paid
7209,2025-03-21,treatment,Other,paid
7210,2025-06-19,treatment,BR,organic
7211,2025-05-20,treatment,US,partner
7212,2025-01-01,control,Other,partner
7213,2025-04-01,control,GB,paid
7214,2025-01-26,control,GB,organic
7215,2025-02-14,treatment,US,organic
7216,2025-02-14,control,US,paid
7217,2025-04-21,treatment,IN,referral
7218,2025-02-06,treatment,IN,partner
7219,2025-02-15,treatment,US,organic
7220,2025-02-10,treatment,US,organic
7221,2025-03-06,treatment,BR,organic
7222,2025-04-29,treatment,DE,organic
7223,2025-03-14,treatment,GB,paid
7224,2025-03-01,control,US,paid
7225,2025-04-04,treatment,Other,referral
7226,2025-04-22,control,Other,organic
7227,2025-01-03,treatment,GB,organic
7228,2025-06-11,treatment,IN,paid
7229,2025-06-15,control,Other,referral
7230,2025-04-20,treatment,US,referral
7231,2025-04-15,control,Other,referral
7232,2025-05-06,treatment,DE,paid
7233,2025-03-21,treatment,BR,organic
7234,2025-03-08,treatment,BR,paid
7235,2025-03-05,treatment,US,partner
7236,2025-01-29,control,PK,organic
7237,2025-06-02,control,IN,organic
7238,2025-02-28,treatment,US,organic
7239,2025-02-21,control,BR,paid
7240,2025-06-24,control,Other,paid
7241,2025-04-02,control,Other,organic
7242,2025-04-23,control,IN,organic
7243,2025-02-14,treatment,US,paid
7244,2025-02-20,control,GB,organic
7245,2025-05-12,control,US,organic
7246,2025-03-23,treatment,PK,paid
7247,2025-01-27,treatment,IN,organic
7248,2025-06-01,control,Other,organic
7249,2025-03-14,treatment,US,organic
7250,2025-05-01,control,Other,organic
7251,2025-03-03,treatment,Other,organic
7252,2025-04-12,control,IN,organic
7253,2025-05-21,control,Other,organic
7254,2025-06-10,control,DE,paid
7255,2025-02-07,treatment,GB,referral
7256,2025-05-02,control,US,organic
7257,2025-06-15,control,US,paid
7258,2025-04-27,treatment,US,organic
7259,2025-01-26,control,IN,referral
7260,2025-02-04,treatment,GB,organic
7261,2025-02-06,control,US,organic
7262,2025-01-20,control,US,organic
7263,2025-05-17,control,IN,organic
7264,2025-06-24,control,Other,organic
7265,2025-04-04,control,DE,organic
7266,2025-04-19,treatment,IN,paid
7267,2025-05-21,treatment,Other,organic
7268,2025-03-17,control,IN,organic
7269,2025-03-27,control,IN,referral
7270,2025-04-17,treatment,IN,organic
7271,2025-02-25,control,Other,organic
7272,2025-01-12,treatment,GB,paid
7273,2025-04-13,treatment,PK,organic
7274,2025-05-29,control,DE,referral
7275,2025-01-14,treatment,US,organic
7276,2025-02-09,treatment,IN,organic
7277,2025-02-17,treatment,PK,referral
7278,2025-05-26,treatment,Other,referral
7279,2025-04-02,control,Other,paid
7280,2025-04-07,treatment,IN,organic
7281,2025-04-27,control,BR,paid
7282,2025-02-20,control,Other,partner
7283,2025-05-10,treatment,US,paid
7284,2025-01-06,control,US,partner
7285,2025-01-21,treatment,DE,paid
7286,2025-05-28,treatment,BR,referral
7287,2025-04-30,treatment,IN,organic
7288,2025-02-01,treatment,PK,partner
7289,2025-03-21,treatment,US,referral
7290,2025-01-10,treatment,PK,referral
7291,2025-05-02,treatment,IN,partner
7292,2025-05-17,treatment,Other,referral
7293,2025-02-20,treatment,GB,paid
7294,2025-03-05,control,IN,paid
7295,2025-02-12,control,IN,referral
7296,2025-03-12,control,BR,paid
7297,2025-02-19,control,US,paid
7298,2025-02-14,control,US,paid
7299,2025-03-19,treatment,US,referral
7300,2025-06-05,treatment,DE,organic
7301,2025-05-19,treatment,IN,paid
7302,2025-02-23,treatment,BR,paid
7303,2025-06-20,treatment,IN,referral
7304,2025-02-08,treatment,US,organic
7305,2025-06-14,treatment,US,paid
7306,2025-02-25,control,IN,organic
7307,2025-04-08,treatment,PK,paid
7308,2025-02-06,control,IN,referral
7309,2025-05-18,control,IN,paid
7310,2025-02-27,control,Other,paid
7311,2025-06-07,treatment,Other,organic
7312,2025-01-16,treatment,IN,paid
7313,2025-04-01,control,GB,referral
7314,2025-01-29,treatment,US,paid
7315,2025-06-10,control,IN,organic
7316,2025-03-17,control,DE,paid
7317,2025-05-03,control,US,paid
7318,2025-06-09,control,US,paid
7319,2025-04-07,treatment,Other,paid
7320,2025-01-11,control,US,partner
7321,2025-02-09,control,PK,referral
7322,2025-02-08,control,Other,organic
7323,2025-06-15,treatment,IN,paid
7324,2025-06-14,treatment,US,paid
7325,2025-03-28,treatment,PK,referral
7326,2025-06-11,treatment,IN,organic
7327,2025-02-14,treatment,US,organic
7328,2025-05-03,control,IN,paid
7329,2025-03-12,control,US,paid
7330,2025-02-13,treatment,IN,organic
7331,2025-02-15,control,Other,partner
7332,2025-03-17,control,BR,organic
7333,2025-03-03,control,Other,organic
7334,2025-02-08,control,DE,organic
7335,2025-03-02,control,Other,organic
7336,2025-01-24,control,IN,organic
7337,2025-06-25,control,US,organic
7338,2025-03-10,treatment,Other,organic
7339,2025-01-20,treatment,Other,paid
7340,2025-04-15,control,GB,organic
7341,2025-06-09,control,PK,paid
7342,2025-03-07,control,US,partner
7343,2025-06-02,control,US,partner
7344,2025-04-21,control,US,organic
7345,2025-05-14,control,DE,organic
7346,2025-02-23,treatment,US,paid
7347,2025-01-07,treatment,US,organic
7348,2025-03-04,treatment,Other,referral
7349,2025-06-17,treatment,DE,paid
7350,2025-05-24,treatment,PK,organic
7351,2025-05-22,treatment,US,organic
7352,2025-06-08,treatment,US,referral
7353,2025-03-09,treatment,PK,paid
7354,2025-02-28,treatment,GB,paid
7355,2025-06-17,treatment,DE,paid
7356,2025-04-14,treatment,Other,paid
7357,2025-02-23,control,GB,organic
7358,2025-02-20,control,DE,paid
7359,2025-06-08,control,IN,organic
7360,2025-01-10,control,US,paid
7361,2025-01-12,control,IN,organic
7362,2025-05-14,control,DE,partner
7363,2025-01-01,control,US,paid
7364,2025-01-31,treatment,DE,organic
7365,2025-06-29,control,DE,referral
7366,2025-03-19,control,IN,paid
7367,2025-05-12,control,Other,paid
7368,2025-03-30,control,IN,organic
7369,2025-01-17,treatment,GB,paid
7370,2025-02-03,treatment,Other,paid
7371,2025-05-18,control,PK,organic
7372,2025-01-18,treatment,US,paid
7373,2025-04-18,control,US,organic
7374,2025-03-04,treatment,US,referral
7375,2025-03-09,treatment,US,partner
7376,2025-06-22,treatment,DE,organic
7377,2025-04-20,control,GB,organic
7378,2025-04-22,treatment,Other,organic
7379,2025-03-05,treatment,DE,referral
7380,2025-03-11,treatment,US,organic
7381,2025-05-05,control,Other,referral
7382,2025-01-08,control,BR,referral
7383,2025-02-12,control,US,organic
7384,2025-04-19,control,US,referral
7385,2025-04-23,treatment,IN,paid
7386,2025-01-17,control,DE,organic
7387,2025-05-23,control,IN,referral
7388,2025-04-09,treatment,PK,paid
7389,2025-02-13,control,IN,organic
7390,2025-05-17,treatment,Other,paid
7391,2025-06-29,treatment,IN,paid
7392,2025-03-18,treatment,IN,paid
7393,2025-02-21,treatment,US,organic
7394,2025-02-24,control,DE,paid
7395,2025-04-18,control,DE,organic
7396,2025-01-09,treatment,BR,paid
7397,2025-03-29,control,GB,organic
7398,2025-01-05,control,IN,paid
7399,2025-01-07,treatment,GB,referral
7400,2025-03-19,control,BR,organic
7401,2025-05-15,control,GB,organic
7402,2025-06-09,control,Other,referral
7403,2025-01-16,control,GB,organic
7404,2025-02-14,treatment,IN,organic
7405,2025-03-18,control,IN,paid
7406,2025-04-14,control,GB,paid
7407,2025-06-28,control,PK,organic
7408,2025-05-04,treatment,Other,referral
7409,2025-04-08,control,IN,organic
7410,2025-01-12,control,Other,referral
7411,2025-01-15,treatment,DE,referral
7412,2025-01-28,control,Other,organic
7413,2025-04-30,treatment,Other,referral
7414,2025-03-01,control,IN,paid
7415,2025-02-13,control,PK,partner
7416,2025-05-02,control,IN,paid
7417,2025-05-28,treatment,BR,organic
7418,2025-03-21,control,BR,paid
7419,2025-06-09,control,DE,paid
7420,2025-05-13,treatment,IN,paid
7421,2025-05-10,control,GB,paid
7422,2025-06-07,treatment,IN,referral
7423,2025-02-03,treatment,BR,organic
7424,2025-05-18,treatment,GB,partner
7425,2025-06-23,control,US,organic
7426,2025-06-29,control,US,organic
7427,2025-04-15,treatment,IN,organic
7428,2025-05-17,control,GB,partner
7429,2025-06-10,control,US,referral
7430,2025-06-04,treatment,GB,organic
7431,2025-06-12,treatment,GB,partner
7432,2025-05-31,control,US,organic
7433,2025-03-11,control,GB,organic
7434,2025-05-13,treatment,IN,organic
7435,2025-03-16,treatment,IN,organic
7436,2025-05-26,control,Other,paid
7437,2025-05-27,control,US,organic
7438,2025-06-19,control,GB,organic
7439,2025-04-17,control,US,organic
7440,2025-03-28,control,IN,organic
7441,2025-01-30,treatment,US,paid
7442,2025-04-26,control,US,paid
7443,2025-04-13,control,BR,organic
7444,2025-04-04,treatment,GB,organic
7445,2025-05-03,control,BR,paid
7446,2025-06-04,control,IN,referral
7447,2025-01-27,treatment,PK,paid
7448,2025-03-20,control,GB,paid
7449,2025-05-11,treatment,US,partner
7450,2025-05-29,control,BR,referral
7451,2025-05-21,control,US,organic
7452,2025-05-25,treatment,US,referral
7453,2025-06-04,control,DE,paid
7454,2025-06-24,treatment,US,paid
7455,2025-04-21,control,US,paid
7456,2025-02-15,treatment,IN,organic
7457,2025-04-13,control,PK,referral
7458,2025-05-09,treatment,US,organic
7459,2025-01-19,treatment,BR,organic
7460,2025-05-18,control,Other,organic
7461,2025-04-09,control,US,paid
7462,2025-06-19,control,IN,organic
7463,2025-02-08,treatment,US,organic
7464,2025-06-14,control,Other,referral
7465,2025-03-23,treatment,US,organic
7466,2025-04-14,control,GB,organic
7467,2025-04-30,control,Other,paid
7468,2025-04-15,treatment,IN,organic
7469,2025-06-13,control,US,organic
7470,2025-01-31,control,PK,organic
7471,2025-05-13,treatment,Other,organic
7472,2025-06-26,treatment,DE,organic
7473,2025-02-09,control,US,referral
7474,2025-02-16,control,US,organic
7475,2025-03-27,control,Other,paid
7476,2025-05-12,treatment,US,organic
7477,2025-06-23,control,GB,partner
7478,2025-05-25,treatment,US,referral
7479,2025-05-24,treatment,US,organic
7480,2025-03-21,treatment,BR,paid
7481,2025-04-27,control,GB,organic
7482,2025-02-08,control,US,organic
7483,2025-03-25,control,US,organic
7484,2025-02-04,control,US,paid
7485,2025-01-05,control,US,organic
7486,2025-06-05,treatment,US,organic
7487,2025-05-26,control,IN,paid
7488,2025-04-03,control,US,referral
7489,2025-01-03,treatment,GB,referral
7490,2025-01-17,treatment,BR,paid
7491,2025-01-21,control,IN,paid
7492,2025-05-10,treatment,IN,paid
7493,2025-02-06,treatment,Other,organic
7494,2025-02-15,control,US,paid
7495,2025-06-05,treatment,US,organic
7496,2025-06-08,control,US,referral
7497,2025-05-19,control,US,organic
7498,2025-02-26,control,Other,organic
7499,2025-04-15,control,BR,organic
7500,2025-02-06,treatment,PK,referral
7501,2025-06-05,treatment,Other,organic
7502,2025-01-16,control,PK,paid
7503,2025-05-15,treatment,DE,organic
7504,2025-04-03,control,Other,paid
7505,2025-05-18,control,DE,paid
7506,2025-03-23,treatment,US,partner
7507,2025-01-29,control,BR,organic
7508,2025-05-16,treatment,Other,organic
7509,2025-04-25,control,PK,organic
7510,2025-03-26,treatment,DE,paid
7511,2025-03-09,control,Other,referral
7512,2025-03-04,control,DE,organic
7513,2025-03-29,treatment,IN,partner
7514,2025-02-17,treatment,GB,organic
7515,2025-02-21,control,US,referral
7516,2025-02-20,treatment,GB,paid
7517,2025-01-03,control,Other,partner
7518,2025-06-17,control,Other,paid
7519,2025-02-12,control,US,paid
7520,2025-01-30,treatment,US,organic
7521,2025-01-28,treatment,US,organic
7522,2025-06-28,treatment,IN,referral
7523,2025-03-28,treatment,BR,organic
7524,2025-03-01,control,BR,referral
7525,2025-03-15,control,US,organic
7526,2025-01-16,control,US,organic
7527,2025-02-26,treatment,Other,paid
7528,2025-02-15,control,BR,organic
7529,2025-05-26,treatment,US,paid
7530,2025-01-11,treatment,US,partner
7531,2025-03-19,treatment,US,organic
7532,2025-05-23,control,US,organic
7533,2025-05-31,control,US,organic
7534,2025-04-03,treatment,IN,paid
7535,2025-02-10,treatment,US,paid
7536,2025-03-02,control,GB,partner
7537,2025-02-10,treatment,BR,organic
7538,2025-04-30,treatment,GB,organic
7539,2025-02-22,control,DE,organic
7540,2025-04-25,treatment,Other,organic
7541,2025-04-29,control,US,paid
7542,2025-06-20,treatment,PK,partner
7543,2025-03-09,control,US,organic
7544,2025-06-23,control,US,referral
7545,2025-03-14,control,US,paid
7546,2025-05-04,treatment,IN,referral
7547,2025-04-30,treatment,DE,referral
7548,2025-05-29,control,IN,referral
7549,2025-03-26,control,US,organic
7550,2025-05-24,control,IN,organic
7551,2025-03-06,control,US,organic
7552,2025-03-30,treatment,US,organic
7553,2025-04-01,control,IN,paid
7554,2025-05-08,treatment,US,partner
7555,2025-04-22,treatment,GB,paid
7556,2025-01-15,control,BR,organic
7557,2025-05-27,treatment,IN,organic
7558,2025-05-18,treatment,IN,paid
7559,2025-01-19,treatment,US,organic
7560,2025-06-24,treatment,US,organic
7561,2025-04-30,control,GB,organic
7562,2025-01-16,control,US,referral
7563,2025-03-30,treatment,GB,organic
7564,2025-06-01,control,GB,partner
7565,2025-02-20,treatment,GB,paid
7566,2025-06-18,treatment,BR,paid
7567,2025-03-17,control,US,referral
7568,2025-02-10,control,GB,referral
7569,2025-03-06,control,US,organic
7570,2025-04-05,treatment,US,organic
7571,2025-05-05,control,PK,organic
7572,2025-06-17,control,US,organic
7573,2025-02-05,treatment,US,organic
7574,2025-06-23,treatment,Other,paid
7575,2025-04-06,treatment,GB,organic
7576,2025-01-24,treatment,US,partner
7577,2025-06-17,control,IN,referral
7578,2025-03-05,treatment,IN,paid
7579,2025-04-23,treatment,Other,paid
7580,2025-05-07,control,Other,organic
7581,2025-01-03,control,IN,organic
7582,2025-02-10,control,US,organic
7583,2025-05-05,treatment,DE,partner
7584,2025-02-28,treatment,US,organic
7585,2025-01-02,treatment,BR,organic
7586,2025-01-05,treatment,Other,referral
7587,2025-05-30,control,US,organic
7588,2025-01-28,treatment,Other,partner
7589,2025-01-19,treatment,BR,partner
7590,2025-04-12,treatment,US,organic
7591,2025-01-22,control,Other,paid
7592,2025-04-29,treatment,BR,organic
7593,2025-04-09,treatment,DE,organic
7594,2025-04-28,control,DE,referral
7595,2025-03-30,treatment,US,organic
7596,2025-05-21,control,US,partner
7597,2025-04-27,control,IN,partner
7598,2025-03-17,treatment,Other,paid
7599,2025-01-03,control,IN,organic
7600,2025-02-19,treatment,PK,organic
7601,2025-01-24,treatment,PK,organic
7602,2025-01-03,control,US,organic
7603,2025-02-19,control,IN,organic
7604,2025-02-07,control,IN,organic
7605,2025-01-14,control,GB,paid
7606,2025-02-26,treatment,DE,organic
7607,2025-04-02,control,IN,organic
7608,2025-02-02,treatment,Other,paid
7609,2025-02-19,control,Other,organic
7610,2025-01-04,control,DE,organic
7611,2025-01-10,treatment,PK,organic
7612,2025-01-29,control,DE,organic
7613,2025-03-23,treatment,Other,organic
7614,2025-05-01,treatment,IN,organic
7615,2025-05-23,treatment,Other,paid
7616,2025-04-24,control,Other,organic
7617,2025-04-22,control,GB,organic
7618,2025-06-19,treatment,Other,paid
7619,2025-02-16,control,IN,paid
7620,2025-05-25,treatment,US,organic
7621,2025-06-19,treatment,US,partner
7622,2025-04-13,treatment,IN,referral
7623,2025-06-02,treatment,US,paid
7624,2025-01-25,treatment,US,organic
7625,2025-06-09,control,BR,organic
7626,2025-04-13,treatment,US,organic
7627,2025-02-10,treatment,DE,paid
7628,2025-01-12,control,PK,partner
7629,2025-05-11,treatment,US,partner
7630,2025-03-19,control,IN,organic
7631,2025-02-26,control,US,partner
7632,2025-03-12,treatment,Other,referral
7633,2025-06-29,treatment,GB,paid
7634,2025-03-19,control,PK,partner
7635,2025-01-15,treatment,IN,organic
7636,2025-02-20,control,Other,organic
7637,2025-01-27,control,BR,referral
7638,2025-05-05,control,DE,organic
7639,2025-05-25,treatment,US,paid
7640,2025-06-02,control,BR,referral
7641,2025-04-25,control,BR,referral
7642,2025-05-20,treatment,IN,organic
7643,2025-03-17,control,US,paid
7644,2025-04-24,control,BR,organic
7645,2025-01-20,control,DE,referral
7646,2025-04-08,treatment,BR,paid
7647,2025-04-11,treatment,IN,paid
7648,2025-01-06,treatment,GB,referral
7649,2025-04-10,control,BR,paid
7650,2025-05-11,control,GB,paid
7651,2025-03-08,treatment,IN,paid
7652,2025-04-09,control,PK,paid
7653,2025-02-21,control,GB,paid
7654,2025-02-19,control,US,referral
7655,2025-01-24,control,IN,organic
7656,2025-03-01,control,IN,organic
7657,2025-05-26,treatment,US,organic
7658,2025-06-19,control,DE,organic
7659,2025-04-26,treatment,GB,referral
7660,2025-04-24,control,IN,paid
7661,2025-04-22,treatment,US,organic
7662,2025-03-28,treatment,IN,paid
7663,2025-03-18,treatment,IN,organic
7664,2025-04-23,control,PK,paid
7665,2025-05-22,treatment,Other,organic
7666,2025-03-16,control,DE,organic
7667,2025-04-13,treatment,IN,organic
7668,2025-03-27,treatment,IN,organic
7669,2025-02-21,treatment,PK,paid
7670,2025-02-22,treatment,BR,paid
7671,2025-01-15,treatment,US,organic
7672,2025-03-21,treatment,Other,paid
7673,2025-05-09,control,US,paid
7674,2025-05-05,control,Other,referral
7675,2025-06-28,treatment,US,organic
7676,2025-01-08,treatment,DE,paid
7677,2025-05-18,control,Other,paid
7678,2025-05-24,control,IN,paid
7679,2025-03-20,treatment,BR,organic
7680,2025-02-21,control,GB,organic
7681,2025-03-06,control,GB,organic
7682,2025-05-04,control,US,referral
7683,2025-06-06,control,BR,paid
7684,2025-04-27,treatment,DE,paid
7685,2025-04-04,control,US,paid
7686,2025-04-29,control,GB,organic
7687,2025-01-13,treatment,Other,organic
7688,2025-04-21,control,PK,paid
7689,2025-01-08,control,DE,organic
7690,2025-06-23,control,Other,partner
7691,2025-06-10,control,DE,organic
7692,2025-04-03,treatment,GB,paid
7693,2025-03-09,control,GB,organic
7694,2025-05-13,control,Other,referral
7695,2025-04-26,control,US,referral
7696,2025-05-08,control,US,organic
7697,2025-04-04,control,Other,paid
7698,2025-02-12,control,IN,partner
7699,2025-01-14,control,IN,paid
7700,2025-02-21,control,IN,organic
7701,2025-04-06,treatment,IN,referral
7702,2025-03-18,control,US,organic
7703,2025-04-02,control,IN,organic
7704,2025-02-20,treatment,US,referral
7705,2025-06-19,control,US,partner
7706,2025-03-08,treatment,Other,organic
7707,2025-06-03,control,US,organic
7708,2025-03-12,control,US,organic
7709,2025-03-22,treatment,GB,referral
7710,2025-04-20,control,PK,referral
7711,2025-02-17,control,Other,partner
7712,2025-02-09,treatment,US,organic
7713,2025-03-10,treatment,GB,organic
7714,2025-05-26,control,IN,paid
7715,2025-01-27,treatment,IN,organic
7716,2025-03-21,control,US,organic
7717,2025-05-02,treatment,GB,organic
7718,2025-05-08,control,BR,paid
7719,2025-03-20,treatment,US,paid
7720,2025-01-15,control,IN,referral
7721,2025-01-03,treatment,US,organic
7722,2025-03-27,control,PK,referral
7723,2025-05-27,treatment,IN,paid
7724,2025-01-06,treatment,IN,organic
7725,2025-06-10,treatment,IN,paid
7726,2025-05-03,treatment,US,referral
7727,2025-01-02,control,US,organic
7728,2025-03-04,treatment,BR,referral
7729,2025-02-09,control,IN,paid
7730,2025-06-21,treatment,PK,paid
7731,2025-04-11,treatment,GB,referral
7732,2025-02-28,control,PK,paid
7733,2025-02-20,control,US,paid
7734,2025-04-13,treatment,US,organic
7735,2025-01-01,treatment,US,paid
7736,2025-02-16,treatment,Other,referral
7737,2025-01-30,treatment,BR,partner
7738,2025-04-23,control,DE,referral
7739,2025-05-02,treatment,IN,referral
7740,2025-03-26,treatment,US,paid
7741,2025-01-26,treatment,US,referral
7742,2025-03-09,treatment,US,organic
7743,2025-06-02,treatment,US,organic
7744,2025-02-06,treatment,DE,paid
7745,2025-01-30,treatment,GB,paid
7746,2025-01-21,treatment,PK,paid
7747,2025-05-28,treatment,PK,partner
7748,2025-01-22,control,Other,referral
7749,2025-04-16,control,US,referral
7750,2025-06-30,treatment,BR,referral
7751,2025-04-27,treatment,US,referral
7752,2025-03-16,treatment,US,paid
7753,2025-02-07,treatment,IN,organic
7754,2025-01-01,control,DE,referral
7755,2025-01-29,control,IN,organic
7756,2025-06-22,treatment,PK,paid
7757,2025-01-26,treatment,US,organic
7758,2025-01-04,control,Other,paid
7759,2025-05-28,control,US,organic
7760,2025-03-17,control,Other,paid
7761,2025-03-06,control,IN,referral
7762,2025-05-10,treatment,US,organic
7763,2025-04-05,control,GB,organic
7764,2025-06-15,control,US,partner
7765,2025-03-26,treatment,PK,organic
7766,2025-05-10,treatment,US,paid
7767,2025-06-09,treatment,PK,referral
7768,2025-03-25,control,GB,paid
7769,2025-02-21,control,Other,organic
7770,2025-06-26,control,US,paid
7771,2025-02-11,treatment,IN,partner
7772,2025-01-08,control,PK,organic
7773,2025-04-15,treatment,US,paid
7774,2025-06-28,treatment,US,organic
7775,2025-01-16,treatment,BR,partner
7776,2025-06-03,control,IN,organic
7777,2025-05-31,control,PK,organic
7778,2025-06-18,treatment,US,organic
7779,2025-03-18,control,Other,partner
7780,2025-02-16,treatment,Other,paid
7781,2025-04-03,control,IN,organic
7782,2025-01-26,treatment,US,organic
7783,2025-06-02,treatment,US,referral
7784,2025-05-01,control,Other,organic
7785,2025-03-29,treatment,IN,paid
7786,2025-04-04,treatment,IN,paid
7787,2025-05-09,treatment,Other,referral
7788,2025-04-05,control,US,paid
7789,2025-06-02,control,IN,referral
7790,2025-06-17,treatment,IN,organic
7791,2025-06-21,control,PK,organic
7792,2025-04-23,treatment,IN,organic
7793,2025-05-15,control,DE,organic
7794,2025-02-26,treatment,US,paid
7795,2025-01-07,control,Other,paid
7796,2025-03-14,treatment,IN,partner
7797,2025-06-07,control,GB,partner
7798,2025-01-25,control,Other,organic
7799,2025-04-09,control,GB,paid
7800,2025-02-04,treatment,GB,paid
7801,2025-03-19,control,Other,partner
7802,2025-01-26,treatment,IN,organic
7803,2025-05-13,control,Other,paid
7804,2025-05-27,treatment,Other,organic
7805,2025-05-18,treatment,BR,organic
7806,2025-05-08,control,US,paid
7807,2025-02-12,control,PK,organic
7808,2025-04-06,control,BR,organic
7809,2025-01-19,treatment,BR,referral
7810,2025-03-09,treatment,BR,organic
7811,2025-04-02,control,US,organic
7812,2025-05-01,treatment,US,paid
7813,2025-01-18,treatment,IN,paid
7814,2025-05-28,treatment,PK,paid
7815,2025-03-25,treatment,DE,partner
7816,2025-06-09,treatment,US,organic
7817,2025-04-06,treatment,DE,organic
7818,2025-04-10,treatment,IN,organic
7819,2025-05-06,control,US,paid
7820,2025-05-29,treatment,BR,organic
7821,2025-01-29,treatment,IN,partner
7822,2025-04-03,treatment,DE,paid
7823,2025-01-06,control,IN,paid
7824,2025-03-27,treatment,Other,referral
7825,2025-05-28,control,US,referral
7826,2025-06-06,treatment,US,paid
7827,2025-02-21,control,US,paid
7828,2025-03-11,treatment,IN,organic
7829,2025-04-10,control,Other,paid
7830,2025-03-13,control,IN,organic
7831,2025-02-02,control,Other,paid
7832,2025-02-25,control,IN,referral
7833,2025-03-15,control,GB,paid
7834,2025-04-04,treatment,US,organic
7835,2025-06-16,treatment,IN,organic
7836,2025-04-09,treatment,IN,referral
7837,2025-03-12,treatment,BR,organic
7838,2025-04-30,control,BR,paid
7839,2025-05-20,treatment,DE,referral
7840,2025-03-19,treatment,GB,organic
7841,2025-03-30,control,IN,paid
7842,2025-02-09,treatment,IN,organic
7843,2025-06-06,treatment,PK,paid
7844,2025-06-06,treatment,GB,organic
7845,2025-02-01,treatment,Other,organic
7846,2025-03-04,control,GB,organic
7847,2025-02-19,treatment,GB,referral
7848,2025-06-17,control,PK,paid
7849,2025-01-12,treatment,Other,referral
7850,2025-02-07,control,Other,paid
7851,2025-02-26,control,US,referral
7852,2025-04-12,control,GB,paid
7853,2025-02-15,control,IN,organic
7854,2025-04-08,control,PK,paid
7855,2025-05-16,control,BR,organic
7856,2025-05-30,treatment,US,partner
7857,2025-01-18,treatment,BR,partner
7858,2025-01-26,control,US,organic
7859,2025-01-18,treatment,GB,partner
7860,2025-06-14,treatment,IN,organic
7861,2025-04-29,control,US,paid
7862,2025-04-07,treatment,IN,referral
7863,2025-05-24,control,IN,organic
7864,2025-04-17,control,DE,organic
7865,2025-02-12,control,GB,referral
7866,2025-04-03,control,Other,organic
7867,2025-05-08,treatment,BR,paid
7868,2025-01-07,treatment,Other,referral
7869,2025-04-20,control,DE,organic
7870,2025-03-31,treatment,BR,organic
7871,2025-01-13,control,Other,partner
7872,2025-02-17,control,US,paid
7873,2025-03-23,treatment,US,paid
7874,2025-03-04,treatment,Other,organic
7875,2025-02-22,treatment,DE,partner
7876,2025-04-28,control,US,organic
7877,2025-03-15,control,Other,organic
7878,2025-04-01,control,US,organic
7879,2025-05-25,treatment,IN,paid
7880,2025-01-17,control,PK,organic
7881,2025-03-07,treatment,PK,organic
7882,2025-01-14,control,DE,paid
7883,2025-06-17,control,US,paid
7884,2025-02-03,control,PK,organic
7885,2025-05-29,treatment,PK,paid
7886,2025-02-04,treatment,US,organic
7887,2025-02-28,treatment,GB,organic
7888,2025-04-21,treatment,BR,organic
7889,2025-05-31,treatment,US,partner
7890,2025-02-02,control,PK,paid
7891,2025-02-08,treatment,Other,organic
7892,2025-06-09,treatment,GB,organic
7893,2025-02-28,treatment,Other,organic
7894,2025-02-07,control,PK,paid
7895,2025-05-15,control,IN,paid
7896,2025-01-17,treatment,Other,organic
7897,2025-06-06,control,GB,partner
7898,2025-06-08,control,Other,organic
7899,2025-06-05,control,US,organic
7900,2025-02-23,treatment,DE,organic
7901,2025-01-21,control,BR,organic
7902,2025-03-19,treatment,US,referral
7903,2025-03-02,treatment,IN,paid
7904,2025-06-23,treatment,DE,referral
7905,2025-04-25,control,DE,organic
7906,2025-06-20,treatment,BR,organic
7907,2025-05-16,control,US,organic
7908,2025-05-10,control,US,paid
7909,2025-01-21,control,US,organic
7910,2025-01-13,control,Other,organic
7911,2025-01-09,treatment,IN,partner
7912,2025-04-18,control,BR,paid
7913,2025-02-06,treatment,IN,organic
7914,2025-06-29,control,IN,referral
7915,2025-01-25,treatment,US,organic
7916,2025-06-21,treatment,US,referral
7917,2025-05-01,control,BR,partner
7918,2025-01-20,treatment,US,organic
7919,2025-01-11,control,Other,partner
7920,2025-03-13,treatment,US,organic
7921,2025-03-03,treatment,BR,organic
7922,2025-02-27,treatment,DE,paid
7923,2025-04-06,control,IN,paid
7924,2025-01-24,treatment,Other,organic
7925,2025-01-24,treatment,DE,organic
7926,2025-05-06,treatment,US,organic
7927,2025-06-29,control,IN,organic
7928,2025-02-19,control,US,organic
7929,2025-06-18,treatment,US,organic
7930,2025-03-04,treatment,IN,partner
7931,2025-03-02,treatment,US,referral
7932,2025-01-17,treatment,US,partner
7933,2025-03-18,treatment,DE,organic
7934,2025-04-01,control,DE,organic
7935,2025-05-01,treatment,Other,paid
7936,2025-01-29,control,US,paid
7937,2025-02-04,treatment,DE,paid
7938,2025-03-20,control,IN,organic
7939,2025-01-13,treatment,PK,referral
7940,2025-01-26,treatment,GB,paid
7941,2025-04-24,treatment,IN,organic
7942,2025-06-22,control,IN,paid
7943,2025-04-14,treatment,GB,organic
7944,2025-01-27,control,US,organic
7945,2025-06-29,control,IN,partner
7946,2025-04-05,treatment,US,paid
7947,2025-05-10,treatment,GB,organic
7948,2025-02-05,control,BR,organic
7949,2025-04-15,treatment,US,organic
7950,2025-01-14,control,US,partner
7951,2025-04-24,treatment,DE,referral
7952,2025-02-06,treatment,Other,paid
7953,2025-06-14,treatment,IN,partner
7954,2025-01-10,treatment,GB,organic
7955,2025-04-29,treatment,GB,referral
7956,2025-01-26,treatment,Other,paid
7957,2025-05-05,control,IN,referral
7958,2025-03-31,control,IN,partner
7959,2025-06-25,treatment,US,paid
7960,2025-04-28,control,US,organic
7961,2025-03-09,treatment,GB,organic
7962,2025-01-16,control,PK,organic
7963,2025-04-18,treatment,Other,organic
7964,2025-03-21,control,US,organic
7965,2025-01-10,treatment,IN,paid
7966,2025-04-16,treatment,Other,organic
7967,2025-02-08,control,Other,partner
7968,2025-02-12,treatment,DE,organic
7969,2025-01-02,control,US,organic
7970,2025-03-09,treatment,Other,organic
7971,2025-02-09,treatment,US,partner
7972,2025-01-14,control,US,organic
7973,2025-03-20,control,US,organic
7974,2025-02-09,control,BR,organic
7975,2025-01-25,control,US,organic
7976,2025-03-26,treatment,BR,partner
7977,2025-01-12,control,Other,paid
7978,2025-06-29,treatment,BR,organic
7979,2025-03-27,treatment,Other,organic
7980,2025-06-30,treatment,Other,organic
7981,2025-06-09,treatment,PK,paid
7982,2025-06-27,control,IN,organic
7983,2025-04-09,treatment,Other,paid
7984,2025-03-18,treatment,BR,organic
7985,2025-05-11,treatment,US,organic
7986,2025-01-15,control,Other,paid
7987,2025-06-02,control,BR,paid
7988,2025-02-28,treatment,Other,paid
7989,2025-01-02,treatment,GB,referral
7990,2025-02-13,control,GB,referral
7991,2025-02-13,treatment,IN,partner
7992,2025-01-03,control,IN,organic
7993,2025-05-02,treatment,DE,partner
7994,2025-01-18,control,Other,paid
7995,2025-06-03,control,BR,paid
7996,2025-03-24,control,US,paid
7997,2025-05-11,control,IN,organic
7998,2025-03-03,control,US,paid
7999,2025-01-24,control,DE,referral
8000,2025-02-02,control,US,partner
8001,2025-04-27,treatment,US,organic
8002,2025-05-10,treatment,Other,partner
8003,2025-02-18,treatment,US,organic
8004,2025-03-06,control,IN,partner
8005,2025-06-21,control,IN,paid
8006,2025-06-04,treatment,US,paid
8007,2025-03-16,treatment,Other,paid
8008,2025-02-13,treatment,US,partner
8009,2025-02-24,treatment,BR,organic
8010,2025-04-08,treatment,PK,organic
8011,2025-04-13,treatment,IN,referral
8012,2025-02-03,control,GB,organic
8013,2025-01-12,treatment,PK,paid
8014,2025-03-31,treatment,Other,paid
8015,2025-05-25,treatment,DE,referral
8016,2025-01-28,control,IN,partner
8017,2025-03-15,control,GB,organic
8018,2025-01-30,control,GB,paid
8019,2025-02-13,control,DE,paid
8020,2025-04-21,treatment,US,paid
8021,2025-02-21,treatment,IN,organic
8022,2025-02-17,control,US,organic
8023,2025-06-30,treatment,US,paid
8024,2025-02-01,control,DE,organic
8025,2025-02-04,treatment,US,paid
8026,2025-06-18,control,BR,organic
8027,2025-04-10,treatment,BR,partner
8028,2025-01-08,treatment,US,referral
8029,2025-03-18,treatment,US,paid
8030,2025-04-13,treatment,US,referral
8031,2025-02-15,control,BR,partner
8032,2025-04-10,treatment,GB,referral
8033,2025-04-28,control,IN,paid
8034,2025-02-15,control,IN,organic
8035,2025-05-28,treatment,GB,referral
8036,2025-03-23,treatment,US,paid
8037,2025-06-24,treatment,GB,paid
8038,2025-01-16,control,GB,paid
8039,2025-02-28,treatment,GB,organic
8040,2025-05-11,control,Other,referral
8041,2025-06-11,treatment,US,referral
8042,2025-02-10,treatment,US,organic
8043,2025-06-27,treatment,PK,organic
8044,2025-02-05,treatment,Other,partner
8045,2025-03-17,treatment,DE,organic
8046,2025-02-26,control,BR,paid
8047,2025-03-18,treatment,US,paid
8048,2025-06-13,treatment,PK,paid
8049,2025-05-13,control,BR,organic
8050,2025-05-25,control,DE,organic
8051,2025-02-15,control,GB,paid
8052,2025-06-21,treatment,DE,organic
8053,2025-03-20,treatment,IN,referral
8054,2025-04-29,treatment,US,partner
8055,2025-05-07,control,BR,referral
8056,2025-04-30,control,US,organic
8057,2025-04-19,treatment,IN,paid
8058,2025-03-28,control,US,organic
8059,2025-04-28,control,Other,paid
8060,2025-06-13,control,DE,organic
8061,2025-03-12,control,DE,referral
8062,2025-04-03,control,GB,paid
8063,2025-02-02,treatment,BR,organic
8064,2025-03-06,control,GB,organic
8065,2025-05-20,control,GB,paid
8066,2025-04-26,treatment,US,referral
8067,2025-02-08,treatment,GB,organic
8068,2025-04-09,treatment,PK,paid
8069,2025-05-27,treatment,US,organic
8070,2025-01-23,treatment,PK,partner
8071,2025-01-12,treatment,Other,paid
8072,2025-03-13,treatment,IN,referral
8073,2025-04-29,control,US,organic
8074,2025-02-26,treatment,BR,partner
8075,2025-05-29,control,PK,paid
8076,2025-06-03,control,GB,organic
8077,2025-04-07,control,GB,paid
8078,2025-03-10,control,GB,organic
8079,2025-01-08,control,DE,referral
8080,2025-05-29,treatment,US,referral
8081,2025-06-12,control,US,paid
8082,2025-03-22,control,IN,organic
8083,2025-04-04,control,DE,referral
8084,2025-05-17,control,US,referral
8085,2025-05-06,treatment,Other,paid
8086,2025-01-25,control,GB,paid
8087,2025-05-02,control,US,organic
8088,2025-06-17,control,US,organic
8089,2025-05-16,control,GB,partner
8090,2025-03-28,control,BR,paid
8091,2025-04-05,control,US,organic
8092,2025-02-17,treatment,Other,paid
8093,2025-04-30,treatment,Other,organic
8094,2025-02-13,treatment,GB,organic
8095,2025-03-03,control,IN,partner
8096,2025-02-17,control,BR,organic
8097,2025-03-02,treatment,PK,organic
8098,2025-03-08,control,US,referral
8099,2025-01-16,treatment,IN,organic
8100,2025-05-10,treatment,US,organic
8101,2025-03-21,control,US,paid
8102,2025-06-21,control,Other,organic
8103,2025-02-02,treatment,GB,organic
8104,2025-05-02,treatment,DE,paid
8105,2025-02-02,treatment,US,partner
8106,2025-04-10,control,Other,referral
8107,2025-03-30,treatment,GB,organic
8108,2025-03-23,control,US,paid
8109,2025-04-29,control,IN,paid
8110,2025-05-30,treatment,US,organic
8111,2025-02-27,treatment,US,organic
8112,2025-06-03,control,IN,paid
8113,2025-02-03,control,Other,organic
8114,2025-02-23,control,IN,partner
8115,2025-02-26,control,US,organic
8116,2025-06-22,control,GB,organic
8117,2025-01-22,treatment,PK,referral
8118,2025-03-13,control,US,referral
8119,2025-03-18,treatment,IN,organic
8120,2025-05-25,control,DE,referral
8121,2025-03-29,control,Other,referral
8122,2025-06-24,control,GB,organic
8123,2025-05-14,control,Other,paid
8124,2025-05-08,treatment,DE,paid
8125,2025-05-17,treatment,IN,organic
8126,2025-01-30,treatment,US,partner
8127,2025-03-23,control,BR,partner
8128,2025-04-17,treatment,GB,paid
8129,2025-02-07,treatment,US,organic
8130,2025-01-22,control,DE,partner
8131,2025-01-25,treatment,US,paid
8132,2025-05-23,treatment,Other,organic
8133,2025-04-29,treatment,PK,paid
8134,2025-02-20,treatment,IN,paid
8135,2025-05-14,treatment,DE,organic
8136,2025-05-06,control,US,organic
8137,2025-05-28,treatment,GB,referral
8138,2025-06-14,treatment,US,partner
8139,2025-06-09,control,BR,organic
8140,2025-02-02,treatment,PK,organic
8141,2025-05-20,treatment,US,organic
8142,2025-03-13,control,US,paid
8143,2025-03-14,treatment,US,organic
8144,2025-04-28,treatment,DE,paid
8145,2025-04-19,treatment,US,organic
8146,2025-03-17,treatment,DE,referral
8147,2025-06-30,control,US,referral
8148,2025-02-01,treatment,US,referral
8149,2025-01-18,treatment,IN,organic
8150,2025-01-06,treatment,Other,paid
8151,2025-05-28,control,US,organic
8152,2025-03-15,control,US,organic
8153,2025-03-21,treatment,GB,paid
8154,2025-04-28,control,PK,referral
8155,2025-03-20,control,BR,referral
8156,2025-04-14,treatment,BR,organic
8157,2025-01-11,treatment,BR,paid
8158,2025-01-29,treatment,Other,organic
8159,2025-06-18,treatment,US,paid
8160,2025-03-23,treatment,US,organic
8161,2025-01-31,control,GB,referral
8162,2025-03-08,treatment,DE,partner
8163,2025-03-02,treatment,US,organic
8164,2025-02-19,treatment,Other,referral
8165,2025-02-23,control,IN,paid
8166,2025-05-12,control,Other,paid
8167,2025-01-20,treatment,Other,paid
8168,2025-02-26,treatment,BR,organic
8169,2025-03-26,treatment,Other,organic
8170,2025-04-08,treatment,IN,organic
8171,2025-06-09,treatment,GB,paid
8172,2025-06-17,control,IN,organic
8173,2025-02-23,treatment,Other,paid
8174,2025-04-08,treatment,IN,referral
8175,2025-01-05,control,IN,paid
8176,2025-04-22,control,US,organic
8177,2025-01-28,treatment,PK,paid
8178,2025-01-14,treatment,GB,organic
8179,2025-05-02,control,IN,referral
8180,2025-02-02,control,IN,organic
8181,2025-03-28,control,BR,organic
8182,2025-01-19,treatment,US,partner
8183,2025-05-15,treatment,IN,organic
8184,2025-05-19,control,US,organic
8185,2025-04-15,treatment,US,organic
8186,2025-06-01,control,US,organic
8187,2025-03-21,control,IN,referral
8188,2025-02-03,control,US,organic
8189,2025-01-28,treatment,GB,organic
8190,2025-02-09,treatment,Other,referral
8191,2025-02-06,control,DE,organic
8192,2025-02-28,treatment,Other,organic
8193,2025-02-08,treatment,DE,organic
8194,2025-04-17,treatment,US,referral
8195,2025-01-27,treatment,IN,paid
8196,2025-04-23,treatment,GB,paid
8197,2025-03-02,control,Other,paid
8198,2025-05-05,control,US,paid
8199,2025-04-03,treatment,PK,referral
8200,2025-06-13,treatment,DE,partner
8201,2025-03-21,treatment,PK,paid
8202,2025-02-23,treatment,US,referral
8203,2025-04-17,treatment,IN,organic
8204,2025-04-30,treatment,US,paid
8205,2025-03-21,treatment,PK,paid
8206,2025-04-12,control,US,organic
8207,2025-03-27,treatment,DE,organic
8208,2025-02-25,treatment,IN,organic
8209,2025-02-26,control,DE,organic
8210,2025-06-14,control,IN,referral
8211,2025-05-03,treatment,IN,organic
8212,2025-01-18,treatment,US,paid
8213,2025-06-24,control,IN,organic
8214,2025-05-09,control,DE,paid
8215,2025-01-10,control,BR,organic
8216,2025-05-12,control,US,organic
8217,2025-04-17,treatment,DE,paid
8218,2025-06-15,treatment,PK,organic
8219,2025-03-30,treatment,Other,organic
8220,2025-04-04,control,Other,paid
8221,2025-02-26,control,IN,partner
8222,2025-02-28,control,US,paid
8223,2025-04-22,treatment,DE,paid
8224,2025-05-30,treatment,US,paid
8225,2025-06-11,control,IN,paid
8226,2025-05-20,treatment,US,paid
8227,2025-04-21,control,Other,paid
8228,2025-04-01,control,US,paid
8229,2025-03-03,treatment,US,referral
8230,2025-05-19,control,PK,organic
8231,2025-02-27,treatment,US,organic
8232,2025-02-18,control,US,paid
8233,2025-06-07,treatment,BR,referral
8234,2025-04-17,control,Other,referral
8235,2025-03-06,control,US,organic
8236,2025-06-06,control,DE,paid
8237,2025-06-24,treatment,US,partner
8238,2025-02-27,treatment,BR,organic
8239,2025-04-05,treatment,GB,paid
8240,2025-03-29,control,BR,organic
8241,2025-05-07,control,DE,referral
8242,2025-06-22,control,Other,organic
8243,2025-04-10,treatment,IN,paid
8244,2025-05-25,control,IN,organic
8245,2025-04-18,control,DE,organic
8246,2025-06-10,treatment,GB,organic
8247,2025-03-15,treatment,GB,organic
8248,2025-03-11,control,BR,referral
8249,2025-03-18,control,US,organic
8250,2025-06-30,control,US,organic
8251,2025-04-21,treatment,GB,referral
8252,2025-01-28,control,US,organic
8253,2025-01-08,treatment,US,paid
8254,2025-04-04,control,BR,organic
8255,2025-05-26,treatment,PK,partner
8256,2025-03-28,treatment,US,paid
8257,2025-04-12,control,PK,organic
8258,2025-05-25,control,US,paid
8259,2025-04-04,control,Other,organic
8260,2025-06-14,treatment,BR,organic
8261,2025-04-26,treatment,DE,organic
8262,2025-05-13,treatment,IN,paid
8263,2025-05-22,control,DE,paid
8264,2025-04-24,control,DE,organic
8265,2025-01-10,treatment,GB,referral
8266,2025-03-19,treatment,Other,organic
8267,2025-01-26,treatment,Other,paid
8268,2025-04-03,treatment,BR,organic
8269,2025-01-26,treatment,PK,organic
8270,2025-04-03,treatment,US,paid
8271,2025-03-04,treatment,BR,paid
8272,2025-01-04,treatment,DE,referral
8273,2025-01-23,treatment,GB,paid
8274,2025-04-02,treatment,Other,referral
8275,2025-01-15,control,PK,partner
8276,2025-06-04,treatment,Other,partner
8277,2025-05-18,treatment,IN,organic
8278,2025-05-09,control,GB,organic
8279,2025-02-01,treatment,IN,paid
8280,2025-05-25,control,US,organic
8281,2025-04-25,control,Other,referral
8282,2025-03-12,control,US,organic
8283,2025-01-01,treatment,PK,referral
8284,2025-04-06,treatment,IN,organic
8285,2025-05-25,treatment,US,referral
8286,2025-01-07,control,US,paid
8287,2025-01-10,treatment,DE,organic
8288,2025-03-11,control,GB,paid
8289,2025-04-03,control,Other,paid
8290,2025-03-27,control,US,referral
8291,2025-03-19,treatment,DE,paid
8292,2025-02-16,control,US,paid
8293,2025-01-11,treatment,US,organic
8294,2025-01-06,treatment,US,paid
8295,2025-01-18,control,Other,organic
8296,2025-05-05,treatment,IN,partner
8297,2025-05-23,control,Other,paid
8298,2025-03-20,control,DE,referral
8299,2025-01-15,control,US,referral
8300,2025-03-17,treatment,US,organic
8301,2025-06-28,treatment,DE,organic
8302,2025-02-15,treatment,US,organic
8303,2025-03-30,treatment,US,organic
8304,2025-04-08,control,IN,organic
8305,2025-03-01,treatment,US,referral
8306,2025-03-21,control,BR,paid
8307,2025-03-27,control,BR,paid
8308,2025-03-27,treatment,IN,paid
8309,2025-05-10,control,GB,organic
8310,2025-04-16,control,IN,organic
8311,2025-01-10,control,GB,organic
8312,2025-01-02,control,US,referral
8313,2025-03-16,treatment,GB,paid
8314,2025-06-14,control,US,organic
8315,2025-01-07,treatment,DE,paid
8316,2025-01-13,control,IN,paid
8317,2025-05-03,treatment,PK,organic
8318,2025-03-23,treatment,US,organic
8319,2025-02-11,treatment,US,organic
8320,2025-02-07,treatment,US,referral
8321,2025-05-01,treatment,Other,referral
8322,2025-04-05,treatment,GB,paid
8323,2025-04-26,treatment,DE,organic
8324,2025-02-20,control,US,organic
8325,2025-04-06,control,PK,organic
8326,2025-06-05,treatment,DE,organic
8327,2025-02-27,control,US,paid
8328,2025-03-13,control,DE,organic
8329,2025-01-30,treatment,IN,organic
8330,2025-04-26,control,DE,paid
8331,2025-01-06,control,Other,organic
8332,2025-02-15,treatment,Other,paid
8333,2025-05-10,control,BR,referral
8334,2025-01-04,control,Other,paid
8335,2025-06-29,control,PK,partner
8336,2025-03-15,control,GB,paid
8337,2025-03-14,control,IN,referral
8338,2025-04-08,treatment,BR,paid
8339,2025-04-26,control,BR,referral
8340,2025-03-25,control,BR,organic
8341,2025-06-10,treatment,PK,organic
8342,2025-06-24,control,Other,organic
8343,2025-02-06,control,GB,paid
8344,2025-05-08,control,IN,organic
8345,2025-02-24,control,IN,partner
8346,2025-06-30,control,Other,paid
8347,2025-02-15,control,DE,organic
8348,2025-02-23,treatment,US,paid
8349,2025-05-10,treatment,US,referral
8350,2025-05-23,treatment,US,referral
8351,2025-01-24,control,US,paid
8352,2025-04-11,treatment,GB,organic
8353,2025-03-04,treatment,US,referral
8354,2025-04-21,control,Other,partner
8355,2025-04-11,treatment,GB,referral
8356,2025-06-28,treatment,GB,paid
8357,2025-06-18,control,IN,organic
8358,2025-04-29,treatment,GB,partner
8359,2025-05-03,control,IN,organic
8360,2025-06-12,control,PK,organic
8361,2025-02-03,control,GB,paid
8362,2025-05-12,control,DE,paid
8363,2025-05-20,treatment,GB,referral
8364,2025-01-24,treatment,DE,paid
8365,2025-06-09,control,BR,organic
8366,2025-05-07,treatment,GB,paid
8367,2025-03-04,treatment,DE,referral
8368,2025-03-29,treatment,DE,referral
8369,2025-03-30,treatment,US,organic
8370,2025-06-16,treatment,US,organic
8371,2025-06-25,treatment,BR,organic
8372,2025-05-27,control,US,referral
8373,2025-04-29,treatment,IN,paid
8374,2025-01-19,control,Other,paid
8375,2025-06-15,control,IN,organic
8376,2025-01-25,control,GB,referral
8377,2025-01-31,control,DE,referral
8378,2025-01-13,treatment,IN,paid
8379,2025-06-21,treatment,IN,organic
8380,2025-03-31,control,Other,paid
8381,2025-02-12,treatment,DE,referral
8382,2025-01-15,control,US,paid
8383,2025-03-16,treatment,GB,referral
8384,2025-05-11,control,Other,organic
8385,2025-06-30,control,IN,organic
8386,2025-04-10,treatment,Other,organic
8387,2025-04-20,treatment,IN,organic
8388,2025-06-01,control,Other,organic
8389,2025-06-13,control,BR,paid
8390,2025-02-20,control,Other,organic
8391,2025-06-29,treatment,Other,referral
8392,2025-04-04,control,PK,organic
8393,2025-06-18,control,Other,organic
8394,2025-01-22,treatment,BR,organic
8395,2025-01-18,treatment,IN,organic
8396,2025-06-10,control,BR,paid
8397,2025-05-02,treatment,IN,paid
8398,2025-02-01,control,IN,paid
8399,2025-06-11,control,IN,referral
8400,2025-01-19,treatment,DE,organic
8401,2025-05-04,control,PK,paid
8402,2025-02-07,control,Other,organic
8403,2025-01-13,treatment,IN,organic
8404,2025-05-26,treatment,DE,organic
8405,2025-06-03,treatment,Other,paid
8406,2025-01-20,treatment,IN,referral
8407,2025-01-17,control,DE,organic
8408,2025-04-22,treatment,BR,organic
8409,2025-01-06,control,IN,referral
8410,2025-05-16,treatment,IN,referral
8411,2025-06-15,control,GB,paid
8412,2025-05-16,control,GB,organic
8413,2025-02-11,control,Other,organic
8414,2025-02-04,treatment,Other,paid
8415,2025-05-04,control,DE,organic
8416,2025-01-12,treatment,Other,paid
8417,2025-04-08,treatment,DE,organic
8418,2025-03-23,treatment,US,paid
8419,2025-05-15,control,IN,paid
8420,2025-02-06,control,US,organic
8421,2025-05-18,treatment,US,organic
8422,2025-05-07,treatment,Other,organic
8423,2025-02-13,control,BR,referral
8424,2025-03-06,treatment,US,partner
8425,2025-01-12,control,DE,organic
8426,2025-03-23,control,BR,organic
8427,2025-02-17,control,IN,referral
8428,2025-01-21,control,GB,referral
8429,2025-04-12,control,GB,referral
8430,2025-04-13,treatment,BR,organic
8431,2025-01-16,control,IN,organic
8432,2025-02-03,treatment,Other,partner
8433,2025-01-15,treatment,GB,paid
8434,2025-05-03,treatment,Other,organic
8435,2025-03-03,control,Other,referral
8436,2025-01-13,treatment,GB,paid
8437,2025-02-04,control,US,organic
8438,2025-06-26,treatment,IN,partner
8439,2025-02-16,control,Other,paid
8440,2025-05-04,treatment,US,organic
8441,2025-03-26,control,US,organic
8442,2025-02-02,treatment,IN,paid
8443,2025-02-25,control,PK,paid
8444,2025-01-03,control,US,organic
8445,2025-05-16,treatment,GB,paid
8446,2025-03-02,control,US,organic
8447,2025-04-01,treatment,Other,organic
8448,2025-01-28,treatment,IN,partner
8449,2025-05-30,treatment,DE,organic
8450,2025-02-09,treatment,Other,referral
8451,2025-04-13,treatment,BR,organic
8452,2025-06-07,treatment,Other,organic
8453,2025-05-10,control,US,organic
8454,2025-04-20,treatment,US,partner
8455,2025-06-10,treatment,DE,organic
8456,2025-02-01,control,US,organic
8457,2025-06-24,control,PK,organic
8458,2025-04-11,control,BR,paid
8459,2025-03-16,treatment,GB,organic
8460,2025-02-16,control,IN,organic
8461,2025-05-15,treatment,BR,paid
8462,2025-06-26,treatment,BR,referral
8463,2025-05-05,treatment,US,referral
8464,2025-01-06,control,Other,partner
8465,2025-03-26,treatment,IN,organic
8466,2025-05-13,treatment,Other,organic
8467,2025-03-13,control,IN,organic
8468,2025-05-20,control,BR,referral
8469,2025-05-09,control,US,paid
8470,2025-01-13,treatment,IN,paid
8471,2025-04-11,control,US,paid
8472,2025-02-01,control,Other,paid
8473,2025-03-30,control,US,paid
8474,2025-03-11,control,GB,organic
8475,2025-05-27,control,BR,paid
8476,2025-06-07,treatment,BR,organic
8477,2025-03-25,control,IN,organic
8478,2025-04-08,treatment,PK,organic
8479,2025-04-24,control,IN,partner
8480,2025-04-29,control,Other,partner
8481,2025-04-26,treatment,DE,referral
8482,2025-05-22,treatment,BR,referral
8483,2025-06-27,treatment,Other,organic
8484,2025-05-30,control,GB,organic
8485,2025-01-25,treatment,US,organic
8486,2025-03-28,treatment,US,organic
8487,2025-03-25,control,IN,paid
8488,2025-04-03,treatment,IN,organic
8489,2025-04-06,control,US,partner
8490,2025-05-10,control,US,paid
8491,2025-03-18,treatment,US,organic
8492,2025-02-17,treatment,DE,referral
8493,2025-03-24,treatment,US,referral
8494,2025-06-04,treatment,PK,paid
8495,2025-02-26,control,Other,organic
8496,2025-01-04,treatment,IN,organic
8497,2025-06-26,treatment,Other,paid
8498,2025-02-05,control,Other,paid
8499,2025-04-20,control,IN,organic
8500,2025-05-25,treatment,BR,referral
8501,2025-02-19,control,PK,organic
8502,2025-03-03,treatment,BR,partner
8503,2025-02-20,control,DE,organic
8504,2025-01-28,treatment,US,referral
8505,2025-01-28,treatment,IN,organic
8506,2025-02-03,treatment,Other,referral
8507,2025-03-24,treatment,IN,referral
8508,2025-04-07,control,DE,organic
8509,2025-01-03,treatment,IN,organic
8510,2025-06-03,treatment,PK,partner
8511,2025-05-03,treatment,IN,partner
8512,2025-01-13,treatment,DE,referral
8513,2025-06-02,treatment,GB,organic
8514,2025-01-06,treatment,GB,organic
8515,2025-04-12,treatment,Other,organic
8516,2025-03-26,treatment,US,paid
8517,2025-04-01,treatment,Other,organic
8518,2025-06-23,control,US,organic
8519,2025-06-17,control,Other,partner
8520,2025-02-20,treatment,DE,paid
8521,2025-04-15,control,IN,paid
8522,2025-06-23,control,IN,partner
8523,2025-05-12,control,IN,paid
8524,2025-06-10,treatment,PK,organic
8525,2025-03-20,treatment,US,partner
8526,2025-02-21,treatment,US,partner
8527,2025-04-03,treatment,US,organic
8528,2025-05-28,treatment,IN,organic
8529,2025-06-18,control,IN,organic
8530,2025-05-05,control,GB,organic
8531,2025-05-08,control,PK,organic
8532,2025-04-03,control,GB,organic
8533,2025-02-27,treatment,GB,paid
8534,2025-03-18,control,GB,organic
8535,2025-04-01,treatment,IN,referral
8536,2025-05-28,treatment,US,paid
8537,2025-04-11,control,Other,organic
8538,2025-05-24,treatment,IN,referral
8539,2025-01-05,treatment,BR,paid
8540,2025-05-18,treatment,US,referral
8541,2025-04-02,treatment,PK,referral
8542,2025-06-30,treatment,Other,referral
8543,2025-03-27,treatment,BR,referral
8544,2025-03-28,treatment,GB,paid
8545,2025-01-24,control,GB,organic
8546,2025-05-27,treatment,DE,paid
8547,2025-05-07,treatment,GB,paid
8548,2025-06-06,control,IN,partner
8549,2025-01-17,control,GB,paid
8550,2025-02-08,control,PK,organic
8551,2025-06-08,control,DE,paid
8552,2025-01-08,control,IN,organic
8553,2025-04-02,control,Other,paid
8554,2025-03-15,treatment,DE,paid
8555,2025-06-20,treatment,US,partner
8556,2025-06-05,treatment,BR,organic
8557,2025-06-12,control,DE,partner
8558,2025-02-22,treatment,PK,referral
8559,2025-04-17,control,Other,organic
8560,2025-05-07,control,IN,organic
8561,2025-06-25,treatment,Other,partner
8562,2025-01-02,treatment,US,referral
8563,2025-06-26,treatment,US,organic
8564,2025-03-06,treatment,GB,paid
8565,2025-01-24,treatment,IN,organic
8566,2025-04-22,treatment,US,paid
8567,2025-05-22,treatment,US,organic
8568,2025-01-24,control,Other,organic
8569,2025-01-08,control,GB,organic
8570,2025-06-12,treatment,US,paid
8571,2025-06-19,treatment,GB,organic
8572,2025-01-29,control,US,paid
8573,2025-06-13,control,US,referral
8574,2025-06-14,control,GB,paid
8575,2025-06-30,control,GB,partner
8576,2025-02-09,control,PK,referral
8577,2025-04-15,treatment,DE,organic
8578,2025-06-29,control,IN,organic
8579,2025-06-13,control,IN,paid
8580,2025-04-20,control,PK,paid
8581,2025-02-05,treatment,Other,partner
8582,2025-01-16,control,DE,organic
8583,2025-02-16,control,US,organic
8584,2025-01-12,treatment,US,referral
8585,2025-02-05,treatment,US,referral
8586,2025-01-14,control,PK,paid
8587,2025-05-18,treatment,BR,paid
8588,2025-04-17,control,US,referral
8589,2025-04-04,treatment,US,paid
8590,2025-05-27,control,Other,referral
8591,2025-03-16,treatment,BR,partner
8592,2025-03-14,treatment,US,organic
8593,2025-02-07,treatment,Other,organic
8594,2025-03-22,treatment,IN,partner
8595,2025-02-01,control,DE,organic
8596,2025-04-17,treatment,DE,organic
8597,2025-06-30,control,IN,paid
8598,2025-04-07,control,GB,paid
8599,2025-02-24,treatment,Other,organic
8600,2025-05-05,treatment,PK,paid
8601,2025-05-29,treatment,IN,organic
8602,2025-03-27,treatment,IN,organic
8603,2025-02-15,treatment,Other,organic
8604,2025-05-10,treatment,US,paid
8605,2025-02-03,treatment,US,referral
8606,2025-06-30,treatment,PK,paid
8607,2025-02-27,control,US,referral
8608,2025-03-05,treatment,IN,organic
8609,2025-05-12,treatment,BR,organic
8610,2025-01-03,treatment,GB,organic
8611,2025-02-06,control,US,referral
8612,2025-01-23,control,IN,paid
8613,2025-03-12,control,US,referral
8614,2025-04-11,control,US,organic
8615,2025-02-02,treatment,DE,partner
8616,2025-03-04,control,US,referral
8617,2025-05-20,control,IN,partner
8618,2025-06-20,treatment,Other,organic
8619,2025-01-03,control,IN,organic
8620,2025-04-24,control,IN,paid
8621,2025-01-05,treatment,GB,paid
8622,2025-04-05,treatment,Other,referral
8623,2025-06-09,treatment,Other,organic
8624,2025-05-25,treatment,PK,paid
8625,2025-02-12,treatment,US,organic
8626,2025-02-16,control,US,paid
8627,2025-05-22,treatment,US,organic
8628,2025-05-29,treatment,US,partner
8629,2025-02-20,treatment,US,organic
8630,2025-01-01,control,Other,paid
8631,2025-03-22,control,US,organic
8632,2025-04-23,control,US,organic
8633,2025-03-22,treatment,Other,paid
8634,2025-06-19,treatment,Other,organic
8635,2025-05-28,control,US,paid
8636,2025-05-23,treatment,GB,organic
8637,2025-01-04,treatment,PK,paid
8638,2025-06-04,treatment,Other,referral
8639,2025-05-17,control,IN,referral
8640,2025-03-13,treatment,DE,organic
8641,2025-04-17,treatment,IN,paid
8642,2025-05-30,treatment,PK,organic
8643,2025-06-14,treatment,US,organic
8644,2025-04-10,treatment,DE,referral
8645,2025-01-08,control,Other,organic
8646,2025-04-22,treatment,IN,organic
8647,2025-05-04,control,US,referral
8648,2025-01-11,treatment,IN,organic
8649,2025-05-28,treatment,IN,organic
8650,2025-02-06,treatment,US,partner
8651,2025-06-11,treatment,GB,organic
8652,2025-04-10,control,GB,referral
8653,2025-02-28,control,Other,organic
8654,2025-01-11,treatment,US,partner
8655,2025-01-04,control,PK,referral
8656,2025-05-15,control,BR,organic
8657,2025-03-10,treatment,Other,partner
8658,2025-06-02,control,Other,organic
8659,2025-02-11,control,Other,referral
8660,2025-06-16,control,Other,paid
8661,2025-06-20,treatment,DE,organic
8662,2025-01-19,control,US,paid
8663,2025-04-28,treatment,GB,organic
8664,2025-06-20,treatment,IN,paid
8665,2025-02-28,control,GB,paid
8666,2025-01-13,control,DE,organic
8667,2025-06-08,control,US,referral
8668,2025-03-27,treatment,IN,partner
8669,2025-01-05,control,US,paid
8670,2025-06-02,control,GB,paid
8671,2025-05-03,control,BR,organic
8672,2025-01-13,control,BR,partner
8673,2025-02-16,treatment,Other,referral
8674,2025-01-04,control,IN,partner
8675,2025-06-22,treatment,PK,referral
8676,2025-01-05,control,GB,organic
8677,2025-05-25,treatment,US,organic
8678,2025-04-03,treatment,IN,paid
8679,2025-04-16,control,US,organic
8680,2025-05-27,treatment,PK,paid
8681,2025-06-11,treatment,Other,organic
8682,2025-01-24,treatment,GB,paid
8683,2025-01-04,treatment,IN,paid
8684,2025-01-23,treatment,DE,organic
8685,2025-05-04,control,GB,paid
8686,2025-04-13,treatment,DE,organic
8687,2025-01-16,control,IN,organic
8688,2025-02-12,treatment,Other,organic
8689,2025-04-08,treatment,GB,organic
8690,2025-05-13,treatment,IN,organic
8691,2025-03-04,treatment,GB,organic
8692,2025-06-21,control,US,organic
8693,2025-06-29,treatment,IN,organic
8694,2025-05-19,control,IN,paid
8695,2025-03-24,treatment,IN,referral
8696,2025-06-08,treatment,Other,organic
8697,2025-05-12,control,US,organic
8698,2025-04-05,treatment,BR,organic
8699,2025-03-22,control,GB,organic
8700,2025-05-31,treatment,PK,organic
8701,2025-04-11,treatment,US,paid
8702,2025-02-03,treatment,US,paid
8703,2025-06-30,treatment,IN,referral
8704,2025-01-13,control,GB,partner
8705,2025-05-06,control,IN,partner
8706,2025-04-29,control,Other,organic
8707,2025-04-17,control,DE,organic
8708,2025-01-10,control,BR,paid
8709,2025-03-31,treatment,Other,paid
8710,2025-06-11,treatment,IN,paid
8711,2025-02-13,control,US,paid
8712,2025-05-06,treatment,PK,partner
8713,2025-06-05,treatment,BR,paid
8714,2025-06-22,control,PK,partner
8715,2025-04-04,treatment,BR,partner
8716,2025-02-26,control,US,organic
8717,2025-05-07,treatment,PK,organic
8718,2025-03-29,treatment,US,organic
8719,2025-04-24,control,Other,organic
8720,2025-05-15,control,PK,referral
8721,2025-05-09,treatment,Other,partner
8722,2025-02-13,control,US,organic
8723,2025-05-17,treatment,DE,organic
8724,2025-04-09,treatment,US,referral
8725,2025-06-18,control,GB,paid
8726,2025-04-30,treatment,GB,referral
8727,2025-06-11,treatment,BR,organic
8728,2025-06-27,control,DE,organic
8729,2025-06-30,treatment,Other,organic
8730,2025-05-15,control,US,organic
8731,2025-04-19,treatment,DE,organic
8732,2025-01-22,control,IN,organic
8733,2025-03-11,control,US,paid
8734,2025-03-28,treatment,IN,referral
8735,2025-05-22,treatment,IN,organic
8736,2025-04-17,control,IN,referral
8737,2025-03-21,treatment,IN,organic
8738,2025-01-27,treatment,PK,paid
8739,2025-05-10,control,Other,organic
8740,2025-03-20,treatment,US,referral
8741,2025-01-07,treatment,DE,organic
8742,2025-02-21,treatment,PK,organic
8743,2025-06-09,treatment,US,partner
8744,2025-01-22,treatment,BR,organic
8745,2025-03-15,treatment,IN,referral
8746,2025-04-03,treatment,US,paid
8747,2025-01-16,control,DE,organic
8748,2025-01-30,control,PK,organic
8749,2025-06-20,treatment,US,referral
8750,2025-04-17,treatment,US,partner
8751,2025-02-08,control,PK,organic
8752,2025-01-31,control,PK,referral
8753,2025-03-19,control,BR,referral
8754,2025-05-11,treatment,DE,paid
8755,2025-05-13,treatment,US,referral
8756,2025-02-05,treatment,PK,organic
8757,2025-05-12,control,US,paid
8758,2025-06-12,treatment,Other,partner
8759,2025-02-10,control,IN,referral
8760,2025-01-05,control,US,organic
8761,2025-06-23,control,IN,paid
8762,2025-04-05,treatment,Other,organic
8763,2025-05-21,treatment,Other,organic
8764,2025-02-27,control,IN,organic
8765,2025-02-24,control,US,organic
8766,2025-02-10,treatment,IN,paid
8767,2025-02-09,control,IN,organic
8768,2025-03-27,control,BR,referral
8769,2025-01-20,control,US,referral
8770,2025-06-02,control,Other,paid
8771,2025-04-03,control,BR,organic
8772,2025-06-15,treatment,GB,partner
8773,2025-04-01,control,US,organic
8774,2025-02-24,control,GB,paid
8775,2025-04-04,treatment,DE,organic
8776,2025-01-28,control,US,partner
8777,2025-05-30,treatment,BR,organic
8778,2025-05-11,control,US,partner
8779,2025-01-27,treatment,US,partner
8780,2025-04-16,control,US,partner
8781,2025-04-08,treatment,GB,referral
8782,2025-02-06,treatment,DE,paid
8783,2025-01-23,treatment,DE,partner
8784,2025-05-18,treatment,IN,organic
8785,2025-02-17,control,DE,referral
8786,2025-04-04,control,IN,organic
8787,2025-02-14,treatment,US,organic
8788,2025-04-29,treatment,DE,organic
8789,2025-01-09,control,US,partner
8790,2025-03-07,treatment,DE,organic
8791,2025-04-10,treatment,IN,paid
8792,2025-03-21,treatment,PK,paid
8793,2025-04-21,treatment,BR,paid
8794,2025-02-02,treatment,GB,organic
8795,2025-03-21,control,US,paid
8796,2025-05-17,treatment,Other,paid
8797,2025-03-02,control,US,partner
8798,2025-01-29,control,US,partner
8799,2025-06-03,treatment,US,organic
8800,2025-05-21,treatment,Other,organic
8801,2025-05-04,control,Other,paid
8802,2025-05-25,treatment,GB,paid
8803,2025-05-21,control,US,paid
8804,2025-05-16,control,IN,referral
8805,2025-04-03,treatment,GB,organic
8806,2025-01-04,treatment,US,referral
8807,2025-04-19,treatment,DE,organic
8808,2025-02-19,control,DE,partner
8809,2025-05-20,treatment,GB,organic
8810,2025-03-26,control,IN,referral
8811,2025-06-13,treatment,IN,organic
8812,2025-04-18,control,BR,paid
8813,2025-04-10,treatment,US,organic
8814,2025-06-16,control,US,paid
8815,2025-03-27,control,Other,partner
8816,2025-03-09,control,US,referral
8817,2025-03-09,treatment,GB,paid
8818,2025-06-08,treatment,US,organic
8819,2025-05-17,treatment,US,partner
8820,2025-01-30,control,DE,organic
8821,2025-03-31,control,US,paid
8822,2025-03-09,treatment,IN,organic
8823,2025-04-28,control,GB,referral
8824,2025-01-10,treatment,PK,organic
8825,2025-05-10,control,IN,organic
8826,2025-05-15,treatment,US,organic
8827,2025-02-11,treatment,PK,paid
8828,2025-01-28,control,Other,organic
8829,2025-04-24,control,US,partner
8830,2025-02-16,treatment,IN,referral
8831,2025-06-20,control,IN,partner
8832,2025-05-21,treatment,IN,organic
8833,2025-06-22,treatment,US,paid
8834,2025-04-07,control,US,paid
8835,2025-06-19,treatment,GB,partner
8836,2025-01-03,control,US,organic
8837,2025-02-22,treatment,GB,organic
8838,2025-01-01,control,Other,organic
8839,2025-05-03,treatment,GB,paid
8840,2025-04-03,control,GB,referral
8841,2025-02-22,control,US,organic
8842,2025-02-25,control,DE,paid
8843,2025-04-27,control,PK,organic
8844,2025-02-02,treatment,PK,organic
8845,2025-04-04,control,DE,partner
8846,2025-04-22,control,GB,referral
8847,2025-02-13,control,US,partner
8848,2025-02-11,control,Other,organic
8849,2025-03-06,control,GB,referral
8850,2025-04-18,control,GB,paid
8851,2025-02-16,treatment,DE,paid
8852,2025-03-10,treatment,US,organic
8853,2025-04-09,treatment,GB,organic
8854,2025-02-03,control,Other,organic
8855,2025-04-13,treatment,US,paid
8856,2025-01-25,treatment,US,referral
8857,2025-01-26,treatment,US,paid
8858,2025-02-12,control,US,organic
8859,2025-02-21,control,Other,referral
8860,2025-01-06,control,IN,organic
8861,2025-06-24,control,Other,referral
8862,2025-02-25,treatment,Other,organic
8863,2025-05-26,control,IN,paid
8864,2025-06-13,control,BR,organic
8865,2025-05-25,control,BR,organic
8866,2025-05-31,control,IN,paid
8867,2025-01-19,control,IN,paid
8868,2025-03-09,control,BR,organic
8869,2025-05-16,treatment,DE,paid
8870,2025-04-15,control,IN,organic
8871,2025-01-02,treatment,US,partner
8872,2025-04-13,treatment,BR,organic
8873,2025-05-26,treatment,BR,organic
8874,2025-05-31,treatment,BR,paid
8875,2025-03-11,control,BR,referral
8876,2025-02-12,treatment,IN,organic
8877,2025-02-26,treatment,IN,paid
8878,2025-02-23,control,GB,partner
8879,2025-03-04,control,GB,organic
8880,2025-02-24,treatment,US,organic
8881,2025-03-24,control,US,organic
8882,2025-01-08,treatment,US,partner
8883,2025-02-19,control,IN,organic
8884,2025-02-26,control,PK,organic
8885,2025-01-28,treatment,US,partner
8886,2025-06-08,treatment,Other,referral
8887,2025-05-03,treatment,GB,paid
8888,2025-06-15,treatment,PK,organic
8889,2025-04-12,treatment,DE,paid
8890,2025-01-20,control,IN,referral
8891,2025-06-13,treatment,GB,organic
8892,2025-03-24,control,US,organic
8893,2025-05-04,control,US,partner
8894,2025-03-11,treatment,IN,referral
8895,2025-03-31,control,Other,organic
8896,2025-03-30,treatment,IN,partner
8897,2025-02-21,control,IN,paid
8898,2025-04-11,control,US,partner
8899,2025-05-13,control,IN,organic
8900,2025-01-04,treatment,PK,organic
8901,2025-01-24,treatment,DE,paid
8902,2025-06-02,control,DE,organic
8903,2025-04-14,control,US,organic
8904,2025-06-26,control,US,paid
8905,2025-04-20,control,US,paid
8906,2025-04-29,treatment,IN,organic
8907,2025-06-12,treatment,PK,organic
8908,2025-04-30,control,US,paid
8909,2025-03-01,control,Other,paid
8910,2025-04-06,treatment,PK,paid
8911,2025-02-12,control,BR,organic
8912,2025-03-02,control,Other,organic
8913,2025-05-04,treatment,Other,referral
8914,2025-01-27,control,US,referral
8915,2025-05-02,control,Other,paid
8916,2025-04-16,control,DE,paid
8917,2025-02-25,treatment,US,organic
8918,2025-01-09,control,US,organic
8919,2025-05-08,treatment,IN,paid
8920,2025-05-30,control,Other,paid
8921,2025-05-13,control,DE,organic
8922,2025-03-18,treatment,BR,organic
8923,2025-04-29,control,GB,partner
8924,2025-03-17,control,PK,paid
8925,2025-03-06,control,US,referral
8926,2025-03-01,treatment,BR,paid
8927,2025-02-08,control,BR,referral
8928,2025-06-25,treatment,US,organic
8929,2025-05-01,control,Other,organic
8930,2025-02-01,control,Other,paid
8931,2025-06-06,control,DE,paid
8932,2025-01-28,control,IN,organic
8933,2025-04-18,treatment,PK,paid
8934,2025-01-30,control,US,organic
8935,2025-03-07,treatment,US,organic
8936,2025-04-30,control,IN,partner
8937,2025-06-30,treatment,BR,paid
8938,2025-06-29,control,IN,organic
8939,2025-06-12,treatment,BR,organic
8940,2025-02-12,control,IN,partner
8941,2025-01-17,treatment,US,partner
8942,2025-06-13,treatment,US,organic
8943,2025-06-17,treatment,US,organic
8944,2025-02-20,control,DE,paid
8945,2025-01-04,treatment,IN,organic
8946,2025-04-28,control,PK,paid
8947,2025-01-14,control,DE,organic
8948,2025-01-08,control,IN,organic
8949,2025-06-19,treatment,GB,paid
8950,2025-03-31,control,DE,organic
8951,2025-01-21,treatment,Other,paid
8952,2025-04-29,treatment,US,organic
8953,2025-03-08,control,PK,paid
8954,2025-04-08,control,US,partner
8955,2025-06-12,treatment,GB,paid
8956,2025-02-13,control,IN,paid
8957,2025-04-28,control,IN,paid
8958,2025-05-30,control,BR,referral
8959,2025-03-18,treatment,Other,paid
8960,2025-06-25,control,PK,organic
8961,2025-03-23,control,IN,organic
8962,2025-03-25,control,GB,paid
8963,2025-06-10,control,GB,referral
8964,2025-04-26,treatment,IN,organic
8965,2025-06-07,treatment,IN,paid
8966,2025-05-24,treatment,GB,paid
8967,2025-05-09,treatment,GB,organic
8968,2025-02-13,control,US,paid
8969,2025-03-14,treatment,US,organic
8970,2025-06-06,treatment,DE,paid
8971,2025-04-22,treatment,PK,referral
8972,2025-02-20,treatment,IN,partner
8973,2025-03-01,control,Other,paid
8974,2025-05-21,treatment,IN,organic
8975,2025-02-02,control,US,paid
8976,2025-01-21,treatment,IN,referral
8977,2025-05-19,control,PK,organic
8978,2025-02-22,treatment,IN,organic
8979,2025-05-19,treatment,DE,organic
8980,2025-04-07,treatment,IN,paid
8981,2025-06-30,control,US,organic
8982,2025-04-06,treatment,US,organic
8983,2025-06-07,treatment,US,paid
8984,2025-06-03,treatment,DE,partner
8985,2025-02-08,treatment,Other,organic
8986,2025-06-30,treatment,US,paid
8987,2025-05-15,treatment,US,partner
8988,2025-01-20,control,IN,partner
8989,2025-01-02,control,Other,organic
8990,2025-02-19,treatment,BR,organic
8991,2025-01-03,treatment,GB,organic
8992,2025-03-06,control,DE,organic
8993,2025-06-30,control,IN,paid
8994,2025-03-28,control,PK,paid
8995,2025-01-05,treatment,US,referral
8996,2025-03-31,treatment,Other,paid
8997,2025-02-09,treatment,IN,referral
8998,2025-06-04,control,IN,paid
8999,2025-01-17,control,US,paid
9000,2025-05-20,treatment,Other,organic
9001,2025-03-22,control,BR,referral
9002,2025-01-04,control,GB,paid
9003,2025-05-02,control,GB,organic
9004,2025-03-24,treatment,GB,organic
9005,2025-05-20,control,US,paid
9006,2025-04-22,control,US,organic
9007,2025-05-23,control,US,referral
9008,2025-03-25,treatment,DE,organic
9009,2025-01-02,control,IN,paid
9010,2025-01-24,control,IN,organic
9011,2025-03-25,control,BR,paid
9012,2025-03-13,control,US,referral
9013,2025-05-24,treatment,DE,organic
9014,2025-03-16,treatment,IN,organic
9015,2025-06-05,control,IN,organic
9016,2025-02-03,treatment,GB,organic
9017,2025-03-11,control,Other,paid
9018,2025-05-17,treatment,PK,organic
9019,2025-01-23,control,Other,organic
9020,2025-02-28,control,IN,paid
9021,2025-05-17,treatment,DE,referral
9022,2025-04-17,treatment,Other,organic
9023,2025-05-21,treatment,Other,referral
9024,2025-04-04,treatment,PK,partner
9025,2025-06-05,treatment,Other,paid
9026,2025-06-08,treatment,Other,paid
9027,2025-06-26,control,IN,paid
9028,2025-01-23,control,US,organic
9029,2025-04-18,treatment,BR,partner
9030,2025-01-21,treatment,IN,partner
9031,2025-02-11,treatment,IN,organic
9032,2025-02-24,control,DE,organic
9033,2025-04-27,control,BR,organic
9034,2025-03-20,control,Other,paid
9035,2025-06-06,treatment,DE,partner
9036,2025-02-24,control,US,organic
9037,2025-04-22,treatment,IN,paid
9038,2025-05-19,control,GB,referral
9039,2025-06-27,control,US,organic
9040,2025-02-14,treatment,IN,paid
9041,2025-05-13,control,Other,organic
9042,2025-01-16,treatment,GB,organic
9043,2025-04-09,control,GB,paid
9044,2025-03-16,treatment,DE,organic
9045,2025-06-23,treatment,IN,paid
9046,2025-05-20,treatment,GB,organic
9047,2025-06-17,control,DE,referral
9048,2025-06-03,control,IN,paid
9049,2025-03-16,treatment,Other,partner
9050,2025-05-13,treatment,GB,paid
9051,2025-01-06,treatment,BR,paid
9052,2025-04-11,treatment,PK,organic
9053,2025-01-09,treatment,US,organic
9054,2025-05-12,treatment,PK,paid
9055,2025-06-24,treatment,GB,paid
9056,2025-05-04,treatment,US,paid
9057,2025-06-02,treatment,US,organic
9058,2025-02-12,treatment,US,organic
9059,2025-06-29,treatment,PK,organic
9060,2025-04-10,control,IN,organic
9061,2025-05-03,control,PK,referral
9062,2025-05-20,treatment,IN,paid
9063,2025-04-26,treatment,GB,paid
9064,2025-02-27,control,Other,organic
9065,2025-04-21,treatment,Other,referral
9066,2025-04-29,treatment,GB,organic
9067,2025-06-05,treatment,IN,organic
9068,2025-03-29,treatment,PK,referral
9069,2025-04-01,control,DE,paid
9070,2025-04-02,control,US,organic
9071,2025-01-21,control,GB,organic
9072,2025-01-17,treatment,Other,organic
9073,2025-01-04,control,IN,paid
9074,2025-05-01,treatment,IN,organic
9075,2025-03-17,treatment,Other,paid
9076,2025-06-06,treatment,US,organic
9077,2025-05-08,treatment,Other,paid
9078,2025-01-26,treatment,BR,paid
9079,2025-01-19,treatment,IN,referral
9080,2025-03-08,control,GB,organic
9081,2025-06-16,control,GB,organic
9082,2025-01-09,treatment,GB,organic
9083,2025-02-03,control,GB,organic
9084,2025-01-06,treatment,US,organic
9085,2025-03-16,control,GB,organic
9086,2025-06-29,treatment,IN,referral
9087,2025-05-04,control,Other,referral
9088,2025-03-31,treatment,US,paid
9089,2025-01-27,control,US,organic
9090,2025-03-06,treatment,BR,paid
9091,2025-04-05,control,IN,paid
9092,2025-02-19,treatment,IN,paid
9093,2025-05-08,control,Other,organic
9094,2025-06-27,treatment,US,referral
9095,2025-02-07,treatment,DE,organic
9096,2025-02-15,treatment,Other,organic
9097,2025-01-23,treatment,IN,organic
9098,2025-05-12,treatment,BR,organic
9099,2025-03-25,treatment,Other,partner
9100,2025-02-21,control,GB,paid
9101,2025-02-09,treatment,US,referral
9102,2025-01-13,control,US,partner
9103,2025-03-28,treatment,PK,paid
9104,2025-05-04,control,Other,referral
9105,2025-02-12,control,US,partner
9106,2025-01-01,treatment,DE,organic
9107,2025-03-27,control,BR,organic
9108,2025-05-03,control,US,organic
9109,2025-03-04,control,PK,paid
9110,2025-02-15,treatment,DE,referral
9111,2025-01-28,control,Other,organic
9112,2025-05-16,control,IN,referral
9113,2025-06-05,treatment,GB,paid
9114,2025-05-20,treatment,IN,organic
9115,2025-04-04,control,IN,paid
9116,2025-05-12,treatment,GB,referral
9117,2025-03-13,control,US,organic
9118,2025-01-05,treatment,PK,organic
9119,2025-03-08,control,IN,paid
9120,2025-05-08,control,IN,organic
9121,2025-04-28,control,GB,organic
9122,2025-06-29,treatment,IN,referral
9123,2025-06-30,control,IN,organic
9124,2025-02-13,treatment,GB,organic
9125,2025-01-02,control,US,referral
9126,2025-02-19,treatment,DE,paid
9127,2025-06-08,treatment,IN,organic
9128,2025-05-28,control,US,organic
9129,2025-01-18,control,Other,organic
9130,2025-01-30,control,US,organic
9131,2025-04-12,treatment,PK,partner
9132,2025-04-30,control,US,organic
9133,2025-06-27,treatment,IN,organic
9134,2025-05-17,treatment,BR,referral
9135,2025-02-08,treatment,IN,referral
9136,2025-01-07,treatment,Other,paid
9137,2025-04-25,control,US,organic
9138,2025-04-11,control,US,organic
9139,2025-06-16,treatment,US,partner
9140,2025-04-15,control,BR,paid
9141,2025-04-01,treatment,PK,referral
9142,2025-02-24,treatment,US,organic
9143,2025-01-16,control,IN,referral
9144,2025-06-08,control,DE,partner
9145,2025-05-30,control,Other,organic
9146,2025-01-30,control,GB,organic
9147,2025-05-08,treatment,Other,organic
9148,2025-03-07,treatment,BR,paid
9149,2025-03-21,control,Other,organic
9150,2025-06-03,treatment,IN,organic
9151,2025-06-02,control,GB,paid
9152,2025-02-04,treatment,PK,paid
9153,2025-02-25,treatment,DE,organic
9154,2025-05-29,control,GB,partner
9155,2025-06-15,treatment,DE,organic
9156,2025-01-15,treatment,Other,paid
9157,2025-05-31,control,IN,paid
9158,2025-03-30,control,US,paid
9159,2025-04-17,treatment,PK,paid
9160,2025-01-14,control,DE,paid
9161,2025-05-04,control,US,referral
9162,2025-05-03,control,US,referral
9163,2025-04-30,treatment,US,partner
9164,2025-05-24,control,IN,partner
9165,2025-06-21,treatment,US,paid
9166,2025-06-03,control,US,paid
9167,2025-05-15,control,GB,organic
9168,2025-06-27,treatment,Other,paid
9169,2025-05-03,control,IN,organic
9170,2025-05-02,treatment,DE,organic
9171,2025-04-09,control,IN,partner
9172,2025-05-20,treatment,US,paid
9173,2025-01-13,control,Other,organic
9174,2025-04-02,treatment,US,paid
9175,2025-03-18,control,US,organic
9176,2025-06-15,treatment,GB,referral
9177,2025-01-14,control,US,organic
9178,2025-04-27,control,US,paid
9179,2025-02-03,treatment,IN,paid
9180,2025-06-09,control,DE,paid
9181,2025-06-04,control,US,organic
9182,2025-02-12,treatment,IN,referral
9183,2025-06-07,treatment,IN,referral
9184,2025-03-31,treatment,Other,organic
9185,2025-06-25,treatment,US,organic
9186,2025-05-13,control,Other,paid
9187,2025-01-07,control,IN,organic
9188,2025-02-06,treatment,BR,organic
9189,2025-03-15,control,US,paid
9190,2025-02-08,control,DE,paid
9191,2025-01-24,control,US,referral
9192,2025-06-27,control,IN,partner
9193,2025-06-07,control,IN,paid
9194,2025-03-20,control,US,organic
9195,2025-02-08,treatment,US,organic
9196,2025-02-02,treatment,Other,organic
9197,2025-06-15,treatment,DE,paid
9198,2025-03-01,control,BR,paid
9199,2025-01-03,control,Other,partner
9200,2025-03-13,treatment,US,organic
9201,2025-03-24,control,IN,organic
9202,2025-04-23,control,IN,paid
9203,2025-03-03,treatment,GB,organic
9204,2025-06-17,treatment,GB,organic
9205,2025-04-27,control,Other,organic
9206,2025-06-28,treatment,US,organic
9207,2025-03-08,treatment,US,organic
9208,2025-04-28,treatment,DE,paid
9209,2025-03-08,control,PK,referral
9210,2025-05-07,treatment,DE,referral
9211,2025-05-15,treatment,US,organic
9212,2025-02-28,control,DE,organic
9213,2025-06-19,treatment,DE,referral
9214,2025-06-05,treatment,IN,partner
9215,2025-06-11,control,Other,referral
9216,2025-02-09,control,GB,paid
9217,2025-05-10,control,IN,referral
9218,2025-01-20,treatment,IN,paid
9219,2025-01-20,control,IN,organic
9220,2025-06-26,treatment,BR,organic
9221,2025-01-28,control,US,partner
9222,2025-06-06,treatment,IN,partner
9223,2025-03-19,treatment,IN,paid
9224,2025-02-24,treatment,IN,paid
9225,2025-01-14,treatment,GB,organic
9226,2025-05-03,control,US,paid
9227,2025-05-11,control,US,organic
9228,2025-03-26,treatment,US,organic
9229,2025-05-27,control,US,organic
9230,2025-02-28,treatment,US,paid
9231,2025-04-10,treatment,US,partner
9232,2025-02-21,treatment,US,referral
9233,2025-04-16,control,Other,organic
9234,2025-01-25,treatment,BR,organic
9235,2025-03-28,control,GB,organic
9236,2025-04-10,treatment,IN,organic
9237,2025-04-11,treatment,DE,paid
9238,2025-03-22,treatment,US,paid
9239,2025-04-27,treatment,BR,organic
9240,2025-04-03,control,GB,partner
9241,2025-02-21,treatment,BR,referral
9242,2025-02-08,treatment,US,organic
9243,2025-04-28,control,DE,paid
9244,2025-06-19,treatment,US,organic
9245,2025-05-17,treatment,GB,paid
9246,2025-04-26,treatment,IN,paid
9247,2025-06-16,treatment,US,organic
9248,2025-06-12,control,DE,paid
9249,2025-04-02,treatment,US,partner
9250,2025-01-20,control,IN,paid
9251,2025-04-25,treatment,BR,paid
9252,2025-04-23,control,PK,referral
9253,2025-02-20,treatment,BR,referral
9254,2025-06-03,control,Other,referral
9255,2025-06-07,control,US,organic
9256,2025-03-01,control,IN,organic
9257,2025-03-28,treatment,DE,referral
9258,2025-02-05,control,GB,partner
9259,2025-02-02,control,IN,paid
9260,2025-02-17,control,Other,partner
9261,2025-03-08,control,IN,paid
9262,2025-02-19,treatment,GB,organic
9263,2025-01-28,control,BR,partner
9264,2025-03-22,control,US,referral
9265,2025-04-23,control,IN,paid
9266,2025-02-28,control,DE,paid
9267,2025-04-07,control,US,organic
9268,2025-02-19,control,US,paid
9269,2025-05-08,control,Other,organic
9270,2025-04-28,control,US,paid
9271,2025-06-23,control,GB,paid
9272,2025-01-10,treatment,US,organic
9273,2025-06-04,control,DE,organic
9274,2025-03-03,treatment,US,organic
9275,2025-01-12,treatment,IN,paid
9276,2025-05-05,treatment,US,organic
9277,2025-02-01,control,US,paid
9278,2025-02-01,treatment,US,paid
9279,2025-06-27,treatment,GB,organic
9280,2025-02-09,treatment,IN,referral
9281,2025-04-10,treatment,US,paid
9282,2025-02-06,control,IN,paid
9283,2025-01-23,treatment,DE,organic
9284,2025-01-01,treatment,US,paid
9285,2025-01-03,control,US,paid
9286,2025-03-27,control,BR,referral
9287,2025-03-20,treatment,GB,organic
9288,2025-01-08,control,BR,paid
9289,2025-03-05,treatment,PK,partner
9290,2025-02-19,control,US,referral
9291,2025-04-14,treatment,GB,referral
9292,2025-06-30,control,DE,organic
9293,2025-05-06,treatment,US,paid
9294,2025-06-16,treatment,DE,organic
9295,2025-02-04,treatment,BR,paid
9296,2025-02-08,control,BR,paid
9297,2025-05-16,control,IN,paid
9298,2025-02-26,control,US,partner
9299,2025-06-03,control,DE,partner
9300,2025-03-25,treatment,IN,organic
9301,2025-02-06,control,DE,partner
9302,2025-06-02,control,IN,referral
9303,2025-04-10,treatment,BR,paid
9304,2025-05-26,control,DE,organic
9305,2025-03-23,control,US,organic
9306,2025-01-23,treatment,IN,organic
9307,2025-05-04,control,BR,organic
9308,2025-01-23,treatment,US,organic
9309,2025-05-01,treatment,US,organic
9310,2025-03-17,control,US,paid
9311,2025-05-24,treatment,BR,paid
9312,2025-06-07,treatment,US,organic
9313,2025-03-15,control,PK,referral
9314,2025-06-09,treatment,Other,organic
9315,2025-01-21,control,Other,organic
9316,2025-01-20,treatment,US,paid
9317,2025-06-29,treatment,DE,paid
9318,2025-04-14,control,Other,organic
9319,2025-03-23,control,IN,paid
9320,2025-01-29,control,GB,organic
9321,2025-02-22,treatment,PK,organic
9322,2025-05-05,treatment,BR,paid
9323,2025-05-29,control,IN,organic
9324,2025-06-15,control,Other,partner
9325,2025-03-15,treatment,Other,paid
9326,2025-03-24,control,BR,organic
9327,2025-01-30,control,US,referral
9328,2025-01-16,control,IN,paid
9329,2025-03-21,treatment,IN,organic
9330,2025-04-15,control,BR,partner
9331,2025-01-19,treatment,DE,paid
9332,2025-03-15,treatment,BR,organic
9333,2025-04-27,control,BR,referral
9334,2025-05-27,treatment,Other,partner
9335,2025-06-19,control,PK,organic
9336,2025-03-03,control,GB,organic
9337,2025-03-12,treatment,BR,paid
9338,2025-06-08,control,BR,paid
9339,2025-05-06,treatment,BR,organic
9340,2025-02-19,treatment,US,partner
9341,2025-05-05,control,IN,organic
9342,2025-01-29,treatment,IN,referral
9343,2025-03-23,treatment,DE,referral
9344,2025-02-25,control,Other,organic
9345,2025-06-29,treatment,Other,paid
9346,2025-01-07,treatment,PK,organic
9347,2025-06-05,control,Other,paid
9348,2025-02-20,control,DE,paid
9349,2025-01-07,control,Other,referral
9350,2025-04-30,control,Other,paid
9351,2025-05-03,control,IN,organic
9352,2025-01-26,treatment,US,organic
9353,2025-01-07,treatment,US,organic
9354,2025-01-21,treatment,DE,paid
9355,2025-03-16,control,IN,partner
9356,2025-01-24,control,BR,referral
9357,2025-05-08,control,PK,organic
9358,2025-01-15,control,IN,partner
9359,2025-05-23,treatment,US,organic
9360,2025-06-08,control,US,partner
9361,2025-05-10,treatment,IN,organic
9362,2025-06-20,control,GB,organic
9363,2025-06-20,treatment,Other,referral
9364,2025-01-09,treatment,Other,paid
9365,2025-03-03,treatment,DE,referral
9366,2025-05-18,treatment,BR,paid
9367,2025-03-03,treatment,PK,organic
9368,2025-05-14,treatment,Other,organic
9369,2025-05-21,control,BR,organic
9370,2025-06-30,control,Other,paid
9371,2025-03-01,treatment,BR,organic
9372,2025-03-04,control,US,organic
9373,2025-01-05,treatment,BR,organic
9374,2025-02-21,control,IN,paid
9375,2025-02-20,treatment,Other,organic
9376,2025-03-24,control,US,organic
9377,2025-03-18,treatment,DE,organic
9378,2025-06-05,control,BR,referral
9379,2025-05-21,control,Other,paid
9380,2025-05-12,treatment,IN,organic
9381,2025-01-01,control,US,referral
9382,2025-03-27,control,Other,paid
9383,2025-05-13,treatment,IN,paid
9384,2025-02-14,treatment,Other,organic
9385,2025-03-18,control,PK,organic
9386,2025-05-12,treatment,US,referral
9387,2025-05-24,control,Other,organic
9388,2025-06-04,control,DE,paid
9389,2025-03-19,treatment,Other,organic
9390,2025-03-14,control,US,organic
9391,2025-03-11,control,PK,paid
9392,2025-05-02,control,GB,organic
9393,2025-03-17,treatment,US,organic
9394,2025-03-14,treatment,Other,paid
9395,2025-01-31,control,GB,organic
9396,2025-03-28,treatment,US,partner
9397,2025-02-12,treatment,Other,paid
9398,2025-04-06,control,DE,referral
9399,2025-06-10,treatment,BR,partner
9400,2025-05-21,control,Other,organic
9401,2025-03-28,control,DE,referral
9402,2025-06-26,control,US,partner
9403,2025-06-27,control,IN,paid
9404,2025-03-22,treatment,IN,paid
9405,2025-05-19,treatment,US,organic
9406,2025-03-03,treatment,BR,organic
9407,2025-06-09,control,GB,organic
9408,2025-03-09,control,US,organic
9409,2025-02-16,control,GB,paid
9410,2025-01-25,control,Other,paid
9411,2025-06-02,treatment,GB,organic
9412,2025-02-23,treatment,US,organic
9413,2025-05-28,treatment,Other,organic
9414,2025-01-16,treatment,GB,partner
9415,2025-04-01,control,Other,referral
9416,2025-03-19,control,Other,organic
9417,2025-03-21,control,DE,referral
9418,2025-01-31,treatment,GB,referral
9419,2025-01-14,control,US,referral
9420,2025-03-04,control,US,referral
9421,2025-03-27,treatment,US,paid
9422,2025-05-24,control,DE,organic
9423,2025-03-25,treatment,GB,referral
9424,2025-02-14,control,PK,referral
9425,2025-02-17,treatment,GB,organic
9426,2025-04-21,control,DE,paid
9427,2025-03-20,treatment,US,paid
9428,2025-06-13,treatment,US,paid
9429,2025-03-21,control,PK,paid
9430,2025-04-13,treatment,IN,organic
9431,2025-01-12,treatment,DE,paid
9432,2025-02-05,treatment,BR,organic
9433,2025-06-03,treatment,DE,organic
9434,2025-03-04,treatment,Other,paid
9435,2025-03-18,control,GB,organic
9436,2025-04-17,control,IN,organic
9437,2025-01-11,control,US,organic
9438,2025-04-02,treatment,DE,paid
9439,2025-03-04,treatment,BR,organic
9440,2025-01-27,treatment,US,organic
9441,2025-03-17,control,BR,referral
9442,2025-03-22,treatment,BR,paid
9443,2025-02-03,treatment,US,paid
9444,2025-04-09,control,Other,paid
9445,2025-05-16,treatment,US,organic
9446,2025-02-18,control,Other,organic
9447,2025-06-24,treatment,DE,organic
9448,2025-04-21,control,US,referral
9449,2025-05-20,treatment,US,paid
9450,2025-01-13,control,IN,referral
9451,2025-05-19,control,IN,partner
9452,2025-03-02,treatment,IN,organic
9453,2025-05-09,treatment,DE,partner
9454,2025-05-26,control,US,paid
9455,2025-02-15,control,PK,paid
9456,2025-02-16,treatment,Other,paid
9457,2025-01-11,treatment,GB,paid
9458,2025-04-20,control,PK,organic
9459,2025-05-21,control,IN,organic
9460,2025-03-16,control,BR,organic
9461,2025-01-30,treatment,IN,organic
9462,2025-02-27,treatment,US,organic
9463,2025-03-14,treatment,US,organic
9464,2025-06-15,control,IN,partner
9465,2025-01-23,treatment,Other,organic
9466,2025-03-04,control,BR,partner
9467,2025-04-26,treatment,US,paid
9468,2025-02-12,control,US,organic
9469,2025-06-10,control,DE,organic
9470,2025-06-14,control,IN,organic
9471,2025-03-10,control,US,organic
9472,2025-05-16,control,US,organic
9473,2025-05-17,treatment,IN,referral
9474,2025-05-04,treatment,US,organic
9475,2025-02-03,treatment,DE,paid
9476,2025-01-09,treatment,IN,paid
9477,2025-03-04,control,US,paid
9478,2025-01-24,treatment,DE,partner
9479,2025-02-22,control,US,organic
9480,2025-04-26,control,GB,organic
9481,2025-04-17,control,Other,partner
9482,2025-02-07,control,IN,partner
9483,2025-01-04,treatment,US,referral
9484,2025-02-10,control,US,referral
9485,2025-03-24,control,GB,organic
9486,2025-05-22,treatment,Other,paid
9487,2025-03-08,control,IN,organic
9488,2025-02-21,treatment,IN,paid
9489,2025-04-10,control,US,referral
9490,2025-01-13,treatment,Other,organic
9491,2025-02-10,treatment,PK,paid
9492,2025-01-07,control,US,referral
9493,2025-04-06,treatment,DE,organic
9494,2025-03-22,control,DE,paid
9495,2025-04-16,control,BR,referral
9496,2025-04-22,treatment,GB,organic
9497,2025-03-13,treatment,US,organic
9498,2025-06-07,control,IN,organic
9499,2025-06-16,control,IN,organic
9500,2025-01-21,control,DE,paid
9501,2025-06-16,treatment,DE,paid
9502,2025-02-05,treatment,US,organic
9503,2025-02-14,control,DE,paid
9504,2025-04-06,treatment,PK,organic
9505,2025-01-06,control,BR,referral
9506,2025-03-07,treatment,Other,organic
9507,2025-02-05,treatment,IN,paid
9508,2025-03-29,treatment,IN,organic
9509,2025-05-28,control,DE,referral
9510,2025-06-17,control,US,paid
9511,2025-02-08,control,Other,partner
9512,2025-04-09,treatment,IN,organic
9513,2025-03-27,treatment,Other,referral
9514,2025-03-17,control,IN,organic
9515,2025-04-25,control,DE,organic
9516,2025-06-29,control,US,paid
9517,2025-03-15,treatment,GB,organic
9518,2025-01-12,treatment,BR,referral
9519,2025-06-15,control,Other,organic
9520,2025-06-18,treatment,PK,referral
9521,2025-02-28,control,BR,paid
9522,2025-04-01,treatment,DE,paid
9523,2025-06-06,control,US,paid
9524,2025-04-02,control,GB,paid
9525,2025-03-29,treatment,Other,paid
9526,2025-06-16,treatment,IN,paid
9527,2025-05-31,control,BR,paid
9528,2025-04-02,treatment,Other,referral
9529,2025-01-30,treatment,US,organic
9530,2025-03-21,control,Other,organic
9531,2025-05-03,treatment,IN,paid
9532,2025-02-19,treatment,US,paid
9533,2025-04-08,control,IN,partner
9534,2025-04-30,treatment,US,partner
9535,2025-01-16,treatment,IN,referral
9536,2025-04-14,control,GB,paid
9537,2025-05-14,treatment,US,referral
9538,2025-02-08,control,IN,organic
9539,2025-04-10,treatment,DE,organic
9540,2025-05-09,treatment,US,referral
9541,2025-01-09,control,PK,referral
9542,2025-04-27,treatment,US,organic
9543,2025-02-17,control,IN,referral
9544,2025-03-13,treatment,IN,referral
9545,2025-04-28,treatment,US,organic
9546,2025-01-01,control,Other,organic
9547,2025-01-04,treatment,DE,referral
9548,2025-03-22,control,US,organic
9549,2025-06-21,treatment,DE,organic
9550,2025-01-02,treatment,IN,paid
9551,2025-05-23,treatment,US,referral
9552,2025-01-14,control,GB,referral
9553,2025-03-30,treatment,BR,paid
9554,2025-03-19,treatment,IN,referral
9555,2025-03-26,treatment,GB,paid
9556,2025-01-15,treatment,DE,paid
9557,2025-05-17,treatment,US,organic
9558,2025-02-19,control,GB,organic
9559,2025-05-20,control,IN,paid
9560,2025-04-29,treatment,GB,organic
9561,2025-04-10,control,US,organic
9562,2025-02-25,treatment,GB,organic
9563,2025-04-29,treatment,IN,organic
9564,2025-06-30,treatment,BR,paid
9565,2025-06-17,treatment,DE,organic
9566,2025-06-15,treatment,IN,organic
9567,2025-02-09,treatment,IN,referral
9568,2025-04-16,treatment,US,referral
9569,2025-03-14,control,GB,paid
9570,2025-06-25,control,US,organic
9571,2025-06-21,control,PK,paid
9572,2025-06-07,treatment,US,paid
9573,2025-01-30,control,GB,organic
9574,2025-02-27,treatment,BR,organic
9575,2025-05-09,treatment,BR,organic
9576,2025-05-16,control,PK,organic
9577,2025-03-05,treatment,GB,organic
9578,2025-01-25,control,GB,organic
9579,2025-01-25,treatment,IN,paid
9580,2025-05-04,control,IN,paid
9581,2025-03-24,control,Other,paid
9582,2025-03-30,control,IN,partner
9583,2025-05-28,treatment,DE,organic
9584,2025-01-04,control,US,referral
9585,2025-05-17,treatment,Other,organic
9586,2025-02-19,treatment,IN,referral
9587,2025-06-18,control,US,paid
9588,2025-06-22,control,DE,paid
9589,2025-04-01,control,BR,paid
9590,2025-02-27,treatment,US,paid
9591,2025-02-12,treatment,IN,paid
9592,2025-02-02,control,IN,organic
9593,2025-06-30,treatment,US,organic
9594,2025-02-03,control,Other,referral
9595,2025-03-22,treatment,Other,paid
9596,2025-03-28,control,US,organic
9597,2025-05-03,control,DE,partner
9598,2025-06-02,control,Other,partner
9599,2025-04-11,treatment,DE,paid
9600,2025-05-18,treatment,Other,paid
9601,2025-04-13,control,US,organic
9602,2025-03-21,control,IN,paid
9603,2025-01-29,treatment,BR,partner
9604,2025-02-07,control,GB,organic
9605,2025-03-20,treatment,IN,organic
9606,2025-01-09,control,US,referral
9607,2025-02-27,control,US,organic
9608,2025-03-25,treatment,US,partner
9609,2025-03-27,control,US,organic
9610,2025-05-28,treatment,US,organic
9611,2025-06-25,control,GB,partner
9612,2025-05-13,control,US,organic
9613,2025-01-15,treatment,US,paid
9614,2025-03-15,control,US,organic
9615,2025-05-13,treatment,PK,paid
9616,2025-04-18,treatment,US,organic
9617,2025-03-24,treatment,IN,referral
9618,2025-03-20,control,US,partner
9619,2025-03-15,control,US,organic
9620,2025-04-15,control,DE,organic
9621,2025-02-02,treatment,GB,paid
9622,2025-04-04,control,BR,partner
9623,2025-02-07,control,IN,organic
9624,2025-05-04,treatment,GB,partner
9625,2025-06-06,control,US,referral
9626,2025-04-02,treatment,PK,paid
9627,2025-03-12,control,US,organic
9628,2025-06-20,treatment,PK,paid
9629,2025-04-30,treatment,BR,paid
9630,2025-03-19,control,GB,paid
9631,2025-01-06,treatment,GB,organic
9632,2025-01-03,treatment,GB,paid
9633,2025-02-10,control,BR,referral
9634,2025-02-12,treatment,Other,paid
9635,2025-05-11,treatment,GB,paid
9636,2025-04-01,treatment,Other,organic
9637,2025-06-30,treatment,US,organic
9638,2025-04-08,control,US,organic
9639,2025-06-13,control,BR,organic
9640,2025-04-10,control,Other,paid
9641,2025-03-06,control,DE,referral
9642,2025-05-10,control,PK,organic
9643,2025-03-23,control,DE,organic
9644,2025-02-19,control,Other,referral
9645,2025-03-27,treatment,PK,organic
9646,2025-05-01,control,IN,partner
9647,2025-03-09,treatment,IN,paid
9648,2025-05-08,treatment,BR,partner
9649,2025-06-27,treatment,Other,paid
9650,2025-03-16,control,BR,partner
9651,2025-02-23,treatment,GB,paid
9652,2025-03-14,treatment,Other,organic
9653,2025-06-01,treatment,IN,referral
9654,2025-02-02,control,BR,organic
9655,2025-06-26,control,IN,paid
9656,2025-03-16,treatment,GB,organic
9657,2025-06-02,control,DE,referral
9658,2025-05-23,treatment,US,referral
9659,2025-05-22,treatment,Other,referral
9660,2025-06-14,treatment,IN,organic
9661,2025-02-03,treatment,PK,partner
9662,2025-04-18,treatment,GB,referral
9663,2025-01-18,treatment,Other,organic
9664,2025-02-24,treatment,GB,organic
9665,2025-01-08,control,GB,organic
9666,2025-05-04,treatment,Other,organic
9667,2025-04-20,treatment,IN,paid
9668,2025-05-14,treatment,Other,organic
9669,2025-02-01,control,IN,organic
9670,2025-03-02,control,US,paid
9671,2025-05-03,treatment,GB,paid
9672,2025-05-30,control,Other,referral
9673,2025-06-10,treatment,DE,organic
9674,2025-01-14,treatment,IN,paid
9675,2025-03-14,control,US,partner
9676,2025-01-02,control,GB,organic
9677,2025-05-29,treatment,PK,paid
9678,2025-01-23,control,Other,partner
9679,2025-05-29,treatment,GB,paid
9680,2025-01-29,treatment,US,referral
9681,2025-01-03,treatment,US,partner
9682,2025-06-09,control,US,organic
9683,2025-03-21,control,PK,referral
9684,2025-03-18,treatment,DE,paid
9685,2025-04-28,control,GB,partner
9686,2025-02-19,control,IN,paid
9687,2025-05-06,treatment,PK,referral
9688,2025-03-19,control,GB,organic
9689,2025-02-19,control,Other,paid
9690,2025-03-13,treatment,DE,referral
9691,2025-01-02,control,US,partner
9692,2025-02-24,control,Other,organic
9693,2025-04-18,control,US,organic
9694,2025-01-25,treatment,Other,partner
9695,2025-01-22,treatment,IN,paid
9696,2025-04-29,treatment,Other,organic
9697,2025-03-19,treatment,US,paid
9698,2025-01-25,control,GB,partner
9699,2025-05-16,treatment,Other,partner
9700,2025-05-21,control,PK,organic
9701,2025-01-07,treatment,Other,referral
9702,2025-02-06,treatment,GB,paid
9703,2025-03-09,control,IN,organic
9704,2025-05-13,treatment,GB,referral
9705,2025-01-14,treatment,GB,organic
9706,2025-05-26,control,BR,organic
9707,2025-02-27,treatment,IN,organic
9708,2025-01-23,treatment,BR,organic
9709,2025-06-06,control,US,organic
9710,2025-01-16,control,PK,partner
9711,2025-01-24,treatment,Other,organic
9712,2025-06-21,control,GB,paid
9713,2025-04-05,control,PK,organic
9714,2025-03-25,treatment,Other,referral
9715,2025-05-05,treatment,US,paid
9716,2025-04-25,control,IN,partner
9717,2025-04-22,control,Other,organic
9718,2025-01-05,treatment,IN,paid
9719,2025-04-10,control,US,organic
9720,2025-02-20,treatment,IN,organic
9721,2025-05-27,treatment,IN,paid
9722,2025-04-02,control,IN,referral
9723,2025-01-23,treatment,US,organic
9724,2025-06-10,treatment,US,paid
9725,2025-02-21,treatment,PK,paid
9726,2025-02-19,control,DE,paid
9727,2025-06-19,control,Other,referral
9728,2025-05-21,treatment,DE,paid
9729,2025-06-05,treatment,PK,partner
9730,2025-04-30,treatment,US,referral
9731,2025-06-14,control,PK,referral
9732,2025-01-21,treatment,Other,organic
9733,2025-04-19,control,GB,referral
9734,2025-02-23,treatment,GB,partner
9735,2025-03-14,treatment,Other,organic
9736,2025-02-13,treatment,IN,paid
9737,2025-02-07,control,BR,referral
9738,2025-03-22,treatment,DE,organic
9739,2025-06-16,control,Other,paid
9740,2025-04-25,control,IN,paid
9741,2025-03-05,treatment,DE,referral
9742,2025-03-20,treatment,DE,organic
9743,2025-04-06,treatment,US,organic
9744,2025-02-14,treatment,PK,organic
9745,2025-04-05,control,PK,organic
9746,2025-05-06,control,GB,organic
9747,2025-02-14,treatment,GB,paid
9748,2025-04-16,treatment,US,referral
9749,2025-05-09,treatment,US,partner
9750,2025-04-04,control,Other,partner
9751,2025-02-22,control,IN,partner
9752,2025-04-11,treatment,DE,organic
9753,2025-05-24,control,US,organic
9754,2025-02-10,treatment,US,organic
9755,2025-04-15,control,IN,paid
9756,2025-05-04,control,US,partner
9757,2025-02-28,control,GB,organic
9758,2025-03-12,control,Other,paid
9759,2025-06-10,treatment,BR,paid
9760,2025-03-07,control,PK,organic
9761,2025-04-19,control,US,referral
9762,2025-01-28,treatment,GB,organic
9763,2025-06-17,control,Other,organic
9764,2025-04-19,treatment,PK,partner
9765,2025-05-18,control,IN,organic
9766,2025-04-20,control,BR,organic
9767,2025-03-06,control,US,referral
9768,2025-03-03,treatment,BR,paid
9769,2025-05-07,control,US,paid
9770,2025-06-05,treatment,US,paid
9771,2025-01-24,treatment,BR,organic
9772,2025-06-03,control,US,organic
9773,2025-05-31,treatment,US,referral
9774,2025-01-20,control,US,organic
9775,2025-01-20,control,GB,partner
9776,2025-05-06,treatment,Other,organic
9777,2025-06-02,control,Other,referral
9778,2025-03-13,treatment,US,partner
9779,2025-04-26,treatment,US,organic
9780,2025-06-30,control,PK,paid
9781,2025-02-28,control,US,referral
9782,2025-02-10,treatment,IN,paid
9783,2025-06-29,control,US,referral
9784,2025-02-20,control,IN,organic
9785,2025-03-27,control,US,partner
9786,2025-03-22,control,IN,paid
9787,2025-04-05,treatment,BR,organic
9788,2025-02-18,control,US,paid
9789,2025-05-03,control,DE,organic
9790,2025-05-06,treatment,BR,paid
9791,2025-02-06,treatment,Other,organic
9792,2025-03-29,treatment,DE,referral
9793,2025-01-11,treatment,US,organic
9794,2025-02-09,control,BR,paid
9795,2025-06-28,control,US,partner
9796,2025-04-02,treatment,Other,partner
9797,2025-04-23,control,PK,referral
9798,2025-06-10,treatment,US,organic
9799,2025-05-10,control,BR,partner
9800,2025-05-24,treatment,IN,organic
9801,2025-05-09,treatment,US,organic
9802,2025-04-01,treatment,IN,partner
9803,2025-04-25,control,DE,organic
9804,2025-02-22,treatment,DE,organic
9805,2025-06-11,treatment,BR,paid
9806,2025-02-02,treatment,BR,paid
9807,2025-06-10,treatment,IN,organic
9808,2025-06-08,control,DE,referral
9809,2025-01-26,control,IN,referral
9810,2025-05-09,control,DE,partner
9811,2025-06-29,treatment,IN,organic
9812,2025-04-14,treatment,US,paid
9813,2025-03-03,control,BR,referral
9814,2025-06-09,treatment,DE,organic
9815,2025-04-03,control,GB,paid
9816,2025-01-23,treatment,US,organic
9817,2025-02-15,control,BR,organic
9818,2025-05-04,control,US,organic
9819,2025-03-24,control,GB,paid
9820,2025-02-09,treatment,GB,paid
9821,2025-05-25,treatment,IN,organic
9822,2025-01-22,control,Other,paid
9823,2025-02-09,treatment,Other,organic
9824,2025-03-26,treatment,Other,organic
9825,2025-01-08,control,Other,partner
9826,2025-03-12,treatment,US,organic
9827,2025-06-14,control,GB,referral
9828,2025-06-20,treatment,GB,organic
9829,2025-06-07,treatment,US,organic
9830,2025-02-28,control,PK,referral
9831,2025-01-12,treatment,Other,organic
9832,2025-05-28,control,IN,organic
9833,2025-03-09,treatment,Other,paid
9834,2025-05-16,treatment,IN,paid
9835,2025-01-22,control,DE,partner
9836,2025-05-01,treatment,US,partner
9837,2025-04-17,control,Other,organic
9838,2025-06-16,treatment,IN,organic
9839,2025-01-19,treatment,GB,paid
9840,2025-03-15,treatment,US,organic
9841,2025-06-29,treatment,PK,paid
9842,2025-03-12,treatment,PK,organic
9843,2025-04-30,control,BR,referral
9844,2025-01-30,control,Other,partner
9845,2025-05-12,treatment,GB,organic
9846,2025-02-19,control,Other,organic
9847,2025-04-14,control,IN,partner
9848,2025-06-09,control,IN,organic
9849,2025-04-30,treatment,Other,organic
9850,2025-03-27,treatment,PK,organic
9851,2025-02-04,control,GB,organic
9852,2025-03-03,control,Other,organic
9853,2025-06-03,treatment,BR,organic
9854,2025-02-09,control,US,organic
9855,2025-04-29,treatment,IN,referral
9856,2025-03-29,treatment,DE,organic
9857,2025-02-28,treatment,BR,referral
9858,2025-05-10,control,DE,paid
9859,2025-03-07,treatment,US,paid
9860,2025-02-21,treatment,US,partner
9861,2025-04-06,control,IN,organic
9862,2025-05-18,treatment,US,organic
9863,2025-06-06,control,IN,paid
9864,2025-04-24,treatment,BR,organic
9865,2025-04-30,treatment,US,organic
9866,2025-05-23,control,GB,partner
9867,2025-02-18,control,GB,referral
9868,2025-02-15,control,Other,paid
9869,2025-03-29,control,Other,paid
9870,2025-04-25,treatment,GB,paid
9871,2025-04-27,control,US,organic
9872,2025-01-28,treatment,IN,organic
9873,2025-05-22,control,DE,paid
9874,2025-03-07,treatment,DE,organic
9875,2025-06-08,treatment,DE,organic
9876,2025-05-12,treatment,IN,paid
9877,2025-06-27,treatment,GB,paid
9878,2025-04-25,treatment,Other,organic
9879,2025-04-06,treatment,DE,partner
9880,2025-02-04,treatment,GB,referral
9881,2025-03-14,control,Other,paid
9882,2025-06-05,control,GB,organic
9883,2025-03-11,control,US,paid
9884,2025-01-10,treatment,US,paid
9885,2025-02-14,treatment,IN,paid
9886,2025-04-18,treatment,BR,paid
9887,2025-04-24,treatment,BR,organic
9888,2025-06-28,control,US,organic
9889,2025-06-19,treatment,US,referral
9890,2025-04-07,control,GB,organic
9891,2025-04-11,control,DE,paid
9892,2025-05-25,treatment,GB,referral
9893,2025-01-09,control,BR,organic
9894,2025-04-18,treatment,IN,partner
9895,2025-03-27,treatment,IN,referral
9896,2025-05-22,treatment,IN,paid
9897,2025-05-25,control,BR,paid
9898,2025-04-29,control,US,referral
9899,2025-04-29,control,IN,organic
9900,2025-05-06,control,US,paid
9901,2025-04-16,control,IN,organic
9902,2025-02-11,control,DE,referral
9903,2025-02-21,treatment,BR,paid
9904,2025-05-15,treatment,Other,referral
9905,2025-04-22,treatment,GB,organic
9906,2025-02-13,control,US,organic
9907,2025-06-08,treatment,Other,referral
9908,2025-06-27,control,GB,organic
9909,2025-04-24,control,DE,paid
9910,2025-02-11,control,GB,paid
9911,2025-06-19,treatment,DE,organic
9912,2025-02-12,treatment,BR,organic
9913,2025-03-20,control,PK,organic
9914,2025-06-05,treatment,IN,partner
9915,2025-04-05,treatment,BR,organic
9916,2025-02-13,control,IN,organic
9917,2025-01-15,treatment,PK,partner
9918,2025-03-07,control,US,referral
9919,2025-05-02,control,BR,paid
9920,2025-05-10,treatment,US,paid
9921,2025-02-10,control,GB,referral
9922,2025-01-29,treatment,IN,partner
9923,2025-05-07,control,PK,partner
9924,2025-01-29,treatment,Other,paid
9925,2025-01-12,treatment,DE,paid
9926,2025-03-30,treatment,US,referral
9927,2025-04-14,treatment,US,referral
9928,2025-02-14,treatment,US,paid
9929,2025-02-08,control,GB,organic
9930,2025-02-12,control,BR,referral
9931,2025-03-04,treatment,IN,organic
9932,2025-01-02,control,US,organic
9933,2025-01-03,control,US,organic
9934,2025-03-09,treatment,US,organic
9935,2025-01-04,control,IN,paid
9936,2025-02-27,control,GB,organic
9937,2025-04-16,treatment,US,paid
9938,2025-01-06,treatment,DE,partner
9939,2025-04-22,treatment,US,organic
9940,2025-04-23,control,GB,organic
9941,2025-04-14,control,PK,organic
9942,2025-04-24,treatment,GB,referral
9943,2025-05-27,control,US,organic
9944,2025-01-13,treatment,US,organic
9945,2025-01-31,control,US,organic
9946,2025-02-27,control,Other,organic
9947,2025-05-05,control,IN,paid
9948,2025-06-07,control,DE,paid
9949,2025-06-16,control,BR,organic
9950,2025-04-16,treatment,US,organic
9951,2025-03-16,treatment,DE,paid
9952,2025-03-16,control,GB,partner
9953,2025-01-11,treatment,PK,paid
9954,2025-03-26,control,IN,referral
9955,2025-04-03,control,GB,partner
9956,2025-02-07,treatment,IN,organic
9957,2025-05-19,treatment,US,organic
9958,2025-05-27,treatment,US,paid
9959,2025-02-24,control,US,organic
9960,2025-06-15,control,US,organic
9961,2025-01-20,treatment,US,paid
9962,2025-06-14,treatment,Other,paid
9963,2025-05-20,treatment,GB,organic
9964,2025-02-10,treatment,GB,paid
9965,2025-04-28,control,US,organic
9966,2025-02-26,treatment,US,organic
9967,2025-05-25,treatment,US,organic
9968,2025-01-30,control,US,organic
9969,2025-02-14,control,GB,partner
9970,2025-02-25,treatment,US,organic
9971,2025-02-06,control,US,referral
9972,2025-03-02,treatment,IN,partner
9973,2025-04-20,treatment,Other,organic
9974,2025-04-25,control,US,organic
9975,2025-04-11,treatment,IN,referral
9976,2025-02-04,treatment,IN,organic
9977,2025-02-06,control,BR,paid
9978,2025-06-16,treatment,IN,organic
9979,2025-02-15,control,BR,referral
9980,2025-01-19,treatment,Other,referral
9981,2025-03-24,control,US,paid
9982,2025-01-02,control,DE,organic
9983,2025-03-04,treatment,IN,paid
9984,2025-06-04,control,Other,paid
9985,2025-02-18,control,DE,paid
9986,2025-05-08,control,Other,partner
9987,2025-03-30,treatment,IN,organic
9988,2025-03-06,treatment,IN,organic
9989,2025-04-30,control,PK,organic
9990,2025-04-18,control,IN,paid
9991,2025-02-27,control,BR,partner
9992,2025-02-10,treatment,IN,organic
9993,2025-06-15,control,US,organic
9994,2025-01-31,treatment,Other,partner
9995,2025-06-23,control,PK,organic
9996,2025-03-27,treatment,IN,referral
9997,2025-06-30,treatment,US,partner
9998,2025-03-05,control,GB,referral
9999,2025-04-13,treatment,US,organic
10000,2025-04-22,control,US,paid
10001,2025-03-03,treatment,IN,organic
10002,2025-02-09,control,Other,organic
10003,2025-04-05,control,IN,organic
10004,2025-04-30,control,GB,organic
10005,2025-02-17,control,Other,partner
10006,2025-05-19,treatment,Other,paid
10007,2025-04-26,treatment,IN,organic
10008,2025-01-31,control,GB,paid
10009,2025-06-19,treatment,IN,paid
10010,2025-01-08,treatment,DE,organic
10011,2025-04-29,control,US,organic
10012,2025-03-21,control,IN,paid
10013,2025-04-29,treatment,IN,referral
10014,2025-05-21,control,GB,organic
10015,2025-05-05,treatment,Other,referral
10016,2025-04-28,control,Other,paid
10017,2025-06-02,control,BR,paid
10018,2025-05-08,treatment,US,organic
10019,2025-05-28,treatment,US,paid
10020,2025-03-14,treatment,IN,organic
10021,2025-02-06,control,PK,organic
10022,2025-02-12,treatment,BR,referral
10023,2025-04-21,treatment,US,paid
10024,2025-04-07,treatment,US,organic
10025,2025-01-14,treatment,US,organic
10026,2025-02-06,treatment,IN,organic
10027,2025-06-25,treatment,DE,partner
10028,2025-05-12,treatment,US,organic
10029,2025-05-17,treatment,BR,paid
10030,2025-02-05,control,Other,paid
10031,2025-01-12,treatment,DE,organic
10032,2025-02-22,treatment,US,organic
10033,2025-06-05,control,BR,paid
10034,2025-04-02,control,Other,referral
10035,2025-05-23,control,US,paid
10036,2025-03-30,treatment,US,organic
10037,2025-03-30,control,BR,organic
10038,2025-04-19,control,GB,organic
10039,2025-06-23,treatment,Other,organic
10040,2025-03-21,control,IN,partner
10041,2025-04-18,treatment,US,organic
10042,2025-06-16,control,Other,organic
10043,2025-03-09,control,IN,paid
10044,2025-06-02,control,DE,organic
10045,2025-04-07,treatment,US,paid
10046,2025-06-09,treatment,IN,organic
10047,2025-03-26,control,Other,referral
10048,2025-04-24,control,US,organic
10049,2025-02-28,treatment,GB,paid
10050,2025-04-25,treatment,Other,paid
10051,2025-03-01,treatment,GB,organic
10052,2025-04-21,control,US,organic
10053,2025-05-23,treatment,US,paid
10054,2025-03-20,treatment,IN,referral
10055,2025-03-19,control,IN,paid
10056,2025-02-28,treatment,US,paid
10057,2025-05-13,treatment,US,paid
10058,2025-04-18,treatment,BR,organic
10059,2025-04-04,treatment,IN,paid
10060,2025-01-05,control,US,organic
10061,2025-01-20,treatment,DE,paid
10062,2025-01-02,control,BR,partner
10063,2025-06-03,treatment,US,paid
10064,2025-06-04,control,US,paid
10065,2025-01-13,control,Other,referral
10066,2025-01-09,treatment,Other,organic
10067,2025-05-22,control,GB,paid
10068,2025-04-05,treatment,Other,organic
10069,2025-02-25,control,IN,organic
10070,2025-04-22,control,Other,organic
10071,2025-02-12,control,Other,paid
10072,2025-02-05,control,IN,paid
10073,2025-03-08,control,DE,partner
10074,2025-06-12,control,US,organic
10075,2025-05-19,treatment,BR,organic
10076,2025-02-04,control,GB,paid
10077,2025-04-12,control,IN,organic
10078,2025-06-10,control,US,paid
10079,2025-06-22,control,PK,organic
10080,2025-05-19,control,Other,organic
10081,2025-01-24,control,US,paid
10082,2025-02-13,treatment,IN,paid
10083,2025-02-09,treatment,PK,organic
10084,2025-01-28,treatment,BR,organic
10085,2025-02-01,treatment,Other,organic
10086,2025-02-27,treatment,BR,organic
10087,2025-04-11,control,US,partner
10088,2025-03-14,control,DE,paid
10089,2025-03-18,treatment,DE,organic
10090,2025-02-14,control,US,organic
10091,2025-01-28,control,PK,organic
10092,2025-06-30,treatment,IN,organic
10093,2025-04-19,control,GB,partner
10094,2025-02-11,control,DE,organic
10095,2025-05-27,treatment,GB,referral
10096,2025-05-31,control,DE,referral
10097,2025-06-24,control,BR,paid
10098,2025-01-29,control,GB,paid
10099,2025-04-26,control,PK,organic
10100,2025-06-27,treatment,Other,referral
10101,2025-05-27,treatment,BR,referral
10102,2025-02-10,control,IN,paid
10103,2025-06-11,control,Other,organic
10104,2025-03-18,control,US,organic
10105,2025-03-30,treatment,US,organic
10106,2025-04-12,control,US,organic
10107,2025-05-20,control,DE,paid
10108,2025-01-22,treatment,GB,referral
10109,2025-04-08,treatment,BR,paid
10110,2025-05-28,treatment,DE,paid
10111,2025-04-10,treatment,US,paid
10112,2025-02-19,treatment,GB,paid
10113,2025-01-11,treatment,US,organic
10114,2025-04-10,treatment,BR,referral
10115,2025-05-08,control,US,organic
10116,2025-04-10,control,US,partner
10117,2025-06-27,control,US,organic
10118,2025-04-20,treatment,IN,paid
10119,2025-04-02,treatment,US,paid
10120,2025-01-11,treatment,IN,organic
10121,2025-04-12,control,PK,organic
10122,2025-01-31,treatment,DE,organic
10123,2025-05-12,control,US,referral
10124,2025-01-30,control,IN,organic
10125,2025-06-14,treatment,US,paid
10126,2025-02-24,treatment,PK,referral
10127,2025-03-20,treatment,IN,paid
10128,2025-01-27,control,DE,referral
10129,2025-02-08,control,US,organic
10130,2025-06-16,control,IN,organic
10131,2025-02-21,control,BR,organic
10132,2025-04-03,treatment,US,referral
10133,2025-06-27,control,IN,referral
10134,2025-04-23,control,GB,referral
10135,2025-01-08,control,Other,paid
10136,2025-03-06,treatment,PK,organic
10137,2025-03-12,treatment,US,organic
10138,2025-02-20,control,US,paid
10139,2025-02-13,control,GB,organic
10140,2025-04-02,treatment,PK,paid
10141,2025-03-10,treatment,US,referral
10142,2025-02-23,control,GB,organic
10143,2025-03-16,control,IN,paid
10144,2025-03-04,treatment,US,paid
10145,2025-02-11,treatment,US,organic
10146,2025-03-23,control,IN,organic
10147,2025-06-20,control,BR,paid
10148,2025-04-02,control,BR,paid
10149,2025-04-19,control,US,organic
10150,2025-06-28,control,BR,organic
10151,2025-04-22,control,BR,organic
10152,2025-02-10,control,DE,paid
10153,2025-03-14,control,Other,organic
10154,2025-03-30,control,US,paid
10155,2025-03-27,control,DE,organic
10156,2025-01-28,treatment,Other,referral
10157,2025-01-20,control,US,organic
10158,2025-03-05,treatment,Other,organic
10159,2025-06-15,treatment,DE,paid
10160,2025-05-10,treatment,US,paid
10161,2025-06-02,control,US,partner
10162,2025-02-01,control,GB,partner
10163,2025-03-16,treatment,Other,paid
10164,2025-04-16,control,Other,paid
10165,2025-03-20,control,BR,paid
10166,2025-03-17,control,US,paid
10167,2025-03-07,treatment,DE,organic
10168,2025-01-10,treatment,DE,paid
10169,2025-06-05,control,US,partner
10170,2025-06-18,treatment,US,organic
10171,2025-01-15,treatment,GB,organic
10172,2025-03-16,control,GB,organic
10173,2025-04-04,control,IN,organic
10174,2025-05-22,control,GB,paid
10175,2025-06-28,treatment,US,organic
10176,2025-03-17,treatment,US,paid
10177,2025-05-16,treatment,IN,referral
10178,2025-06-19,treatment,IN,organic
10179,2025-05-31,control,US,referral
10180,2025-02-22,treatment,Other,referral
10181,2025-05-28,treatment,IN,paid
10182,2025-03-16,treatment,US,organic
10183,2025-01-04,control,GB,partner
10184,2025-05-18,control,Other,organic
10185,2025-06-01,control,DE,organic
10186,2025-03-04,control,US,organic
10187,2025-03-23,treatment,BR,referral
10188,2025-03-07,treatment,US,organic
10189,2025-01-22,treatment,PK,organic
10190,2025-06-30,control,PK,paid
10191,2025-01-05,control,PK,paid
10192,2025-04-11,control,IN,paid
10193,2025-01-03,treatment,IN,organic
10194,2025-05-05,treatment,GB,paid
10195,2025-06-13,control,Other,organic
10196,2025-04-27,treatment,US,organic
10197,2025-04-20,treatment,US,organic
10198,2025-05-30,control,Other,paid
10199,2025-06-26,control,Other,organic
10200,2025-06-05,control,BR,paid
10201,2025-02-11,control,DE,organic
10202,2025-04-12,treatment,US,organic
10203,2025-05-29,control,IN,organic
10204,2025-02-23,treatment,US,organic
10205,2025-05-03,treatment,GB,referral
10206,2025-01-05,treatment,DE,organic
10207,2025-06-08,treatment,Other,paid
10208,2025-04-22,control,Other,organic
10209,2025-05-15,treatment,Other,organic
10210,2025-05-30,control,PK,organic
10211,2025-02-09,treatment,GB,organic
10212,2025-03-23,treatment,US,paid
10213,2025-06-05,control,DE,organic
10214,2025-01-30,control,GB,partner
10215,2025-05-29,treatment,IN,paid
10216,2025-02-22,treatment,GB,organic
10217,2025-04-15,treatment,Other,partner
10218,2025-04-03,control,GB,organic
10219,2025-05-05,treatment,GB,referral
10220,2025-06-01,treatment,IN,organic
10221,2025-03-05,control,BR,paid
10222,2025-02-01,treatment,US,organic
10223,2025-03-18,treatment,IN,referral
10224,2025-04-21,treatment,BR,organic
10225,2025-05-16,control,US,paid
10226,2025-05-17,control,DE,partner
10227,2025-03-03,treatment,Other,organic
10228,2025-06-19,treatment,US,partner
10229,2025-01-16,control,DE,paid
10230,2025-01-22,treatment,US,referral
10231,2025-01-05,control,BR,paid
10232,2025-06-17,treatment,Other,referral
10233,2025-02-02,control,GB,referral
10234,2025-04-19,control,PK,organic
10235,2025-05-28,treatment,PK,paid
10236,2025-05-19,control,US,partner
10237,2025-06-21,treatment,IN,referral
10238,2025-01-10,control,Other,partner
10239,2025-03-15,control,Other,paid
10240,2025-04-02,treatment,IN,organic
10241,2025-05-07,treatment,US,referral
10242,2025-04-23,treatment,US,paid
10243,2025-04-12,treatment,US,organic
10244,2025-02-25,control,IN,organic
10245,2025-01-20,control,GB,organic
10246,2025-03-20,control,IN,paid
10247,2025-02-16,treatment,PK,referral
10248,2025-04-11,control,US,referral
10249,2025-05-25,control,Other,organic
10250,2025-04-11,treatment,US,organic
10251,2025-04-16,control,US,organic
10252,2025-01-08,treatment,PK,paid
10253,2025-04-27,control,US,referral
10254,2025-03-21,control,US,referral
10255,2025-01-23,control,Other,organic
10256,2025-02-08,control,Other,referral
10257,2025-05-22,treatment,PK,paid
10258,2025-06-15,control,US,partner
10259,2025-04-02,treatment,US,referral
10260,2025-06-26,treatment,US,paid
10261,2025-02-02,control,US,referral
10262,2025-02-24,treatment,Other,organic
10263,2025-06-18,treatment,US,referral
10264,2025-02-01,control,IN,referral
10265,2025-04-30,treatment,US,referral
10266,2025-02-09,control,BR,organic
10267,2025-03-01,treatment,US,referral
10268,2025-03-28,control,US,organic
10269,2025-03-07,treatment,US,referral
10270,2025-06-08,treatment,Other,partner
10271,2025-06-26,treatment,IN,organic
10272,2025-04-01,treatment,IN,paid
10273,2025-04-06,control,GB,paid
10274,2025-01-11,treatment,IN,referral
10275,2025-02-12,control,IN,organic
10276,2025-01-08,control,DE,partner
10277,2025-06-05,control,IN,partner
10278,2025-02-11,treatment,Other,paid
10279,2025-03-03,treatment,Other,organic
10280,2025-06-02,control,Other,paid
10281,2025-05-10,treatment,DE,organic
10282,2025-04-23,treatment,US,referral
10283,2025-01-07,control,US,organic
10284,2025-04-12,control,US,organic
10285,2025-04-12,treatment,GB,organic
10286,2025-02-27,treatment,GB,paid
10287,2025-05-15,control,IN,paid
10288,2025-06-18,treatment,BR,paid
10289,2025-02-16,control,IN,organic
10290,2025-03-01,treatment,Other,organic
10291,2025-02-28,control,US,organic
10292,2025-06-01,control,US,paid
10293,2025-01-15,control,IN,organic
10294,2025-06-12,treatment,BR,paid
10295,2025-05-21,control,DE,organic
10296,2025-03-29,control,Other,partner
10297,2025-04-16,control,US,organic
10298,2025-06-11,treatment,BR,organic
10299,2025-05-20,control,Other,organic
10300,2025-02-20,control,DE,organic
10301,2025-01-10,control,BR,organic
10302,2025-04-30,treatment,US,referral
10303,2025-01-27,control,GB,paid
10304,2025-01-16,control,US,organic
10305,2025-06-27,treatment,BR,referral
10306,2025-03-27,treatment,BR,organic
10307,2025-04-28,treatment,Other,referral
10308,2025-02-09,control,IN,organic
10309,2025-01-19,treatment,US,organic
10310,2025-01-12,treatment,PK,referral
10311,2025-03-06,treatment,GB,organic
10312,2025-01-01,treatment,IN,organic
10313,2025-03-18,treatment,US,referral
10314,2025-02-28,treatment,IN,paid
10315,2025-04-06,control,Other,referral
10316,2025-04-17,treatment,US,paid
10317,2025-02-25,treatment,BR,organic
10318,2025-03-24,treatment,BR,paid
10319,2025-01-15,control,GB,referral
10320,2025-02-24,control,GB,organic
10321,2025-06-27,treatment,IN,organic
10322,2025-06-29,treatment,GB,paid
10323,2025-03-29,control,US,referral
10324,2025-06-20,treatment,IN,organic
10325,2025-04-01,control,IN,paid
10326,2025-01-23,control,US,organic
10327,2025-06-07,treatment,Other,organic
10328,2025-03-17,treatment,Other,paid
10329,2025-04-21,control,Other,organic
10330,2025-04-28,control,BR,organic
10331,2025-02-25,control,US,paid
10332,2025-05-13,treatment,US,organic
10333,2025-04-01,treatment,Other,referral
10334,2025-03-08,treatment,Other,partner
10335,2025-02-23,treatment,IN,paid
10336,2025-05-16,control,BR,referral
10337,2025-02-15,control,GB,partner
10338,2025-01-23,treatment,IN,paid
10339,2025-06-09,treatment,US,referral
10340,2025-03-02,control,BR,organic
10341,2025-04-27,treatment,IN,referral
10342,2025-05-10,treatment,IN,organic
10343,2025-06-01,control,DE,organic
10344,2025-04-24,control,IN,paid
10345,2025-05-09,treatment,US,organic
10346,2025-06-01,control,US,organic
10347,2025-06-20,control,US,paid
10348,2025-01-09,treatment,GB,organic
10349,2025-05-15,treatment,GB,referral
10350,2025-02-01,control,GB,partner
10351,2025-06-11,control,DE,paid
10352,2025-01-09,control,DE,organic
10353,2025-02-14,control,DE,paid
10354,2025-02-04,treatment,IN,organic
10355,2025-04-20,treatment,US,paid
10356,2025-01-01,control,GB,organic
10357,2025-01-04,treatment,US,paid
10358,2025-04-02,control,US,organic
10359,2025-06-25,treatment,IN,partner
10360,2025-04-06,treatment,Other,organic
10361,2025-03-22,control,GB,organic
10362,2025-04-30,control,DE,organic
10363,2025-04-10,treatment,US,paid
10364,2025-03-11,control,US,partner
10365,2025-04-17,control,Other,organic
10366,2025-01-01,control,BR,organic
10367,2025-02-14,control,IN,organic
10368,2025-05-02,treatment,Other,paid
10369,2025-03-03,control,BR,paid
10370,2025-01-10,control,US,referral
10371,2025-01-23,control,IN,referral
10372,2025-06-06,treatment,IN,organic
10373,2025-03-01,treatment,DE,partner
10374,2025-01-05,treatment,IN,referral
10375,2025-05-12,treatment,DE,paid
10376,2025-04-07,treatment,GB,organic
10377,2025-03-23,control,IN,paid
10378,2025-06-11,control,US,paid
10379,2025-02-26,control,GB,organic
10380,2025-04-14,control,DE,organic
10381,2025-05-15,treatment,IN,paid
10382,2025-04-21,control,Other,paid
10383,2025-02-07,treatment,IN,organic
10384,2025-05-04,control,IN,partner
10385,2025-05-15,control,GB,organic
10386,2025-01-23,control,BR,organic
10387,2025-01-30,control,US,organic
10388,2025-05-03,control,DE,paid
10389,2025-01-22,treatment,IN,organic
10390,2025-06-09,control,US,paid
10391,2025-01-20,treatment,Other,organic
10392,2025-06-26,treatment,DE,organic
10393,2025-05-02,control,IN,organic
10394,2025-03-22,treatment,DE,organic
10395,2025-02-18,control,IN,organic
10396,2025-03-04,control,BR,organic
10397,2025-05-16,control,US,paid
10398,2025-05-17,treatment,Other,paid
10399,2025-02-07,treatment,IN,partner
10400,2025-04-09,treatment,DE,paid
10401,2025-06-29,treatment,IN,organic
10402,2025-02-16,control,US,paid
10403,2025-05-06,treatment,IN,organic
10404,2025-02-01,treatment,DE,paid
10405,2025-05-31,control,PK,organic
10406,2025-01-31,control,US,partner
10407,2025-02-23,control,PK,paid
10408,2025-03-25,control,Other,referral
10409,2025-03-09,treatment,Other,paid
10410,2025-01-31,control,IN,organic
10411,2025-04-27,control,IN,organic
10412,2025-01-04,treatment,BR,organic
10413,2025-06-28,treatment,US,referral
10414,2025-01-10,treatment,BR,referral
10415,2025-03-02,treatment,BR,organic
10416,2025-06-18,treatment,US,paid
10417,2025-01-29,control,IN,organic
10418,2025-01-14,treatment,US,paid
10419,2025-05-15,control,BR,referral
10420,2025-01-14,control,DE,organic
10421,2025-06-12,treatment,Other,organic
10422,2025-03-23,treatment,US,paid
10423,2025-06-07,treatment,US,organic
10424,2025-02-14,control,BR,organic
10425,2025-01-26,treatment,DE,organic
10426,2025-06-24,control,US,paid
10427,2025-05-18,control,IN,partner
10428,2025-06-14,control,Other,referral
10429,2025-02-27,control,IN,paid
10430,2025-03-15,control,US,referral
10431,2025-04-15,treatment,US,paid
10432,2025-03-23,control,BR,paid
10433,2025-02-13,treatment,IN,organic
10434,2025-03-09,treatment,Other,organic
10435,2025-04-21,control,US,paid
10436,2025-01-07,treatment,BR,partner
10437,2025-03-02,control,Other,paid
10438,2025-02-23,treatment,US,partner
10439,2025-01-13,control,Other,organic
10440,2025-01-23,control,DE,organic
10441,2025-03-31,control,IN,partner
10442,2025-01-19,treatment,DE,organic
10443,2025-03-04,control,PK,paid
10444,2025-04-12,treatment,Other,organic
10445,2025-06-08,control,US,referral
10446,2025-01-18,treatment,IN,organic
10447,2025-03-20,control,US,partner
10448,2025-01-19,control,US,organic
10449,2025-03-19,control,BR,organic
10450,2025-03-28,control,IN,referral
10451,2025-05-25,treatment,GB,organic
10452,2025-03-22,treatment,US,organic
10453,2025-06-19,control,US,paid
10454,2025-01-25,control,US,organic
10455,2025-01-10,control,US,organic
10456,2025-01-01,treatment,US,organic
10457,2025-03-06,treatment,PK,paid
10458,2025-02-04,treatment,GB,organic
10459,2025-01-17,treatment,Other,referral
10460,2025-02-12,control,US,referral
10461,2025-06-26,control,DE,organic
10462,2025-05-25,treatment,US,paid
10463,2025-01-04,control,US,paid
10464,2025-06-15,control,IN,paid
10465,2025-02-07,control,GB,organic
10466,2025-03-15,treatment,GB,paid
10467,2025-03-01,treatment,DE,organic
10468,2025-03-15,treatment,IN,paid
10469,2025-05-18,control,GB,organic
10470,2025-05-09,control,US,partner
10471,2025-04-18,control,US,organic
10472,2025-04-24,treatment,BR,paid
10473,2025-05-12,control,Other,paid
10474,2025-02-03,treatment,US,organic
10475,2025-03-13,treatment,GB,organic
10476,2025-01-20,treatment,DE,organic
10477,2025-05-08,treatment,Other,paid
10478,2025-03-21,control,US,paid
10479,2025-04-26,treatment,PK,organic
10480,2025-04-13,control,IN,paid
10481,2025-02-19,treatment,GB,organic
10482,2025-01-26,treatment,IN,paid
10483,2025-06-26,treatment,BR,organic
10484,2025-02-23,control,US,referral
10485,2025-01-20,treatment,GB,paid
10486,2025-02-25,treatment,GB,organic
10487,2025-06-13,treatment,GB,paid
10488,2025-02-17,treatment,IN,referral
10489,2025-06-28,treatment,IN,organic
10490,2025-03-25,control,PK,organic
10491,2025-06-05,control,BR,organic
10492,2025-04-29,control,GB,organic
10493,2025-01-08,treatment,US,paid
10494,2025-04-03,treatment,PK,paid
10495,2025-03-17,control,US,organic
10496,2025-02-06,control,GB,organic
10497,2025-04-10,treatment,IN,paid
10498,2025-01-19,treatment,IN,paid
10499,2025-05-07,treatment,US,referral
10500,2025-05-29,control,IN,paid
10501,2025-01-17,treatment,US,organic
10502,2025-03-28,control,IN,paid
10503,2025-04-29,control,IN,paid
10504,2025-01-12,treatment,IN,paid
10505,2025-03-12,control,US,organic
10506,2025-02-16,treatment,BR,referral
10507,2025-01-08,control,US,organic
10508,2025-05-26,control,DE,organic
10509,2025-03-22,treatment,Other,organic
10510,2025-05-17,control,US,referral
10511,2025-04-17,control,BR,paid
10512,2025-06-08,control,US,organic
10513,2025-06-30,control,BR,organic
10514,2025-04-19,treatment,BR,organic
10515,2025-03-05,control,DE,paid
10516,2025-03-18,treatment,IN,paid
10517,2025-05-30,treatment,Other,paid
10518,2025-03-19,treatment,PK,paid
10519,2025-04-05,control,Other,referral
10520,2025-02-05,treatment,US,organic
10521,2025-06-29,treatment,Other,referral
10522,2025-04-28,control,GB,organic
10523,2025-03-01,treatment,US,paid
10524,2025-04-16,control,DE,paid
10525,2025-03-14,control,US,partner
10526,2025-01-29,treatment,IN,organic
10527,2025-06-08,control,US,paid
10528,2025-06-10,control,BR,paid
10529,2025-06-01,control,GB,partner
10530,2025-03-08,control,US,organic
10531,2025-02-16,treatment,Other,paid
10532,2025-01-10,control,BR,organic
10533,2025-05-13,treatment,GB,referral
10534,2025-03-01,treatment,IN,referral
10535,2025-06-11,control,Other,paid
10536,2025-06-07,control,DE,paid
10537,2025-01-24,control,US,paid
10538,2025-06-15,treatment,Other,paid
10539,2025-01-26,control,GB,organic
10540,2025-03-30,control,US,referral
10541,2025-03-27,treatment,US,paid
10542,2025-06-23,control,US,organic
10543,2025-04-29,control,Other,paid
10544,2025-06-08,treatment,Other,organic
10545,2025-04-18,treatment,BR,paid
10546,2025-05-30,control,IN,paid
10547,2025-06-04,control,PK,paid
10548,2025-06-05,control,BR,organic
10549,2025-03-16,control,IN,paid
10550,2025-03-11,control,Other,paid
10551,2025-06-28,control,US,paid
10552,2025-05-17,treatment,US,paid
10553,2025-06-16,treatment,IN,paid
10554,2025-04-15,treatment,IN,paid
10555,2025-06-18,treatment,US,organic
10556,2025-05-11,control,GB,organic
10557,2025-05-15,control,IN,organic
10558,2025-02-02,treatment,DE,referral
10559,2025-04-13,control,Other,organic
10560,2025-05-13,control,PK,paid
10561,2025-05-18,treatment,DE,paid
10562,2025-06-23,control,IN,organic
10563,2025-03-01,control,IN,organic
10564,2025-02-24,treatment,US,organic
10565,2025-06-25,treatment,DE,organic
10566,2025-06-28,treatment,DE,organic
10567,2025-02-02,control,Other,referral
10568,2025-03-10,treatment,Other,partner
10569,2025-06-21,treatment,US,organic
10570,2025-02-06,control,PK,organic
10571,2025-05-22,treatment,IN,paid
10572,2025-01-21,treatment,US,partner
10573,2025-02-02,treatment,GB,partner
10574,2025-05-23,control,Other,partner
10575,2025-04-20,treatment,GB,organic
10576,2025-04-11,control,IN,partner
10577,2025-06-05,control,BR,organic
10578,2025-02-25,control,BR,organic
10579,2025-04-02,control,DE,paid
10580,2025-04-21,control,DE,paid
10581,2025-05-14,treatment,Other,referral
10582,2025-03-02,treatment,DE,paid
10583,2025-04-25,control,US,referral
10584,2025-03-23,treatment,DE,organic
10585,2025-04-09,treatment,IN,organic
10586,2025-06-06,control,DE,referral
10587,2025-03-13,treatment,IN,paid
10588,2025-05-01,treatment,US,organic
10589,2025-06-20,treatment,BR,organic
10590,2025-05-18,treatment,Other,referral
10591,2025-06-28,treatment,BR,partner
10592,2025-04-16,treatment,IN,referral
10593,2025-02-21,control,IN,paid
10594,2025-06-29,control,IN,referral
10595,2025-04-27,treatment,GB,organic
10596,2025-02-13,control,IN,paid
10597,2025-02-27,control,DE,paid
10598,2025-02-17,control,GB,partner
10599,2025-05-31,treatment,DE,organic
10600,2025-01-17,treatment,DE,partner
10601,2025-05-14,control,US,paid
10602,2025-04-11,control,IN,organic
10603,2025-01-14,control,BR,paid
10604,2025-04-22,control,US,organic
10605,2025-05-17,treatment,US,paid
10606,2025-05-12,control,IN,paid
10607,2025-04-06,treatment,BR,referral
10608,2025-03-02,control,IN,paid
10609,2025-01-30,control,DE,referral
10610,2025-01-03,treatment,PK,organic
10611,2025-03-07,control,US,referral
10612,2025-04-25,control,IN,referral
10613,2025-01-07,control,GB,paid
10614,2025-06-30,treatment,GB,organic
10615,2025-04-17,control,Other,partner
10616,2025-02-23,treatment,Other,referral
10617,2025-06-24,treatment,US,referral
10618,2025-02-03,treatment,US,organic
10619,2025-06-23,treatment,Other,referral
10620,2025-02-20,treatment,US,organic
10621,2025-03-10,treatment,Other,paid
10622,2025-03-19,control,US,paid
10623,2025-06-30,treatment,DE,organic
10624,2025-02-15,treatment,US,organic
10625,2025-06-26,control,BR,paid
10626,2025-03-04,treatment,US,organic
10627,2025-02-21,control,DE,paid
10628,2025-04-26,treatment,Other,organic
10629,2025-05-06,control,US,organic
10630,2025-03-04,control,IN,paid
10631,2025-01-25,control,US,partner
10632,2025-03-13,control,IN,paid
10633,2025-04-08,control,GB,organic
10634,2025-01-08,control,IN,partner
10635,2025-01-15,treatment,IN,partner
10636,2025-06-16,control,Other,paid
10637,2025-01-07,treatment,Other,paid
10638,2025-03-15,treatment,US,organic
10639,2025-05-19,control,US,paid
10640,2025-03-01,control,US,referral
10641,2025-03-31,control,IN,partner
10642,2025-01-16,control,US,organic
10643,2025-05-24,control,PK,organic
10644,2025-04-25,treatment,Other,referral
10645,2025-06-04,treatment,US,referral
10646,2025-06-06,control,GB,paid
10647,2025-03-05,treatment,BR,organic
10648,2025-01-08,control,DE,paid
10649,2025-03-04,treatment,DE,paid
10650,2025-01-27,treatment,US,organic
10651,2025-04-07,control,Other,organic
10652,2025-01-27,treatment,IN,organic
10653,2025-06-16,treatment,US,paid
10654,2025-04-20,control,US,organic
10655,2025-02-15,control,IN,paid
10656,2025-06-16,treatment,US,organic
10657,2025-05-20,control,Other,organic
10658,2025-03-21,control,BR,partner
10659,2025-01-27,treatment,Other,paid
10660,2025-03-04,control,IN,organic
10661,2025-04-16,control,Other,paid
10662,2025-05-19,treatment,IN,organic
10663,2025-02-17,control,BR,paid
10664,2025-05-15,treatment,US,organic
10665,2025-02-21,treatment,IN,partner
10666,2025-02-14,control,BR,organic
10667,2025-03-22,treatment,DE,referral
10668,2025-01-30,treatment,BR,paid
10669,2025-03-15,control,US,organic
10670,2025-03-06,treatment,DE,referral
10671,2025-02-20,treatment,US,organic
10672,2025-05-21,treatment,DE,paid
10673,2025-03-02,control,DE,referral
10674,2025-05-06,control,Other,organic
10675,2025-05-11,treatment,BR,organic
10676,2025-05-01,treatment,Other,referral
10677,2025-02-18,treatment,Other,organic
10678,2025-05-31,control,US,partner
10679,2025-02-12,treatment,BR,organic
10680,2025-02-20,control,GB,organic
10681,2025-06-08,control,Other,organic
10682,2025-03-03,treatment,DE,paid
10683,2025-05-07,control,US,partner
10684,2025-01-08,treatment,US,organic
10685,2025-04-22,control,IN,paid
10686,2025-06-07,treatment,US,organic
10687,2025-05-09,treatment,GB,organic
10688,2025-04-16,control,Other,organic
10689,2025-06-03,treatment,US,paid
10690,2025-02-23,treatment,IN,paid
10691,2025-03-10,control,IN,organic
10692,2025-01-13,treatment,GB,partner
10693,2025-05-07,treatment,US,organic
10694,2025-05-11,control,US,referral
10695,2025-05-16,treatment,Other,organic
10696,2025-05-16,control,IN,paid
10697,2025-01-24,control,GB,organic
10698,2025-05-01,control,PK,paid
10699,2025-05-19,treatment,US,referral
10700,2025-02-06,treatment,US,paid
10701,2025-03-28,control,US,organic
10702,2025-06-15,control,IN,paid
10703,2025-03-17,control,DE,organic
10704,2025-05-17,treatment,IN,organic
10705,2025-04-06,control,US,paid
10706,2025-04-30,control,IN,partner
10707,2025-04-24,control,PK,organic
10708,2025-04-28,control,DE,paid
10709,2025-05-22,treatment,US,referral
10710,2025-06-13,treatment,IN,paid
10711,2025-02-23,control,US,paid
10712,2025-06-18,control,US,organic
10713,2025-04-24,control,IN,organic
10714,2025-04-18,treatment,BR,organic
10715,2025-03-01,control,PK,paid
10716,2025-03-17,control,GB,organic
10717,2025-04-28,treatment,US,paid
10718,2025-03-07,control,IN,paid
10719,2025-02-21,treatment,IN,organic
10720,2025-05-29,control,DE,paid
10721,2025-03-17,control,DE,paid
10722,2025-04-27,treatment,US,paid
10723,2025-01-06,control,DE,paid
10724,2025-01-14,control,Other,organic
10725,2025-06-03,treatment,US,paid
10726,2025-01-26,control,BR,referral
10727,2025-05-25,treatment,US,paid
10728,2025-06-12,control,GB,paid
10729,2025-03-29,treatment,IN,organic
10730,2025-06-10,treatment,BR,referral
10731,2025-03-19,control,US,organic
10732,2025-06-22,treatment,DE,organic
10733,2025-02-12,treatment,US,organic
10734,2025-03-19,control,GB,referral
10735,2025-03-12,control,IN,paid
10736,2025-05-22,treatment,US,referral
10737,2025-01-08,treatment,DE,paid
10738,2025-05-30,treatment,BR,referral
10739,2025-01-05,treatment,Other,paid
10740,2025-02-27,treatment,US,paid
10741,2025-04-18,treatment,BR,organic
10742,2025-01-27,treatment,US,paid
10743,2025-03-30,treatment,US,paid
10744,2025-06-30,treatment,US,organic
10745,2025-05-30,control,IN,organic
10746,2025-01-06,treatment,US,organic
10747,2025-04-18,control,Other,organic
10748,2025-04-19,treatment,DE,paid
10749,2025-01-13,treatment,PK,paid
10750,2025-04-28,treatment,US,partner
10751,2025-04-05,control,GB,paid
10752,2025-05-04,treatment,IN,paid
10753,2025-02-23,control,GB,paid
10754,2025-02-16,treatment,BR,paid
10755,2025-05-14,treatment,PK,organic
10756,2025-05-11,control,IN,organic
10757,2025-01-30,control,PK,organic
10758,2025-02-09,treatment,US,paid
10759,2025-04-17,control,IN,organic
10760,2025-05-31,treatment,IN,paid
10761,2025-02-06,treatment,IN,partner
10762,2025-02-09,treatment,BR,paid
10763,2025-05-27,control,IN,organic
10764,2025-05-07,control,PK,paid
10765,2025-06-13,treatment,US,paid
10766,2025-05-22,treatment,US,referral
10767,2025-06-22,control,US,referral
10768,2025-02-04,treatment,US,organic
10769,2025-02-19,control,IN,partner
10770,2025-02-13,control,DE,organic
10771,2025-01-11,treatment,GB,organic
10772,2025-05-22,treatment,Other,organic
10773,2025-04-30,treatment,Other,organic
10774,2025-01-16,control,BR,organic
10775,2025-02-05,control,DE,organic
10776,2025-02-04,treatment,US,organic
10777,2025-03-14,treatment,DE,organic
10778,2025-03-24,control,DE,partner
10779,2025-02-22,treatment,US,paid
10780,2025-06-18,control,IN,paid
10781,2025-02-08,treatment,DE,referral
10782,2025-04-12,treatment,US,paid
10783,2025-03-21,control,IN,organic
10784,2025-03-12,control,DE,partner
10785,2025-05-30,treatment,GB,organic
10786,2025-06-27,treatment,US,paid
10787,2025-01-02,control,US,referral
10788,2025-03-25,control,BR,organic
10789,2025-01-22,treatment,GB,organic
10790,2025-03-20,control,US,referral
10791,2025-04-22,treatment,PK,paid
10792,2025-03-16,treatment,PK,organic
10793,2025-02-25,control,DE,partner
10794,2025-02-26,treatment,PK,referral
10795,2025-02-24,treatment,DE,referral
10796,2025-02-28,treatment,US,organic
10797,2025-03-09,treatment,BR,referral
10798,2025-05-05,control,GB,paid
10799,2025-01-18,control,DE,paid
10800,2025-01-08,control,Other,organic
10801,2025-04-04,control,GB,paid
10802,2025-05-04,control,US,organic
10803,2025-02-16,control,US,partner
10804,2025-02-06,treatment,Other,paid
10805,2025-04-24,control,US,paid
10806,2025-03-11,treatment,Other,organic
10807,2025-05-14,treatment,US,organic
10808,2025-01-27,control,IN,paid
10809,2025-01-22,treatment,GB,referral
10810,2025-04-11,control,US,paid
10811,2025-03-13,treatment,US,organic
10812,2025-05-13,treatment,US,paid
10813,2025-04-02,treatment,US,organic
10814,2025-03-06,treatment,US,paid
10815,2025-01-29,treatment,BR,paid
10816,2025-01-30,treatment,BR,organic
10817,2025-05-17,treatment,GB,organic
10818,2025-02-10,control,IN,paid
10819,2025-04-01,treatment,IN,paid
10820,2025-05-29,treatment,Other,organic
10821,2025-06-12,control,DE,paid
10822,2025-02-18,treatment,GB,paid
10823,2025-01-20,treatment,Other,organic
10824,2025-05-21,treatment,Other,organic
10825,2025-05-05,control,Other,organic
10826,2025-03-01,treatment,IN,referral
10827,2025-04-18,treatment,IN,organic
10828,2025-02-04,control,Other,partner
10829,2025-05-07,treatment,DE,paid
10830,2025-05-12,treatment,US,referral
10831,2025-02-24,control,Other,partner
10832,2025-03-26,treatment,PK,organic
10833,2025-03-02,control,US,paid
10834,2025-01-06,treatment,US,organic
10835,2025-01-24,treatment,Other,organic
10836,2025-06-23,control,GB,referral
10837,2025-03-24,treatment,IN,organic
10838,2025-01-27,control,US,referral
10839,2025-01-09,control,US,referral
10840,2025-03-05,treatment,IN,paid
10841,2025-06-27,control,Other,paid
10842,2025-03-11,control,BR,referral
10843,2025-06-30,control,US,organic
10844,2025-03-30,treatment,US,paid
10845,2025-05-19,treatment,US,organic
10846,2025-05-23,control,Other,organic
10847,2025-01-06,control,DE,organic
10848,2025-01-02,control,Other,organic
10849,2025-06-16,control,Other,organic
10850,2025-06-18,control,DE,paid
10851,2025-01-25,treatment,US,paid
10852,2025-04-27,treatment,Other,partner
10853,2025-06-17,control,US,referral
10854,2025-06-22,treatment,Other,referral
10855,2025-02-23,treatment,DE,partner
10856,2025-05-28,control,GB,referral
10857,2025-04-27,control,DE,organic
10858,2025-06-17,treatment,GB,organic
10859,2025-01-27,control,IN,organic
10860,2025-04-19,treatment,BR,organic
10861,2025-01-05,treatment,US,referral
10862,2025-03-06,treatment,BR,paid
10863,2025-01-03,control,DE,referral
10864,2025-03-22,control,Other,organic
10865,2025-05-27,treatment,Other,partner
10866,2025-04-30,control,IN,organic
10867,2025-02-27,control,Other,organic
10868,2025-03-19,treatment,GB,partner
10869,2025-03-08,control,US,organic
10870,2025-05-13,treatment,US,paid
10871,2025-02-18,treatment,PK,organic
10872,2025-01-17,treatment,GB,referral
10873,2025-04-02,control,Other,paid
10874,2025-05-31,treatment,DE,referral
10875,2025-03-28,treatment,US,paid
10876,2025-02-06,control,BR,paid
10877,2025-01-09,treatment,BR,paid
10878,2025-06-20,control,DE,paid
10879,2025-05-18,control,PK,paid
10880,2025-01-29,treatment,IN,organic
10881,2025-01-14,control,GB,referral
10882,2025-01-24,control,IN,organic
10883,2025-03-10,treatment,GB,organic
10884,2025-05-27,control,PK,paid
10885,2025-01-29,treatment,GB,paid
10886,2025-05-29,control,IN,paid
10887,2025-01-01,treatment,DE,partner
10888,2025-05-14,treatment,US,paid
10889,2025-02-21,control,IN,partner
10890,2025-06-23,treatment,GB,paid
10891,2025-03-28,control,IN,organic
10892,2025-02-18,control,BR,paid
10893,2025-02-13,control,US,organic
10894,2025-05-30,control,US,partner
10895,2025-03-14,control,IN,organic
10896,2025-03-05,treatment,DE,organic
10897,2025-05-14,treatment,DE,paid
10898,2025-04-08,treatment,US,organic
10899,2025-05-01,treatment,GB,organic
10900,2025-03-22,control,IN,organic
10901,2025-01-12,control,Other,referral
10902,2025-01-02,control,BR,organic
10903,2025-01-08,treatment,BR,paid
10904,2025-04-14,treatment,DE,paid
10905,2025-04-03,control,IN,partner
10906,2025-05-16,control,PK,partner
10907,2025-06-11,control,US,partner
10908,2025-02-01,treatment,IN,organic
10909,2025-06-23,control,US,paid
10910,2025-06-18,treatment,US,referral
10911,2025-04-22,control,US,organic
10912,2025-04-07,control,US,organic
10913,2025-02-01,control,GB,partner
10914,2025-02-02,treatment,US,organic
10915,2025-01-04,treatment,US,organic
10916,2025-04-27,control,US,organic
10917,2025-03-20,control,US,organic
10918,2025-02-04,control,GB,partner
10919,2025-01-25,control,PK,organic
10920,2025-01-12,control,BR,organic
10921,2025-04-27,control,US,organic
10922,2025-05-05,treatment,GB,paid
10923,2025-04-25,treatment,DE,referral
10924,2025-01-21,treatment,US,paid
10925,2025-01-08,treatment,GB,paid
10926,2025-01-20,treatment,GB,paid
10927,2025-05-17,treatment,DE,organic
10928,2025-05-14,control,IN,organic
10929,2025-02-23,control,DE,partner
10930,2025-01-10,control,US,referral
10931,2025-02-27,treatment,US,organic
10932,2025-05-27,control,Other,referral
10933,2025-01-26,control,IN,referral
10934,2025-05-25,treatment,IN,referral
10935,2025-03-25,treatment,Other,referral
10936,2025-01-26,treatment,BR,partner
10937,2025-06-19,treatment,US,organic
10938,2025-04-04,treatment,IN,organic
10939,2025-05-02,treatment,US,partner
10940,2025-01-18,control,IN,paid
10941,2025-03-09,treatment,DE,paid
10942,2025-04-25,treatment,US,organic
10943,2025-04-27,control,US,organic
10944,2025-01-12,treatment,GB,partner
10945,2025-04-20,treatment,BR,organic
10946,2025-06-20,treatment,US,paid
10947,2025-05-23,treatment,US,organic
10948,2025-02-07,control,GB,partner
10949,2025-06-15,control,PK,organic
10950,2025-05-04,control,PK,partner
10951,2025-01-11,treatment,IN,organic
10952,2025-01-24,treatment,DE,partner
10953,2025-06-16,treatment,DE,organic
10954,2025-02-07,treatment,US,referral
10955,2025-01-18,treatment,US,paid
10956,2025-03-23,control,US,organic
10957,2025-04-06,control,Other,organic
10958,2025-04-14,control,DE,referral
10959,2025-04-30,treatment,US,paid
10960,2025-06-30,control,BR,organic
10961,2025-05-18,treatment,US,organic
10962,2025-01-05,treatment,DE,referral
10963,2025-01-17,control,IN,paid
10964,2025-01-01,treatment,PK,paid
10965,2025-03-13,treatment,IN,paid
10966,2025-03-05,treatment,Other,organic
10967,2025-06-18,control,US,organic
10968,2025-03-08,control,IN,organic
10969,2025-01-06,control,Other,partner
10970,2025-06-09,treatment,GB,organic
10971,2025-02-17,treatment,PK,paid
10972,2025-06-15,treatment,Other,organic
10973,2025-05-21,treatment,IN,organic
10974,2025-06-09,control,US,paid
10975,2025-05-29,treatment,US,paid
10976,2025-01-26,control,IN,referral
10977,2025-04-24,control,Other,organic
10978,2025-03-16,treatment,US,referral
10979,2025-04-24,treatment,GB,partner
10980,2025-05-16,treatment,US,partner
10981,2025-04-01,treatment,DE,organic
10982,2025-02-26,control,IN,paid
10983,2025-06-15,control,BR,partner
10984,2025-05-01,control,BR,referral
10985,2025-06-10,treatment,IN,organic
10986,2025-02-12,control,BR,referral
10987,2025-06-01,control,IN,referral
10988,2025-02-28,control,US,referral
10989,2025-03-25,treatment,US,organic
10990,2025-06-05,treatment,PK,paid
10991,2025-03-06,control,DE,paid
10992,2025-02-15,control,GB,organic
10993,2025-06-15,treatment,DE,referral
10994,2025-06-24,treatment,IN,organic
10995,2025-02-26,control,US,organic
10996,2025-02-25,control,BR,referral
10997,2025-02-11,treatment,US,organic
10998,2025-01-05,treatment,Other,organic
10999,2025-04-11,control,BR,referral
11000,2025-02-16,treatment,PK,referral
11001,2025-06-03,treatment,IN,referral
11002,2025-01-31,control,PK,organic
11003,2025-04-25,control,GB,paid
11004,2025-04-02,treatment,US,organic
11005,2025-04-21,treatment,Other,organic
11006,2025-01-21,control,Other,organic
11007,2025-03-26,treatment,Other,paid
11008,2025-04-24,control,Other,paid
11009,2025-03-03,treatment,BR,organic
11010,2025-06-08,control,BR,referral
11011,2025-04-06,control,PK,partner
11012,2025-03-07,control,US,organic
11013,2025-01-06,treatment,PK,referral
11014,2025-01-31,treatment,PK,paid
11015,2025-03-28,treatment,BR,paid
11016,2025-03-14,control,GB,paid
11017,2025-06-07,treatment,IN,paid
11018,2025-05-23,control,Other,organic
11019,2025-01-29,treatment,US,paid
11020,2025-04-18,control,GB,organic
11021,2025-03-24,treatment,IN,organic
11022,2025-01-19,control,PK,paid
11023,2025-05-01,control,IN,organic
11024,2025-04-08,treatment,BR,paid
11025,2025-01-16,control,US,paid
11026,2025-03-26,control,DE,organic
11027,2025-05-13,treatment,Other,referral
11028,2025-03-01,control,GB,organic
11029,2025-03-06,treatment,GB,paid
11030,2025-01-20,treatment,GB,organic
11031,2025-02-06,treatment,GB,organic
11032,2025-06-27,control,DE,referral
11033,2025-04-23,treatment,IN,partner
11034,2025-02-01,treatment,DE,organic
11035,2025-03-29,control,IN,organic
11036,2025-02-04,treatment,DE,paid
11037,2025-03-22,treatment,Other,organic
11038,2025-01-27,control,US,referral
11039,2025-04-23,control,US,organic
11040,2025-04-14,treatment,DE,organic
11041,2025-04-25,control,Other,organic
11042,2025-03-22,treatment,IN,organic
11043,2025-02-21,control,IN,referral
11044,2025-02-15,control,GB,paid
11045,2025-02-08,treatment,GB,organic
11046,2025-03-19,treatment,Other,organic
11047,2025-03-23,control,DE,organic
11048,2025-05-02,treatment,IN,paid
11049,2025-01-10,control,PK,paid
11050,2025-02-20,control,IN,organic
11051,2025-06-04,treatment,US,referral
11052,2025-06-15,control,GB,paid
11053,2025-06-18,treatment,US,partner
11054,2025-02-25,control,Other,paid
11055,2025-01-25,control,PK,organic
11056,2025-02-05,control,DE,organic
11057,2025-01-24,treatment,Other,partner
11058,2025-06-22,treatment,US,organic
11059,2025-06-09,control,US,organic
11060,2025-05-27,control,US,paid
11061,2025-05-13,treatment,Other,paid
11062,2025-03-04,control,US,paid
11063,2025-03-28,treatment,US,paid
11064,2025-06-02,treatment,US,organic
11065,2025-05-28,treatment,DE,paid
11066,2025-04-04,control,DE,referral
11067,2025-06-01,control,US,organic
11068,2025-03-04,control,PK,organic
11069,2025-03-16,control,Other,partner
11070,2025-06-01,control,GB,organic
11071,2025-03-10,treatment,Other,paid
11072,2025-05-17,control,PK,organic
11073,2025-03-24,control,Other,paid
11074,2025-02-23,control,US,paid
11075,2025-02-09,control,PK,referral
11076,2025-04-20,treatment,BR,organic
11077,2025-03-28,control,US,organic
11078,2025-03-08,treatment,IN,paid
11079,2025-05-15,treatment,US,organic
11080,2025-01-01,control,PK,paid
11081,2025-01-17,treatment,IN,paid
11082,2025-06-24,control,DE,referral
11083,2025-05-01,control,US,organic
11084,2025-04-10,treatment,Other,organic
11085,2025-01-03,treatment,US,referral
11086,2025-04-19,control,PK,paid
11087,2025-03-20,control,IN,organic
11088,2025-04-19,control,US,partner
11089,2025-01-08,treatment,BR,paid
11090,2025-04-10,treatment,Other,paid
11091,2025-04-15,control,Other,referral
11092,2025-02-22,treatment,US,paid
11093,2025-01-10,treatment,US,organic
11094,2025-06-25,control,US,organic
11095,2025-05-09,treatment,IN,paid
11096,2025-04-23,treatment,US,paid
11097,2025-05-19,control,US,paid
11098,2025-05-02,treatment,GB,paid
11099,2025-01-25,treatment,Other,organic
11100,2025-03-24,treatment,GB,paid
11101,2025-06-10,control,IN,organic
11102,2025-02-22,treatment,US,referral
11103,2025-06-25,treatment,IN,paid
11104,2025-01-12,treatment,BR,paid
11105,2025-03-01,control,Other,paid
11106,2025-03-05,treatment,IN,organic
11107,2025-04-22,treatment,US,paid
11108,2025-02-01,control,DE,organic
11109,2025-02-11,control,US,paid
11110,2025-04-30,treatment,US,organic
11111,2025-02-21,treatment,Other,paid
11112,2025-06-09,treatment,DE,organic
11113,2025-06-07,control,Other,organic
11114,2025-02-24,treatment,US,paid
11115,2025-04-12,control,Other,paid
11116,2025-03-02,treatment,Other,organic
11117,2025-03-04,control,IN,paid
11118,2025-05-02,control,US,referral
11119,2025-02-23,treatment,Other,paid
11120,2025-01-28,treatment,Other,paid
11121,2025-02-16,control,US,organic
11122,2025-06-18,control,Other,organic
11123,2025-02-16,treatment,Other,organic
11124,2025-03-07,treatment,US,partner
11125,2025-04-24,control,GB,organic
11126,2025-01-19,treatment,GB,organic
11127,2025-02-18,control,DE,organic
11128,2025-02-01,treatment,Other,referral
11129,2025-06-17,control,Other,organic
11130,2025-06-18,control,US,referral
11131,2025-05-17,treatment,BR,organic
11132,2025-02-14,control,BR,referral
11133,2025-04-22,treatment,DE,referral
11134,2025-04-30,control,IN,organic
11135,2025-06-07,control,IN,partner
11136,2025-01-29,treatment,US,partner
11137,2025-05-14,treatment,GB,organic
11138,2025-02-05,control,Other,paid
11139,2025-04-13,treatment,GB,paid
11140,2025-06-09,control,DE,referral
11141,2025-01-12,treatment,Other,paid
11142,2025-01-27,control,Other,paid
11143,2025-05-28,treatment,IN,organic
11144,2025-01-04,control,GB,referral
11145,2025-05-05,treatment,IN,organic
11146,2025-04-01,treatment,IN,paid
11147,2025-03-04,treatment,DE,organic
11148,2025-06-06,control,US,referral
11149,2025-06-03,control,GB,referral
11150,2025-03-01,control,BR,organic
11151,2025-01-01,treatment,Other,referral
11152,2025-01-24,control,IN,referral
11153,2025-01-20,treatment,US,organic
11154,2025-06-27,control,GB,organic
11155,2025-04-19,treatment,BR,organic
11156,2025-05-03,treatment,DE,organic
11157,2025-02-11,treatment,US,referral
11158,2025-06-03,treatment,Other,organic
11159,2025-05-11,treatment,Other,paid
11160,2025-05-17,treatment,Other,organic
11161,2025-03-26,treatment,DE,organic
11162,2025-05-07,treatment,PK,paid
11163,2025-04-09,control,IN,organic
11164,2025-03-11,control,BR,referral
11165,2025-04-18,treatment,US,organic
11166,2025-02-28,treatment,US,paid
11167,2025-06-22,control,US,paid
11168,2025-05-10,control,Other,paid
11169,2025-05-14,treatment,IN,paid
11170,2025-05-10,control,Other,organic
11171,2025-03-23,treatment,BR,referral
11172,2025-06-22,treatment,US,paid
11173,2025-02-07,control,DE,referral
11174,2025-04-13,control,US,organic
11175,2025-01-13,control,Other,organic
11176,2025-02-23,control,US,organic
11177,2025-04-14,treatment,US,organic
11178,2025-03-30,treatment,BR,organic
11179,2025-06-20,treatment,PK,organic
11180,2025-04-22,control,BR,organic
11181,2025-03-16,treatment,US,organic
11182,2025-03-19,control,IN,organic
11183,2025-04-21,treatment,US,referral
11184,2025-05-24,control,IN,partner
11185,2025-02-20,treatment,IN,organic
11186,2025-04-16,treatment,US,organic
11187,2025-04-15,control,DE,organic
11188,2025-01-02,treatment,US,referral
11189,2025-06-15,control,GB,partner
11190,2025-04-14,control,IN,organic
11191,2025-02-13,treatment,GB,organic
11192,2025-04-25,treatment,US,organic
11193,2025-05-03,control,IN,organic
11194,2025-06-15,control,IN,organic
11195,2025-01-07,control,Other,paid
11196,2025-03-16,treatment,Other,organic
11197,2025-02-02,treatment,DE,organic
11198,2025-04-14,control,DE,paid
11199,2025-04-01,control,BR,referral
11200,2025-03-27,treatment,PK,organic
11201,2025-06-27,treatment,DE,referral
11202,2025-04-07,control,Other,organic
11203,2025-03-16,treatment,IN,organic
11204,2025-01-13,control,GB,organic
11205,2025-02-22,control,PK,organic
11206,2025-06-12,treatment,US,organic
11207,2025-03-23,treatment,Other,paid
11208,2025-06-14,control,GB,referral
11209,2025-04-07,treatment,IN,organic
11210,2025-04-10,treatment,IN,organic
11211,2025-03-19,treatment,US,organic
11212,2025-04-11,treatment,IN,organic
11213,2025-01-13,treatment,GB,referral
11214,2025-01-11,treatment,GB,organic
11215,2025-03-28,control,US,paid
11216,2025-04-19,treatment,PK,paid
11217,2025-04-10,control,Other,referral
11218,2025-03-19,treatment,US,organic
11219,2025-02-23,control,PK,organic
11220,2025-05-09,control,Other,organic
11221,2025-04-20,treatment,US,paid
11222,2025-01-09,control,Other,paid
11223,2025-03-23,control,US,paid
11224,2025-05-09,control,PK,organic
11225,2025-05-22,treatment,BR,organic
11226,2025-02-21,control,Other,paid
11227,2025-06-17,control,GB,organic
11228,2025-04-28,treatment,GB,partner
11229,2025-03-21,treatment,PK,referral
11230,2025-04-24,treatment,IN,organic
11231,2025-06-07,control,IN,paid
11232,2025-02-11,treatment,IN,organic
11233,2025-01-28,treatment,IN,partner
11234,2025-03-21,treatment,US,paid
11235,2025-01-16,treatment,US,organic
11236,2025-06-01,control,US,paid
11237,2025-06-25,treatment,US,organic
11238,2025-04-20,treatment,PK,organic
11239,2025-06-27,control,GB,organic
11240,2025-01-13,control,DE,organic
11241,2025-04-25,control,US,organic
11242,2025-03-22,treatment,Other,partner
11243,2025-02-20,control,US,paid
11244,2025-02-26,treatment,US,referral
11245,2025-04-09,treatment,PK,organic
11246,2025-04-27,control,US,referral
11247,2025-01-30,control,PK,paid
11248,2025-04-22,control,GB,paid
11249,2025-06-17,control,IN,referral
11250,2025-01-02,treatment,US,paid
11251,2025-06-08,treatment,GB,paid
11252,2025-04-20,treatment,DE,referral
11253,2025-03-03,treatment,IN,organic
11254,2025-05-14,control,PK,organic
11255,2025-04-22,treatment,US,partner
11256,2025-05-20,control,IN,referral
11257,2025-01-15,control,US,paid
11258,2025-01-11,control,PK,referral
11259,2025-04-27,control,Other,referral
11260,2025-02-24,treatment,US,paid
11261,2025-02-13,treatment,US,organic
11262,2025-03-18,control,PK,paid
11263,2025-05-12,control,Other,organic
11264,2025-02-02,treatment,IN,organic
11265,2025-06-26,treatment,DE,partner
11266,2025-03-18,treatment,IN,paid
11267,2025-01-28,control,GB,referral
11268,2025-01-13,control,Other,paid
11269,2025-06-05,treatment,PK,organic
11270,2025-01-21,treatment,Other,paid
11271,2025-03-17,control,Other,paid
11272,2025-05-02,control,Other,paid
11273,2025-04-03,control,US,organic
11274,2025-02-17,treatment,Other,referral
11275,2025-01-20,control,US,organic
11276,2025-05-09,treatment,GB,organic
11277,2025-03-30,treatment,GB,paid
11278,2025-01-09,control,US,partner
11279,2025-02-02,control,DE,organic
11280,2025-04-12,control,BR,organic
11281,2025-01-31,control,US,partner
11282,2025-03-12,treatment,GB,partner
11283,2025-01-23,treatment,GB,organic
11284,2025-05-25,control,IN,referral
11285,2025-04-25,treatment,BR,partner
11286,2025-05-22,control,IN,organic
11287,2025-01-10,treatment,PK,referral
11288,2025-03-09,treatment,IN,organic
11289,2025-02-18,control,US,referral
11290,2025-04-23,treatment,BR,organic
11291,2025-05-29,treatment,DE,paid
11292,2025-02-11,control,US,referral
11293,2025-05-20,treatment,Other,organic
11294,2025-04-16,control,US,referral
11295,2025-05-30,control,Other,organic
11296,2025-01-15,treatment,US,organic
11297,2025-06-29,control,IN,partner
11298,2025-03-20,control,GB,partner
11299,2025-02-20,control,Other,paid
11300,2025-02-03,control,PK,referral
11301,2025-06-28,control,US,organic
11302,2025-06-09,control,US,paid
11303,2025-01-24,treatment,IN,referral
11304,2025-03-22,control,US,referral
11305,2025-05-13,treatment,US,organic
11306,2025-04-17,treatment,Other,organic
11307,2025-02-04,control,IN,paid
11308,2025-03-07,treatment,US,organic
11309,2025-03-08,treatment,DE,referral
11310,2025-02-22,treatment,US,organic
11311,2025-06-23,treatment,PK,paid
11312,2025-02-06,control,US,organic
11313,2025-05-08,control,GB,paid
11314,2025-06-15,treatment,US,partner
11315,2025-05-24,treatment,Other,paid
11316,2025-05-25,treatment,US,partner
11317,2025-01-29,treatment,IN,organic
11318,2025-01-25,control,DE,organic
11319,2025-05-22,control,PK,referral
11320,2025-05-16,treatment,US,organic
11321,2025-05-15,control,Other,organic
11322,2025-03-17,treatment,Other,paid
11323,2025-04-05,treatment,US,organic
11324,2025-01-03,control,US,referral
11325,2025-02-22,control,Other,paid
11326,2025-04-06,treatment,DE,organic
11327,2025-01-23,treatment,PK,organic
11328,2025-01-24,treatment,PK,organic
11329,2025-01-09,control,GB,paid
11330,2025-02-07,control,US,organic
11331,2025-06-29,control,GB,referral
11332,2025-05-06,control,BR,organic
11333,2025-06-21,control,DE,organic
11334,2025-02-16,treatment,IN,paid
11335,2025-04-19,control,BR,organic
11336,2025-06-11,treatment,PK,paid
11337,2025-03-05,treatment,US,paid
11338,2025-04-29,treatment,DE,organic
11339,2025-05-06,treatment,US,paid
11340,2025-05-31,control,US,partner
11341,2025-06-25,treatment,GB,organic
11342,2025-04-22,control,Other,paid
11343,2025-04-16,control,GB,organic
11344,2025-06-07,treatment,US,referral
11345,2025-05-04,control,IN,organic
11346,2025-03-07,control,IN,organic
11347,2025-04-25,treatment,DE,organic
11348,2025-04-10,control,GB,paid
11349,2025-02-11,control,GB,organic
11350,2025-04-04,control,US,referral
11351,2025-04-23,control,GB,organic
11352,2025-06-13,treatment,US,partner
11353,2025-04-16,treatment,IN,partner
11354,2025-01-30,control,Other,referral
11355,2025-06-28,treatment,US,paid
11356,2025-04-15,treatment,US,paid
11357,2025-02-21,treatment,Other,referral
11358,2025-05-17,treatment,BR,organic
11359,2025-03-11,treatment,IN,referral
11360,2025-03-08,treatment,Other,paid
11361,2025-06-01,treatment,IN,referral
11362,2025-06-07,control,IN,paid
11363,2025-04-05,control,GB,paid
11364,2025-03-09,control,Other,organic
11365,2025-06-06,treatment,IN,organic
11366,2025-02-01,control,US,organic
11367,2025-05-16,treatment,BR,paid
11368,2025-04-16,control,US,organic
11369,2025-06-04,treatment,BR,partner
11370,2025-03-18,control,US,referral
11371,2025-05-31,control,IN,referral
11372,2025-01-03,control,DE,partner
11373,2025-05-18,treatment,BR,organic
11374,2025-01-13,control,IN,referral
11375,2025-04-27,control,US,organic
11376,2025-02-05,treatment,GB,organic
11377,2025-06-24,treatment,DE,organic
11378,2025-05-20,treatment,BR,organic
11379,2025-01-19,treatment,Other,organic
11380,2025-06-11,control,GB,organic
11381,2025-02-15,treatment,BR,partner
11382,2025-04-09,control,Other,organic
11383,2025-01-16,treatment,IN,partner
11384,2025-01-20,treatment,GB,referral
11385,2025-02-13,control,DE,referral
11386,2025-04-07,control,Other,referral
11387,2025-04-09,treatment,DE,partner
11388,2025-06-04,treatment,US,organic
11389,2025-01-30,treatment,BR,paid
11390,2025-05-16,treatment,US,organic
11391,2025-01-02,treatment,BR,organic
11392,2025-02-22,control,Other,organic
11393,2025-02-01,treatment,Other,paid
11394,2025-01-23,control,IN,partner
11395,2025-04-16,treatment,Other,organic
11396,2025-06-13,treatment,PK,partner
11397,2025-05-01,control,Other,organic
11398,2025-06-04,treatment,Other,paid
11399,2025-04-18,treatment,Other,organic
11400,2025-01-10,control,US,partner
11401,2025-03-04,treatment,US,paid
11402,2025-05-30,treatment,US,organic
11403,2025-01-09,control,IN,partner
11404,2025-01-18,control,Other,organic
11405,2025-05-31,control,Other,partner
11406,2025-01-12,treatment,Other,organic
11407,2025-06-23,control,PK,organic
11408,2025-05-18,control,BR,organic
11409,2025-05-01,treatment,DE,paid
11410,2025-04-08,treatment,IN,referral
11411,2025-01-17,treatment,US,paid
11412,2025-03-17,treatment,PK,organic
11413,2025-05-27,control,IN,organic
11414,2025-06-13,control,US,paid
11415,2025-03-22,treatment,IN,organic
11416,2025-06-01,control,BR,organic
11417,2025-05-21,control,PK,paid
11418,2025-01-11,treatment,PK,paid
11419,2025-04-23,control,US,paid
11420,2025-04-22,treatment,PK,organic
11421,2025-04-09,treatment,US,partner
11422,2025-05-20,treatment,GB,referral
11423,2025-06-10,control,DE,referral
11424,2025-04-10,control,PK,referral
11425,2025-02-27,treatment,Other,paid
11426,2025-06-27,treatment,US,partner
11427,2025-06-24,control,IN,organic
11428,2025-05-05,control,Other,organic
11429,2025-04-26,treatment,Other,referral
11430,2025-01-19,control,US,referral
11431,2025-03-14,control,US,organic
11432,2025-02-05,control,DE,referral
11433,2025-04-04,control,Other,paid
11434,2025-05-30,control,GB,organic
11435,2025-02-10,control,BR,partner
11436,2025-06-30,treatment,Other,paid
11437,2025-01-24,control,DE,referral
11438,2025-01-18,control,IN,referral
11439,2025-06-26,control,Other,organic
11440,2025-01-19,treatment,GB,referral
11441,2025-05-14,control,US,organic
11442,2025-05-19,control,GB,referral
11443,2025-03-01,treatment,IN,referral
11444,2025-01-12,treatment,US,paid
11445,2025-02-25,treatment,US,partner
11446,2025-01-13,control,US,paid
11447,2025-05-02,control,BR,organic
11448,2025-06-10,control,PK,paid
11449,2025-06-30,treatment,BR,paid
11450,2025-05-25,control,PK,organic
11451,2025-05-21,control,Other,organic
11452,2025-06-09,control,IN,paid
11453,2025-05-20,treatment,IN,referral
11454,2025-04-28,control,US,paid
11455,2025-06-30,control,DE,referral
11456,2025-02-28,treatment,US,paid
11457,2025-03-16,treatment,BR,partner
11458,2025-06-14,treatment,Other,referral
11459,2025-02-26,treatment,GB,organic
11460,2025-02-24,control,US,organic
11461,2025-01-28,treatment,PK,partner
11462,2025-02-19,control,Other,partner
11463,2025-04-18,treatment,PK,organic
11464,2025-06-10,control,US,referral
11465,2025-01-25,treatment,BR,partner
11466,2025-05-04,treatment,DE,organic
11467,2025-05-19,control,IN,paid
11468,2025-06-12,control,IN,referral
11469,2025-05-16,treatment,PK,organic
11470,2025-01-29,control,US,referral
11471,2025-03-30,treatment,Other,organic
11472,2025-06-22,control,US,paid
11473,2025-06-14,treatment,US,organic
11474,2025-04-21,treatment,PK,paid
11475,2025-06-24,control,DE,organic
11476,2025-05-01,treatment,DE,paid
11477,2025-01-12,treatment,GB,organic
11478,2025-06-15,treatment,US,organic
11479,2025-01-31,treatment,US,referral
11480,2025-03-10,treatment,IN,organic
11481,2025-02-13,control,US,organic
11482,2025-05-11,control,Other,organic
11483,2025-01-06,control,PK,paid
11484,2025-04-26,treatment,PK,organic
11485,2025-06-06,treatment,Other,paid
11486,2025-05-23,control,IN,paid
11487,2025-02-25,treatment,DE,organic
11488,2025-06-12,control,Other,organic
11489,2025-03-07,treatment,DE,organic
11490,2025-05-04,treatment,US,referral
11491,2025-04-02,treatment,BR,organic
11492,2025-01-13,treatment,US,paid
11493,2025-01-01,treatment,IN,partner
11494,2025-02-03,control,Other,organic
11495,2025-06-19,treatment,IN,organic
11496,2025-06-22,control,US,referral
11497,2025-03-16,treatment,US,partner
11498,2025-06-25,treatment,GB,organic
11499,2025-01-09,control,US,paid
11500,2025-06-25,control,BR,paid
11501,2025-02-11,control,PK,organic
11502,2025-01-07,treatment,IN,paid
11503,2025-05-18,control,IN,paid
11504,2025-03-11,treatment,DE,partner
11505,2025-02-22,control,US,paid
11506,2025-05-18,treatment,IN,paid
11507,2025-03-02,treatment,DE,paid
11508,2025-05-17,control,GB,organic
11509,2025-02-05,treatment,IN,paid
11510,2025-01-16,control,GB,organic
11511,2025-02-28,treatment,US,paid
11512,2025-04-21,control,DE,paid
11513,2025-02-10,treatment,GB,referral
11514,2025-01-26,control,IN,referral
11515,2025-05-16,treatment,US,organic
11516,2025-03-31,control,Other,paid
11517,2025-03-20,treatment,DE,organic
11518,2025-02-13,control,US,organic
11519,2025-01-04,control,US,organic
11520,2025-01-10,treatment,Other,organic
11521,2025-05-04,control,BR,referral
11522,2025-01-15,control,IN,partner
11523,2025-02-14,treatment,Other,paid
11524,2025-06-14,control,GB,organic
11525,2025-03-04,treatment,BR,organic
11526,2025-05-15,control,IN,organic
11527,2025-03-04,treatment,PK,referral
11528,2025-06-18,treatment,DE,organic
11529,2025-05-29,control,Other,referral
11530,2025-03-27,control,IN,organic
11531,2025-05-04,treatment,Other,paid
11532,2025-03-16,treatment,US,paid
11533,2025-06-20,control,DE,organic
11534,2025-03-06,control,US,paid
11535,2025-06-01,control,Other,referral
11536,2025-04-22,treatment,US,organic
11537,2025-04-27,treatment,IN,organic
11538,2025-03-05,control,US,paid
11539,2025-05-31,treatment,US,partner
11540,2025-05-16,treatment,GB,partner
11541,2025-05-28,treatment,PK,organic
11542,2025-05-26,control,US,referral
11543,2025-01-29,control,PK,referral
11544,2025-06-08,control,PK,referral
11545,2025-06-02,treatment,Other,organic
11546,2025-02-13,control,IN,partner
11547,2025-06-27,control,IN,referral
11548,2025-04-06,treatment,IN,paid
11549,2025-02-28,treatment,US,organic
11550,2025-02-10,control,BR,organic
11551,2025-03-08,control,Other,organic
11552,2025-01-07,control,US,referral
11553,2025-05-06,control,US,referral
11554,2025-05-09,control,IN,partner
11555,2025-05-01,control,PK,organic
11556,2025-04-10,control,GB,partner
11557,2025-03-07,treatment,Other,referral
11558,2025-05-12,treatment,GB,organic
11559,2025-06-07,control,DE,organic
11560,2025-01-16,treatment,Other,referral
11561,2025-03-11,control,DE,paid
11562,2025-06-30,treatment,BR,organic
11563,2025-06-06,treatment,Other,referral
11564,2025-06-29,treatment,US,organic
11565,2025-02-03,treatment,US,paid
11566,2025-03-26,control,Other,partner
11567,2025-01-24,control,BR,organic
11568,2025-06-06,control,Other,organic
11569,2025-04-04,control,Other,paid
11570,2025-02-14,treatment,BR,paid
11571,2025-01-17,control,DE,organic
11572,2025-05-14,control,DE,paid
11573,2025-05-27,treatment,US,paid
11574,2025-06-09,treatment,DE,referral
11575,2025-06-25,treatment,PK,paid
11576,2025-05-28,treatment,Other,organic
11577,2025-05-23,treatment,Other,organic
11578,2025-05-27,control,Other,organic
11579,2025-06-30,treatment,US,organic
11580,2025-03-25,control,BR,organic
11581,2025-05-18,control,US,referral
11582,2025-05-29,treatment,IN,referral
11583,2025-01-22,control,Other,organic
11584,2025-05-06,control,Other,referral
11585,2025-03-03,control,Other,paid
11586,2025-01-24,treatment,GB,paid
11587,2025-01-31,treatment,BR,referral
11588,2025-01-21,control,GB,organic
11589,2025-06-12,treatment,BR,paid
11590,2025-05-20,control,GB,organic
11591,2025-01-19,treatment,PK,partner
11592,2025-04-24,control,DE,organic
11593,2025-04-30,control,IN,paid
11594,2025-04-05,treatment,Other,organic
11595,2025-04-20,treatment,GB,organic
11596,2025-06-14,control,IN,organic
11597,2025-04-04,control,PK,referral
11598,2025-04-30,treatment,Other,organic
11599,2025-04-14,control,US,organic
11600,2025-03-13,control,IN,organic
11601,2025-06-11,treatment,DE,organic
11602,2025-03-16,control,GB,organic
11603,2025-05-25,control,US,paid
11604,2025-04-20,control,BR,organic
11605,2025-05-04,control,GB,partner
11606,2025-05-18,treatment,IN,paid
11607,2025-05-14,treatment,GB,organic
11608,2025-04-13,control,US,referral
11609,2025-04-22,treatment,IN,organic
11610,2025-04-03,control,US,referral
11611,2025-03-03,control,US,organic
11612,2025-05-12,treatment,US,organic
11613,2025-06-09,control,GB,partner
11614,2025-05-08,treatment,DE,paid
11615,2025-05-20,control,PK,referral
11616,2025-05-31,treatment,IN,organic
11617,2025-03-08,treatment,US,paid
11618,2025-01-12,control,US,organic
11619,2025-03-03,treatment,PK,organic
11620,2025-05-17,control,US,referral
11621,2025-05-28,control,US,organic
11622,2025-04-03,control,US,paid
11623,2025-05-21,treatment,IN,organic
11624,2025-01-14,treatment,IN,paid
11625,2025-04-27,treatment,GB,organic
11626,2025-05-03,treatment,US,organic
11627,2025-04-02,control,PK,paid
11628,2025-05-10,treatment,US,paid
11629,2025-03-30,treatment,DE,partner
11630,2025-04-05,treatment,PK,organic
11631,2025-04-20,treatment,US,paid
11632,2025-05-24,treatment,GB,organic
11633,2025-02-15,control,IN,paid
11634,2025-02-24,treatment,IN,organic
11635,2025-03-17,treatment,DE,organic
11636,2025-02-06,treatment,DE,paid
11637,2025-03-02,control,DE,organic
11638,2025-03-05,control,DE,organic
11639,2025-02-26,treatment,GB,referral
11640,2025-03-16,treatment,US,referral
11641,2025-04-02,treatment,GB,paid
11642,2025-05-06,treatment,DE,organic
11643,2025-02-24,treatment,GB,organic
11644,2025-06-03,treatment,BR,organic
11645,2025-03-28,control,IN,paid
11646,2025-05-11,control,Other,referral
11647,2025-01-21,treatment,IN,organic
11648,2025-02-01,control,IN,organic
11649,2025-03-24,control,US,organic
11650,2025-03-08,treatment,IN,paid
11651,2025-03-31,control,BR,organic
11652,2025-01-29,treatment,Other,paid
11653,2025-03-27,control,Other,paid
11654,2025-05-05,treatment,US,organic
11655,2025-05-12,control,Other,referral
11656,2025-02-14,treatment,IN,referral
11657,2025-03-04,treatment,IN,paid
11658,2025-04-06,control,DE,organic
11659,2025-04-04,control,GB,organic
11660,2025-05-24,control,PK,organic
11661,2025-03-12,control,US,paid
11662,2025-05-02,control,BR,organic
11663,2025-06-09,control,US,referral
11664,2025-02-24,treatment,US,organic
11665,2025-05-29,control,IN,paid
11666,2025-03-02,control,IN,partner
11667,2025-03-02,control,Other,paid
11668,2025-04-29,control,IN,organic
11669,2025-04-23,treatment,IN,partner
11670,2025-04-10,treatment,Other,paid
11671,2025-02-11,treatment,BR,paid
11672,2025-01-18,control,IN,organic
11673,2025-06-14,control,Other,paid
11674,2025-06-08,control,IN,referral
11675,2025-06-10,treatment,IN,paid
11676,2025-04-03,control,BR,organic
11677,2025-06-10,treatment,BR,partner
11678,2025-03-27,treatment,IN,paid
11679,2025-01-14,treatment,IN,referral
11680,2025-02-05,treatment,BR,organic
11681,2025-02-19,treatment,US,paid
11682,2025-03-10,control,US,partner
11683,2025-06-19,control,DE,paid
11684,2025-03-02,treatment,US,organic
11685,2025-04-21,treatment,DE,paid
11686,2025-02-19,control,US,organic
11687,2025-04-27,control,US,organic
11688,2025-04-13,control,PK,organic
11689,2025-01-28,treatment,BR,organic
11690,2025-03-25,control,PK,organic
11691,2025-01-20,control,US,paid
11692,2025-06-10,control,GB,paid
11693,2025-05-08,treatment,US,organic
11694,2025-06-20,treatment,US,paid
11695,2025-06-08,control,US,paid
11696,2025-02-09,treatment,BR,partner
11697,2025-05-09,control,US,referral
11698,2025-01-19,treatment,PK,partner
11699,2025-06-23,treatment,BR,referral
11700,2025-05-23,control,US,paid
11701,2025-05-04,treatment,PK,organic
11702,2025-06-30,treatment,BR,referral
11703,2025-06-03,control,GB,referral
11704,2025-06-06,control,BR,organic
11705,2025-01-19,treatment,IN,organic
11706,2025-01-05,control,BR,paid
11707,2025-06-23,treatment,Other,organic
11708,2025-02-15,control,GB,partner
11709,2025-03-19,treatment,DE,organic
11710,2025-01-08,treatment,Other,organic
11711,2025-04-23,treatment,IN,organic
11712,2025-05-29,control,Other,paid
11713,2025-06-02,treatment,PK,paid
11714,2025-04-16,treatment,BR,paid
11715,2025-04-30,treatment,IN,organic
11716,2025-04-03,treatment,DE,partner
11717,2025-03-22,control,US,organic
11718,2025-04-11,treatment,DE,organic
11719,2025-06-19,control,GB,organic
11720,2025-02-15,control,IN,organic
11721,2025-03-27,treatment,IN,paid
11722,2025-04-19,control,Other,paid
11723,2025-04-14,treatment,US,organic
11724,2025-01-06,control,DE,referral
11725,2025-02-22,control,GB,organic
11726,2025-04-27,treatment,BR,organic
11727,2025-05-06,control,US,paid
11728,2025-05-13,treatment,DE,paid
11729,2025-06-29,treatment,IN,partner
11730,2025-05-02,control,GB,organic
11731,2025-04-15,control,IN,organic
11732,2025-03-02,control,US,partner
11733,2025-03-09,treatment,GB,paid
11734,2025-05-30,control,Other,paid
11735,2025-03-26,treatment,US,organic
11736,2025-05-10,treatment,US,organic
11737,2025-01-23,control,Other,partner
11738,2025-01-24,treatment,US,partner
11739,2025-02-09,control,GB,partner
11740,2025-02-05,treatment,DE,referral
11741,2025-04-20,control,IN,paid
11742,2025-04-26,treatment,IN,paid
11743,2025-04-11,control,IN,organic
11744,2025-02-22,treatment,Other,referral
11745,2025-04-15,control,GB,paid
11746,2025-01-22,treatment,DE,paid
11747,2025-03-27,treatment,Other,organic
11748,2025-01-29,treatment,US,organic
11749,2025-01-14,treatment,Other,referral
11750,2025-01-30,control,Other,partner
11751,2025-01-21,control,Other,organic
11752,2025-03-28,control,US,organic
11753,2025-04-09,treatment,BR,partner
11754,2025-04-20,control,PK,paid
11755,2025-03-21,control,GB,paid
11756,2025-02-01,treatment,BR,partner
11757,2025-01-04,control,US,paid
11758,2025-05-09,treatment,US,paid
11759,2025-06-27,control,Other,paid
11760,2025-02-20,control,Other,paid
11761,2025-02-07,treatment,US,organic
11762,2025-02-26,treatment,US,organic
11763,2025-02-08,treatment,BR,paid
11764,2025-02-10,control,US,organic
11765,2025-03-31,control,IN,partner
11766,2025-05-23,control,IN,organic
11767,2025-05-09,control,DE,paid
11768,2025-06-23,treatment,IN,organic
11769,2025-03-06,control,US,organic
11770,2025-03-31,treatment,GB,organic
11771,2025-03-10,treatment,PK,referral
11772,2025-01-08,control,US,organic
11773,2025-03-12,treatment,GB,organic
11774,2025-02-17,control,IN,referral
11775,2025-03-28,treatment,US,paid
11776,2025-01-29,control,DE,referral
11777,2025-05-15,treatment,PK,referral
11778,2025-06-02,control,US,paid
11779,2025-06-23,control,DE,organic
11780,2025-01-16,control,US,organic
11781,2025-01-22,control,IN,organic
11782,2025-06-24,treatment,GB,organic
11783,2025-06-03,control,Other,paid
11784,2025-04-17,treatment,US,referral
11785,2025-02-28,control,PK,paid
11786,2025-04-04,control,PK,organic
11787,2025-04-07,control,IN,referral
11788,2025-06-03,control,IN,organic
11789,2025-04-06,treatment,US,organic
11790,2025-01-05,control,DE,organic
11791,2025-05-07,treatment,GB,referral
11792,2025-05-21,control,US,paid
11793,2025-02-23,control,DE,paid
11794,2025-01-22,control,IN,paid
11795,2025-01-26,treatment,DE,paid
11796,2025-06-02,treatment,Other,organic
11797,2025-03-23,treatment,IN,paid
11798,2025-04-06,control,DE,organic
11799,2025-06-23,control,DE,organic
11800,2025-01-12,treatment,BR,paid
11801,2025-02-07,treatment,DE,organic
11802,2025-05-31,treatment,US,referral
11803,2025-04-08,control,BR,organic
11804,2025-01-05,treatment,IN,organic
11805,2025-05-08,control,GB,paid
11806,2025-01-26,treatment,GB,paid
11807,2025-05-22,control,US,organic
11808,2025-05-25,treatment,GB,referral
11809,2025-05-30,control,US,organic
11810,2025-03-26,treatment,IN,organic
11811,2025-02-18,treatment,IN,organic
11812,2025-06-09,treatment,GB,partner
11813,2025-04-12,control,Other,organic
11814,2025-04-26,control,IN,organic
11815,2025-01-25,treatment,US,organic
11816,2025-04-23,treatment,PK,paid
11817,2025-04-15,treatment,IN,organic
11818,2025-02-22,control,BR,organic
11819,2025-05-19,control,US,referral
11820,2025-01-25,control,PK,referral
11821,2025-05-11,treatment,US,organic
11822,2025-06-23,control,DE,organic
11823,2025-04-13,control,PK,organic
11824,2025-01-19,treatment,PK,partner
11825,2025-04-11,treatment,IN,paid
11826,2025-04-06,treatment,US,organic
11827,2025-04-10,control,GB,paid
11828,2025-02-19,control,Other,organic
11829,2025-04-24,treatment,IN,organic
11830,2025-02-17,control,PK,partner
11831,2025-04-11,treatment,US,organic
11832,2025-04-18,control,Other,organic
11833,2025-04-27,treatment,US,paid
11834,2025-05-25,control,GB,paid
11835,2025-06-09,treatment,PK,organic
11836,2025-05-21,treatment,DE,paid
11837,2025-05-25,control,IN,paid
11838,2025-06-07,control,BR,referral
11839,2025-02-13,control,Other,organic
11840,2025-02-23,treatment,US,organic
11841,2025-04-07,control,US,partner
11842,2025-03-26,control,IN,paid
11843,2025-05-08,treatment,PK,paid
11844,2025-01-02,treatment,Other,paid
11845,2025-01-26,treatment,GB,organic
11846,2025-05-16,control,IN,partner
11847,2025-05-29,treatment,GB,paid
11848,2025-02-24,control,GB,referral
11849,2025-02-26,control,US,paid
11850,2025-04-12,treatment,US,referral
11851,2025-03-28,control,US,organic
11852,2025-01-31,treatment,US,organic
11853,2025-04-01,control,GB,organic
11854,2025-05-29,control,Other,referral
11855,2025-05-13,treatment,US,paid
11856,2025-05-28,control,PK,paid
11857,2025-04-27,treatment,Other,organic
11858,2025-06-08,treatment,DE,paid
11859,2025-02-15,control,IN,paid
11860,2025-01-09,treatment,GB,paid
11861,2025-01-21,treatment,US,paid
11862,2025-06-29,treatment,IN,organic
11863,2025-04-26,control,IN,paid
11864,2025-02-14,treatment,DE,organic
11865,2025-06-04,treatment,Other,organic
11866,2025-02-26,treatment,IN,organic
11867,2025-04-19,control,DE,referral
11868,2025-02-15,control,US,organic
11869,2025-01-18,treatment,Other,organic
11870,2025-02-18,treatment,Other,paid
11871,2025-02-11,treatment,IN,organic
11872,2025-04-11,treatment,IN,referral
11873,2025-01-04,control,BR,referral
11874,2025-02-13,treatment,US,paid
11875,2025-04-13,control,Other,organic
11876,2025-03-13,control,IN,organic
11877,2025-04-26,control,BR,organic
11878,2025-04-29,treatment,IN,paid
11879,2025-06-24,control,BR,organic
11880,2025-06-01,control,US,referral
11881,2025-02-11,control,IN,partner
11882,2025-05-06,control,US,paid
11883,2025-04-24,treatment,US,organic
11884,2025-04-18,control,US,referral
11885,2025-05-25,control,GB,organic
11886,2025-01-27,control,Other,partner
11887,2025-03-09,treatment,US,organic
11888,2025-05-28,treatment,GB,paid
11889,2025-06-11,treatment,IN,organic
11890,2025-01-07,control,Other,paid
11891,2025-03-27,control,IN,organic
11892,2025-02-17,control,Other,organic
11893,2025-01-31,treatment,IN,organic
11894,2025-01-11,control,IN,organic
11895,2025-04-08,control,DE,organic
11896,2025-05-01,treatment,GB,referral
11897,2025-04-07,treatment,DE,organic
11898,2025-03-08,control,IN,paid
11899,2025-05-20,treatment,IN,organic
11900,2025-04-29,control,IN,paid
11901,2025-06-14,control,IN,partner
11902,2025-03-04,control,IN,organic
11903,2025-02-13,treatment,US,partner
11904,2025-03-24,control,GB,paid
11905,2025-04-02,treatment,BR,paid
11906,2025-03-24,control,US,organic
11907,2025-05-31,treatment,Other,partner
11908,2025-01-09,treatment,US,referral
11909,2025-04-06,treatment,US,organic
11910,2025-03-19,treatment,IN,organic
11911,2025-02-08,treatment,US,organic
11912,2025-04-27,treatment,BR,organic
11913,2025-05-26,control,US,organic
11914,2025-04-09,treatment,US,partner
11915,2025-01-16,control,IN,referral
11916,2025-01-14,control,GB,organic
11917,2025-03-18,treatment,BR,organic
11918,2025-05-01,control,US,paid
11919,2025-02-26,treatment,BR,partner
11920,2025-02-25,control,DE,referral
11921,2025-06-05,control,US,referral
11922,2025-01-03,treatment,IN,referral
11923,2025-01-15,treatment,BR,paid
11924,2025-01-29,control,Other,organic
11925,2025-06-28,treatment,PK,referral
11926,2025-04-01,control,BR,paid
11927,2025-01-29,control,US,referral
11928,2025-02-26,treatment,IN,paid
11929,2025-06-25,treatment,BR,organic
11930,2025-05-06,treatment,PK,organic
11931,2025-02-10,control,BR,referral
11932,2025-02-13,control,US,organic
11933,2025-01-14,control,PK,organic
11934,2025-05-20,treatment,PK,paid
11935,2025-01-25,control,US,organic
11936,2025-02-21,control,IN,paid
11937,2025-03-05,control,BR,paid
11938,2025-04-23,treatment,BR,paid
11939,2025-04-20,control,Other,partner
11940,2025-05-25,treatment,US,organic
11941,2025-02-23,treatment,US,partner
11942,2025-03-11,control,US,referral
11943,2025-03-12,control,Other,referral
11944,2025-01-09,control,US,referral
11945,2025-05-14,treatment,IN,organic
11946,2025-04-07,treatment,PK,paid
11947,2025-03-28,control,PK,organic
11948,2025-06-30,treatment,US,paid
11949,2025-02-02,control,US,organic
11950,2025-06-25,treatment,Other,organic
11951,2025-05-04,treatment,BR,partner
11952,2025-02-10,treatment,US,partner
11953,2025-05-03,control,US,paid
11954,2025-05-17,control,PK,paid
11955,2025-03-07,treatment,Other,referral
11956,2025-03-04,control,BR,partner
11957,2025-06-01,treatment,GB,organic
11958,2025-01-30,treatment,IN,organic
11959,2025-01-03,treatment,US,partner
11960,2025-05-01,treatment,Other,organic
11961,2025-06-14,treatment,US,paid
11962,2025-04-01,treatment,US,paid
11963,2025-01-25,control,GB,paid
11964,2025-04-08,treatment,US,organic
11965,2025-02-15,control,GB,paid
11966,2025-05-30,treatment,IN,paid
11967,2025-04-21,treatment,DE,partner
11968,2025-03-02,treatment,IN,paid
11969,2025-04-24,control,US,partner
11970,2025-05-01,control,GB,organic
11971,2025-05-03,treatment,BR,organic
11972,2025-03-08,treatment,BR,partner
11973,2025-04-14,control,US,organic
11974,2025-01-08,treatment,PK,organic
11975,2025-03-15,treatment,US,organic
11976,2025-03-10,treatment,US,paid
11977,2025-04-07,treatment,US,referral
11978,2025-06-21,treatment,IN,partner
11979,2025-06-22,treatment,US,organic
11980,2025-03-29,control,US,organic
11981,2025-04-27,treatment,DE,organic
11982,2025-01-20,treatment,GB,partner
11983,2025-03-29,treatment,US,paid
11984,2025-05-05,treatment,IN,organic
11985,2025-05-04,treatment,IN,organic
11986,2025-06-24,control,US,organic
11987,2025-03-26,control,US,paid
11988,2025-06-14,control,GB,paid
11989,2025-06-27,treatment,Other,paid
11990,2025-04-14,treatment,IN,paid
11991,2025-01-17,control,GB,organic
11992,2025-03-10,control,Other,paid
11993,2025-05-19,treatment,DE,paid
11994,2025-04-16,control,GB,organic
11995,2025-06-19,control,Other,paid
11996,2025-05-28,control,IN,referral
11997,2025-01-12,treatment,BR,paid
11998,2025-06-05,treatment,IN,paid
11999,2025-03-06,treatment,Other,paid
12000,2025-05-29,control,US,organic
